ticker,side,tier,fem,mode,entry,stop,t1,t2,shares,rr,last_px,high,low,volume,chg_pct,outcome,result_r,spy_regime,entry_type,n_gaps_above,gap_above_conviction,checked_at,scan_date
AIM,LONG,CONVICTION,100.0,BULL_BOUNCE_PENDING,0.58,0.55,0.61,,3432,1.0,0.8999999761581421,1.25,0.47999998927116394,359966000.0,54.45,STOPPED,-1.0,FAVORABLE,MARKET,1,MINOR,2026-07-16_1722,2026-06-01
MASK,LONG,CONVICTION,100.0,BULL_BOUNCE_PENDING,5.54,5.26,6.3,,361,2.73,5.449999809265137,7.059999942779541,4.730000019073486,27263900.0,-1.62,STOPPED,-1.0,FAVORABLE,MARKET,2,MINOR,2026-07-16_1722,2026-06-01
IOT,LONG,CONVICTION,100.0,BULL_BOUNCE_PENDING,38.05,34.82,43.65,,30,1.73,38.54999923706055,38.77000045776367,35.625,10327100.0,1.31,CLOSED,0.15,FAVORABLE,MARKET,5,COMPRESSION,2026-07-16_1722,2026-06-01
NTNX,LONG,CONVICTION,100.0,BULL_BOUNCE_PENDING,55.84,51.81,62.12,,24,1.56,55.869998931884766,56.02000045776367,53.5,5686800.0,0.05,CLOSED,0.01,FAVORABLE,MARKET,2,CONVICTION,2026-07-16_1722,2026-06-01
PENG,LONG,CONVICTION,100.0,BULL_BOUNCE_PENDING,58.46,55.54,61.38,,34,1.0,59.709999084472656,61.25,54.5,3104900.0,2.14,STOPPED,-1.0,FAVORABLE,MARKET,1,MINOR,2026-07-16_1722,2026-06-01
QTWO,LONG,CONVICTION,100.0,BULL_BOUNCE_PENDING,51.14,47.11,53.7,,24,0.64,52.56999969482422,52.65999984741211,48.470001220703125,1503100.0,2.8,CLOSED,0.35,FAVORABLE,MARKET,5,CONVICTION,2026-07-16_1722,2026-06-01
TGHL,LONG,CONVICTION,100.0,BULL_BOUNCE_PENDING,1.71,1.63,1.8,,1168,1.0,1.350000023841858,2.4800000190734863,1.2999999523162842,133040100.0,-21.1,STOPPED,-1.0,FAVORABLE,MARKET,2,MINOR,2026-07-16_1722,2026-06-01
CEVA,LONG,CONVICTION,100.0,BULL_BOUNCE_PENDING,43.14,39.23,45.3,,25,0.55,44.709999084472656,45.41999816894531,40.43000030517578,1558800.0,3.64,TARGET_HIT,1.5,FAVORABLE,MARKET,2,MINOR,2026-07-16_1722,2026-06-01
POET,LONG,CONVICTION,100.0,BULL_BOUNCE_PENDING,14.19,13.48,14.9,,140,1.0,13.890000343322754,14.430000305175781,11.619999885559082,46537400.0,-2.11,STOPPED,-1.0,FAVORABLE,MARKET,4,MINOR,2026-07-16_1722,2026-06-01
BRZE,LONG,CONVICTION,100.0,BULL_BOUNCE_PENDING,27.91,25.5,31.7,,41,1.57,28.270000457763672,28.719999313354492,26.2450008392334,6401000.0,1.29,CLOSED,0.15,FAVORABLE,MARKET,5,COMPRESSION,2026-07-16_1722,2026-06-01
HNGE,LONG,CONVICTION,100.0,BULL_BOUNCE_PENDING,60.1,55.93,63.11,,23,0.72,60.91999816894531,62.07500076293945,55.150001525878906,3356900.0,1.36,STOPPED,-1.0,FAVORABLE,MARKET,0,NONE,2026-07-16_1722,2026-06-01
FORM,LONG,CONVICTION,100.0,BULL_BOUNCE_PENDING,117.83,111.94,133.02,131.51,16,2.58,115.06999969482422,121.25,113.80000305175781,2667100.0,-2.34,CLOSED_LOSS,-0.47,FAVORABLE,MARKET,5,CONVICTION,2026-07-16_1722,2026-06-01
WOLF,LONG,CONVICTION,100.0,BULL_BOUNCE_PENDING,51.54,48.96,58.62,58.38,38,2.75,52.95000076293945,59.064998626708984,49.65999984741211,11534300.0,2.74,TARGET_HIT,1.5,FAVORABLE,MARKET,5,CONVICTION,2026-07-16_1722,2026-06-01
MNDY,LONG,CONVICTION,99.8,BULL_BOUNCE_PENDING,95.37,90.6,109.58,,20,2.98,95.47000122070312,97.30000305175781,87.33000183105469,4003200.0,0.1,STOPPED,-1.0,FAVORABLE,MARKET,2,CONVICTION,2026-07-16_1722,2026-06-01
SMCI,LONG,CONVICTION,99.0,BULL_BOUNCE_PENDING,47.19,44.83,49.55,,42,1.0,46.880001068115234,48.08000183105469,45.65999984741211,50422400.0,-0.66,CLOSED_LOSS,-0.13,FAVORABLE,MARKET,1,VACUUM,2026-07-16_1722,2026-06-01
RNG,LONG,CONVICTION,98.1,BULL_BOUNCE_PENDING,48.5,46.07,50.93,,41,1.0,49.099998474121094,49.849998474121094,43.25,2388100.0,1.24,STOPPED,-1.0,FAVORABLE,MARKET,1,MINOR,2026-07-16_1722,2026-06-01
SMMT,LONG,CONVICTION,98.0,BULL_BOUNCE_PENDING,16.38,15.56,18.54,18.34,122,2.64,15.710000038146973,16.84000015258789,15.170000076293945,19587400.0,-4.06,STOPPED,-1.0,FAVORABLE,MARKET,5,COMPRESSION,2026-07-16_1722,2026-06-01
FTRE,LONG,CONVICTION,97.4,BULL_BOUNCE_PENDING,14.85,14.11,16.56,16.86,134,2.3,15.760000228881836,16.075000762939453,14.765000343322754,1714400.0,6.13,CLOSED,1.23,FAVORABLE,MARKET,5,COMPRESSION,2026-07-16_1722,2026-06-01
FPS,LONG,CONVICTION,97.0,BULL_BOUNCE_PENDING,55.08,52.33,57.83,,36,1.0,56.349998474121094,58.02000045776367,52.66999816894531,12499400.0,2.31,TARGET_HIT,1.5,FAVORABLE,MARKET,5,MINOR,2026-07-16_1722,2026-06-01
OKTA,LONG,CONVICTION,96.5,BULL_BOUNCE_PENDING,140.89,133.85,147.93,,14,1.0,139.7899932861328,142.35000610351562,128.2899932861328,9806300.0,-0.78,STOPPED,-1.0,FAVORABLE,MARKET,0,NONE,2026-07-16_1722,2026-06-01
RDW,LONG,CONVICTION,95.0,BULL_BOUNCE_PENDING,20.73,19.69,22.6,23.28,96,1.81,20.68000030517578,22.770000457763672,20.299999237060547,57167500.0,-0.22,TARGET_HIT,1.5,FAVORABLE,MARKET,5,CONVICTION,2026-07-16_1722,2026-06-01
NESR,LONG,CONVICTION,95.0,BULL_BOUNCE_PENDING,24.5,23.27,26.57,,81,1.69,24.399999618530273,25.0,23.739999771118164,2144400.0,-0.41,CLOSED_LOSS,-0.08,FAVORABLE,MARKET,5,MINOR,2026-07-16_1722,2026-06-01
RAMP,LONG,CONVICTION,93.8,BULL_BOUNCE_PENDING,37.6,35.72,39.48,,53,1.0,37.58000183105469,37.75,37.560001373291016,1969900.0,-0.05,CLOSED_LOSS,-0.01,FAVORABLE,MARKET,5,MINOR,2026-07-16_1722,2026-06-01
NOW,LONG,CONVICTION,93.0,BULL_BOUNCE_PENDING,136.1,123.75,155.5,,8,1.57,135.86000061035156,139.1999969482422,131.61000061035156,68789000.0,-0.18,CLOSED_LOSS,-0.02,FAVORABLE,MARKET,5,COMPRESSION,2026-07-16_1722,2026-06-01
DOCU,LONG,CONVICTION,92.6,BULL_BOUNCE_PENDING,56.14,52.26,63.99,,25,2.02,57.02000045776367,57.290000915527344,53.119998931884766,4910000.0,1.57,CLOSED,0.23,FAVORABLE,MARKET,5,COMPRESSION,2026-07-16_1722,2026-06-01
ZETA,LONG,CONVICTION,92.5,BULL_BOUNCE_PENDING,25.05,22.78,26.31,,43,0.55,25.219999313354492,25.73699951171875,23.360000610351562,20518600.0,0.66,CLOSED,0.07,FAVORABLE,MARKET,1,MINOR,2026-07-16_1722,2026-06-01
HPE,LONG,CONVICTION,92.2,BULL_BOUNCE_PENDING,45.54,42.82,47.82,,36,0.84,47.0,47.970001220703125,43.400001525878906,115597800.0,3.21,TARGET_HIT,1.5,FAVORABLE,MARKET,1,MINOR,2026-07-16_1722,2026-06-01
CRML,LONG,CONVICTION,91.3,BULL_BOUNCE_PENDING,12.22,11.61,12.83,,163,1.0,12.170000076293945,12.404999732971191,10.65999984741211,13826700.0,-0.41,STOPPED,-1.0,FAVORABLE,MARKET,2,MINOR,2026-07-16_1722,2026-06-01
KXIAY,LONG,CONVICTION,91.0,BULL_BOUNCE_PENDING,46.88,44.53,49.22,,42,1.0,47.849998474121094,48.79999923706055,45.2400016784668,2195099.0,2.08,CLOSED,0.41,FAVORABLE,MARKET,0,NONE,2026-07-16_1722,2026-06-01
AEVA,LONG,CONVICTION,91.0,BULL_BOUNCE_PENDING,28.03,26.63,29.43,,71,1.0,27.809999465942383,28.920000076293945,27.18000030517578,1949600.0,-0.78,CLOSED_LOSS,-0.16,FAVORABLE,MARKET,3,MINOR,2026-07-16_1722,2026-06-01
BKSY,LONG,CONVICTION,91.0,BULL_BOUNCE_PENDING,41.52,38.24,46.5,,30,1.52,42.380001068115234,46.98699951171875,41.0,2909900.0,2.07,TARGET_HIT,1.5,FAVORABLE,MARKET,5,CONVICTION,2026-07-16_1722,2026-06-01
GLOB,LONG,CONVICTION,90.5,BULL_BOUNCE_PENDING,43.75,40.13,50.26,,27,1.8,44.439998626708984,44.63999938964844,40.79999923706055,2527500.0,1.58,CLOSED,0.19,FAVORABLE,MARKET,5,VACUUM,2026-07-16_1722,2026-06-01
WDAY,LONG,CONVICTION,90.3,BULL_BOUNCE_PENDING,158.09,145.46,178.82,,7,1.64,157.22999572753906,158.63999938964844,149.05999755859375,9317500.0,-0.54,CLOSED_LOSS,-0.07,FAVORABLE,MARKET,5,CONVICTION,2026-07-16_1722,2026-06-01
NUVL,LONG,CONVICTION,90.0,BULL_BOUNCE_PENDING,99.63,96.11,111.01,112.21,28,3.23,93.01000213623047,110.52999877929688,92.48999786376953,2945029.0,-6.64,STOPPED,-1.0,FAVORABLE,MARKET,5,VACUUM,2026-07-16_1722,2026-06-01
AMC,LONG,CONVICTION,89.3,BULL_BOUNCE_PENDING,2.09,1.89,2.19,,488,0.51,2.119999885559082,2.2200000286102295,1.7799999713897705,116932700.0,11.29,STOPPED,-1.0,FAVORABLE,STOP,5,COMPRESSION,2026-07-16_1722,2026-06-01
IMRX,LONG,CONVICTION,89.3,BULL_BOUNCE_PENDING,5.69,4.88,5.97,,122,0.35,4.494999885559082,5.678999900817871,4.335000038146973,8965100.0,1.58,STOPPED,-1.0,FAVORABLE,STOP,5,COMPRESSION,2026-07-16_1722,2026-06-01
API,LONG,CONVICTION,89.1,BULL_BOUNCE_PENDING,4.85,4.47,5.09,,262,0.64,4.75,4.849999904632568,4.25,1674300.0,1.39,STOPPED,-1.0,FAVORABLE,STOP,3,MINOR,2026-07-16_1722,2026-06-01
INTC,LONG,CONVICTION,89.0,BULL_BOUNCE_PENDING,109.2,97.05,114.66,,8,0.45,109.33000183105469,113.30000305175781,106.33000183105469,134900400.0,-1.88,CLOSED,0.01,FAVORABLE,LIMIT,5,VACUUM,2026-07-16_1722,2026-06-01
UMAC,LONG,CONVICTION,89.0,BULL_BOUNCE_PENDING,28.26,18.74,29.68,,10,0.15,28.8799991607666,32.0,27.402999877929688,11031300.0,0.14,TARGET_HIT,1.5,FAVORABLE,LIMIT,3,VACUUM,2026-07-16_1722,2026-06-01
EFOR,LONG,CONVICTION,89.0,BULL_BOUNCE_PENDING,23.47,21.6,24.64,,53,0.63,23.200000762939453,23.639999389648438,21.8799991607666,1333400.0,0.61,CLOSED_LOSS,-0.14,FAVORABLE,STOP,0,NONE,2026-07-16_1722,2026-06-01
TTAN,LONG,CONVICTION,89.0,BULL_BOUNCE_PENDING,78.19,72.56,82.1,,17,0.69,77.68000030517578,78.43000030517578,72.9000015258789,2130900.0,1.13,CLOSED_LOSS,-0.09,FAVORABLE,STOP,2,MINOR,2026-07-16_1722,2026-06-01
JZXN,LONG,CONVICTION,89.0,BULL_BOUNCE_PENDING,1.21,1.09,1.27,,841,0.51,1.340000033378601,2.359999895095825,1.159999966621399,13471400.0,8.5,TARGET_HIT,1.5,FAVORABLE,LIMIT,1,MINOR,2026-07-16_1722,2026-06-01
SMTC,LONG,CONVICTION,89.0,BULL_BOUNCE_PENDING,148.47,136.95,155.89,,8,0.64,149.5800018310547,154.5,144.5500030517578,3975000.0,-1.27,CLOSED,0.1,FAVORABLE,LIMIT,5,VACUUM,2026-07-16_1722,2026-06-01
ACMR,LONG,CONVICTION,89.0,BULL_BOUNCE_PENDING,79.7,72.98,91.31,,14,1.73,82.05000305175781,86.48999786376953,80.91999816894531,1853500.0,0.89,NO_FILL,0.0,FAVORABLE,LIMIT,5,CONVICTION,2026-07-16_1722,2026-06-01
MU,LONG,CONVICTION,88.7,BULL_BOUNCE_PENDING,1048.02,966.14,1100.42,,1,0.64,1035.5,1046.969970703125,1009.5,46552100.0,0.88,CLOSED_LOSS,-0.15,FAVORABLE,STOP,3,MINOR,2026-07-16_1722,2026-06-01
FIVN,LONG,CONVICTION,88.4,BULL_BOUNCE_PENDING,26.96,24.52,28.31,,41,0.55,26.260000228881836,26.93000030517578,24.049999237060547,4857100.0,-1.39,STOPPED,-1.0,FAVORABLE,STOP,1,MINOR,2026-07-16_1722,2026-06-01
BILL,LONG,CONVICTION,88.4,BULL_BOUNCE_PENDING,40.01,36.94,42.01,,32,0.65,39.5099983215332,39.970001220703125,36.7400016784668,3549700.0,0.15,STOPPED,-1.0,FAVORABLE,STOP,5,COMPRESSION,2026-07-16_1722,2026-06-01
FROG,LONG,CONVICTION,88.3,BULL_BOUNCE_PENDING,83.35,78.59,87.52,,21,0.88,88.30999755859375,88.56999969482422,79.81999969482422,4130500.0,3.83,TARGET_HIT,1.5,FAVORABLE,LIMIT,0,NONE,2026-07-16_1722,2026-06-01
CRE,LONG,CONVICTION,88.2,BULL_BOUNCE_PENDING,3.74,3.32,3.93,,237,0.44,3.2899999618530273,3.740000009536743,2.9600000381469727,7155700.0,-0.0,STOPPED,-1.0,FAVORABLE,STOP,5,MINOR,2026-07-16_1722,2026-06-01
MSFT,LONG,CONVICTION,88.2,BULL_BOUNCE_PENDING,466.79,448.58,495.37,530.48,5,1.57,460.5199890136719,466.32000732421875,458.2699890136719,53628900.0,-0.24,CLOSED_LOSS,-0.34,FAVORABLE,STOP,5,VACUUM,2026-07-16_1722,2026-06-01
GTLB,LONG,CONVICTION,88.2,BULL_BOUNCE_PENDING,33.88,31.08,35.57,,35,0.6,33.790000915527344,34.060001373291016,31.190000534057617,11376600.0,1.81,CLOSED_LOSS,-0.03,FAVORABLE,STOP,5,COMPRESSION,2026-07-16_1722,2026-06-01
NNE,LONG,CONVICTION,88.0,BULL_BOUNCE_PENDING,29.96,26.6,31.46,,29,0.45,29.700000762939453,31.049999237060547,27.56999969482422,3603100.0,-2.85,CLOSED_LOSS,-0.08,FAVORABLE,LIMIT,2,COMPRESSION,2026-07-16_1722,2026-06-01
DGXX,LONG,CONVICTION,88.0,BULL_BOUNCE_PENDING,7.78,6.6,8.17,,84,0.33,8.039999961853027,8.199999809265137,7.28000020980835,9287500.0,1.32,TARGET_HIT,1.5,FAVORABLE,LIMIT,5,MINOR,2026-07-16_1722,2026-06-01
PRGS,LONG,CONVICTION,87.9,BULL_BOUNCE_PENDING,35.22,33.04,38.9,,45,1.69,35.31999969482422,35.380001068115234,33.099998474121094,1074700.0,0.91,CLOSED,0.05,FAVORABLE,STOP,5,COMPRESSION,2026-07-16_1722,2026-06-01
PHR,LONG,CONVICTION,87.8,BULL_BOUNCE_CONFIRMED,10.3,9.4,10.82,,111,0.57,10.65999984741211,10.65999984741211,9.710000038146973,2207500.0,3.5,CLOSED,0.4,FAVORABLE,LIMIT,2,MINOR,2026-07-16_1722,2026-06-01
CVLT,LONG,CONVICTION,87.5,BULL_BOUNCE_PENDING,123.78,118.16,134.42,138.85,17,1.89,122.38999938964844,123.66000366210938,118.0,888400.0,-0.56,STOPPED,-1.0,FAVORABLE,STOP,3,CONVICTION,2026-07-16_1722,2026-06-01
RBRK,LONG,CONVICTION,87.0,CHANNEL_GAP_BREAKOUT_LONG,84.23,80.87,94.56,,29,3.07,85.06999969482422,86.45500183105469,79.1500015258789,7184400.0,0.99,STOPPED,-1.0,FAVORABLE,LIMIT,5,CONVICTION,2026-07-16_1722,2026-06-01
UIS,LONG,CONVICTION,87.0,BULL_BOUNCE_PENDING,4.74,4.53,5.15,5.27,460,1.87,4.78000020980835,4.980000019073486,4.519999980926514,2543800.0,-1.24,STOPPED,-1.0,FAVORABLE,LIMIT,4,MINOR,2026-07-16_1722,2026-06-01
VOYG,LONG,CONVICTION,86.3,BULL_BOUNCE_PENDING,44.58,39.37,46.81,,19,0.43,47.4900016784668,48.4900016784668,44.09000015258789,2646000.0,4.4,TARGET_HIT,1.5,FAVORABLE,LIMIT,5,CONVICTION,2026-07-16_1722,2026-06-01
SOFI,LONG,CONVICTION,85.1,BULL_BOUNCE_PENDING,18.81,17.48,21.18,,75,1.78,18.579999923706055,18.795000076293945,17.690000534057617,96709700.0,0.68,CLOSED_LOSS,-0.17,FAVORABLE,STOP,5,MINOR,2026-07-16_1722,2026-06-01
SYM,SHORT,CONVICTION,85.0,BEAR_REJECTION_PENDING,48.36,53.26,45.95,,20,0.49,48.400001525878906,48.59000015258789,45.349998474121094,3694900.0,2.08,TARGET_HIT,1.5,FAVORABLE,LIMIT,5,CONVICTION,2026-07-16_1722,2026-06-01
SEDG,LONG,CONVICTION,85.0,BULL_BOUNCE_PENDING,72.47,61.64,76.09,,9,0.33,75.80000305175781,76.93000030517578,69.52100372314453,3097200.0,2.5,TARGET_HIT,1.5,FAVORABLE,LIMIT,5,CONVICTION,2026-07-16_1722,2026-06-01
OCS,SHORT,CONVICTION,85.0,BEAR_REJECTION_PENDING,15.28,22.82,14.52,,13,0.1,14.510000228881836,16.0,13.805000305175781,6679700.0,-3.14,TARGET_HIT,1.5,FAVORABLE,LIMIT,5,CONVICTION,2026-07-16_1722,2026-06-01
NXT,LONG,CONVICTION,84.7,BULL_BOUNCE_PENDING,153.15,136.48,160.81,,6,0.46,145.02000427246094,153.0,141.49000549316406,2507600.0,-1.74,CLOSED_LOSS,-0.49,FAVORABLE,STOP,5,CONVICTION,2026-07-16_1722,2026-06-01
AMKR,LONG,CONVICTION,84.7,BULL_BOUNCE_PENDING,69.29,65.18,75.66,80.0,24,1.55,72.75,73.62000274658203,66.95999908447266,5275700.0,2.9,CLOSED,0.84,FAVORABLE,LIMIT,5,VACUUM,2026-07-16_1722,2026-06-01
FUTU,LONG,CONVICTION,84.7,BULL_BOUNCE_PENDING,101.42,89.31,106.49,,8,0.42,102.8499984741211,104.29000091552734,99.0,3666600.0,-0.62,CLOSED,0.12,FAVORABLE,LIMIT,5,COMPRESSION,2026-07-16_1722,2026-06-01
BLSH,SHORT,CONVICTION,84.5,BEAR_REJECTION_PENDING,33.6,35.08,31.92,,67,1.13,32.119998931884766,34.084999084472656,31.93000030517578,2299000.0,-2.5,CLOSED,1.0,FAVORABLE,LIMIT,5,CONVICTION,2026-07-16_1722,2026-06-01
OUST,LONG,CONVICTION,84.1,BULL_BOUNCE_PENDING,44.11,42.66,46.56,,69,1.69,44.93000030517578,46.29999923706055,43.7599983215332,3726700.0,-0.18,CLOSED,0.57,FAVORABLE,LIMIT,3,MINOR,2026-07-16_1722,2026-06-01
GRAL,LONG,CONVICTION,84.1,BULL_BOUNCE_PENDING,63.86,56.11,67.05,,12,0.41,64.4000015258789,65.2300033569336,54.52000045776367,2612600.0,9.36,STOPPED,-1.0,FAVORABLE,STOP,5,CONVICTION,2026-07-16_1722,2026-06-01
CIEN,LONG,CONVICTION,84.0,BULL_BOUNCE_PENDING,551.65,534.77,582.81,608.61,5,1.85,569.6099853515625,579.969970703125,552.5900268554688,2894200.0,1.19,NO_FILL,0.0,FAVORABLE,LIMIT,5,CONVICTION,2026-07-16_1722,2026-06-01
EPAM,LONG,CONVICTION,84.0,BULL_BOUNCE_CONFIRMED,107.02,102.37,121.13,,21,3.03,108.76000213623047,111.36000061035156,103.37000274658203,16724500.0,1.63,CLOSED,0.37,FAVORABLE,LIMIT,2,VACUUM,2026-07-16_1722,2026-06-01
AMBA,LONG,CONVICTION,84.0,BULL_BOUNCE_PENDING,73.7,69.04,82.52,,21,1.9,75.66999816894531,77.98999786376953,72.25,2897300.0,0.62,CLOSED,0.42,FAVORABLE,LIMIT,5,CONVICTION,2026-07-16_1722,2026-06-01
ETSY,LONG,CONVICTION,84.0,BULL_BOUNCE_PENDING,69.76,66.08,73.25,,27,0.95,69.0,69.98999786376953,67.77999877929688,3737700.0,0.7,CLOSED_LOSS,-0.21,FAVORABLE,STOP,5,CONVICTION,2026-07-16_1722,2026-06-01
BKKT,LONG,CONVICTION,84.0,BULL_BOUNCE_PENDING,10.18,8.68,10.68,,66,0.34,10.5,10.842000007629395,9.949999809265137,1923700.0,1.13,TARGET_HIT,1.5,FAVORABLE,LIMIT,5,COMPRESSION,2026-07-16_1722,2026-06-01
RCUS,LONG,CONVICTION,83.3,BULL_BOUNCE_CONFIRMED,25.06,23.38,26.31,,59,0.75,25.670000076293945,26.149999618530273,24.5,1450100.0,2.43,CLOSED,0.36,FAVORABLE,LIMIT,5,MINOR,2026-07-16_1722,2026-06-01
AMPL,LONG,CONVICTION,83.0,BULL_BOUNCE_PENDING,8.75,8.12,9.71,,157,1.51,8.779999732971191,8.869999885559082,7.929999828338623,4583000.0,3.84,STOPPED,-1.0,FAVORABLE,STOP,5,COMPRESSION,2026-07-16_1722,2026-06-01
ADTN,LONG,CONVICTION,83.0,BULL_BOUNCE_PENDING,17.95,16.02,18.85,,51,0.46,17.8700008392334,17.93000030517578,16.3799991607666,3816400.0,5.86,CLOSED_LOSS,-0.04,FAVORABLE,STOP,5,MINOR,2026-07-16_1722,2026-06-01
CXDO,LONG,CONVICTION,83.0,BULL_BOUNCE_CONFIRMED,10.09,9.69,10.59,,247,1.25,10.470000267028809,11.229999542236328,9.800000190734863,3313000.0,3.77,TARGET_HIT,1.5,FAVORABLE,LIMIT,2,MINOR,2026-07-16_1722,2026-06-01
CENX,LONG,CONVICTION,83.0,BULL_BOUNCE_PENDING,64.37,59.72,67.59,,21,0.69,63.90999984741211,66.70999908447266,63.40999984741211,1946500.0,-2.7,CLOSED_LOSS,-0.1,FAVORABLE,LIMIT,4,MINOR,2026-07-16_1722,2026-06-01
DOCN,LONG,CONVICTION,82.9,BULL_BOUNCE_PENDING,169.8,155.17,178.29,,6,0.58,173.4499969482422,174.38499450683594,156.25,5450500.0,4.08,CLOSED,0.25,FAVORABLE,STOP,0,NONE,2026-07-16_1722,2026-06-01
BLZE,LONG,CONVICTION,82.7,CHANNEL_GAP_BREAKOUT_LONG,9.02,8.58,10.0,,229,2.26,9.109999656677246,9.25,8.109999656677246,2688700.0,1.05,STOPPED,-1.0,FAVORABLE,LIMIT,1,MINOR,2026-07-16_1722,2026-06-01
BBBY,LONG,CONVICTION,82.6,CHANNEL_GAP_BREAKOUT_LONG,6.07,5.76,6.37,,329,1.0,6.309999942779541,6.46999979019165,6.03000020980835,3926400.0,4.04,TARGET_HIT,1.5,FAVORABLE,LIMIT,5,MINOR,2026-07-16_1722,2026-06-01
NTSK,LONG,CONVICTION,82.5,BULL_BOUNCE_PENDING,13.26,12.21,13.92,,95,0.63,12.859999656677246,13.289999961853027,12.220000267028809,7236000.0,-2.02,CLOSED_LOSS,-0.38,FAVORABLE,STOP,5,COMPRESSION,2026-07-16_1722,2026-06-01
AVPT,LONG,CONVICTION,82.5,BULL_BOUNCE_PENDING,11.63,10.93,12.8,,143,1.68,11.520000457763672,11.614999771118164,11.130000114440918,2841600.0,-0.26,CLOSED_LOSS,-0.16,FAVORABLE,STOP,5,COMPRESSION,2026-07-16_1722,2026-06-01
MX,LONG,CONVICTION,82.3,BULL_BOUNCE_PENDING,8.54,7.15,8.97,,72,0.31,7.829999923706055,8.529999732971191,7.440000057220459,8089600.0,1.23,CLOSED_LOSS,-0.51,FAVORABLE,STOP,5,MINOR,2026-07-16_1722,2026-06-01
BAND,LONG,CONVICTION,82.1,BULL_BOUNCE_PENDING,71.82,65.27,75.41,,15,0.55,70.88999938964844,71.76000213623047,62.7599983215332,1739000.0,5.62,STOPPED,-1.0,FAVORABLE,STOP,0,NONE,2026-07-16_1722,2026-06-01
AAP,LONG,CONVICTION,82.1,BULL_BOUNCE_PENDING,58.66,50.98,61.6,,13,0.38,59.29999923706055,62.31999969482422,59.18000030517578,2458300.0,-0.94,NO_FILL,0.0,FAVORABLE,LIMIT,5,MINOR,2026-07-16_1722,2026-06-01
CXAI,LONG,CONVICTION,82.0,BULL_BOUNCE_PENDING,0.25,0.21,0.26,,2441,0.31,0.20499999821186066,0.25,0.1979999989271164,62008800.0,-7.28,STOPPED,-1.0,FAVORABLE,STOP,5,MINOR,2026-07-16_1722,2026-06-01
XTIA,LONG,CONVICTION,82.0,BULL_BOUNCE_PENDING,2.2,1.92,2.31,,352,0.39,2.130000114440918,2.200000047683716,1.9500000476837158,8630400.0,1.91,CLOSED_LOSS,-0.25,FAVORABLE,STOP,4,MINOR,2026-07-16_1722,2026-06-01
NOK,LONG,CONVICTION,81.9,BULL_BOUNCE_PENDING,15.48,14.11,16.26,,72,0.56,16.25,16.520000457763672,14.930000305175781,172998700.0,2.85,TARGET_HIT,1.5,FAVORABLE,LIMIT,5,MINOR,2026-07-16_1722,2026-06-01
ONCY,LONG,CONVICTION,81.2,BULL_BOUNCE_PENDING,1.18,1.08,1.24,,978,0.58,1.059999942779541,1.1799999475479126,1.0499999523162842,6403100.0,-6.2,STOPPED,-1.0,FAVORABLE,STOP,5,MINOR,2026-07-16_1722,2026-06-01
IBM,LONG,CONVICTION,81.0,BULL_BOUNCE_PENDING,328.31,309.25,344.73,,5,0.86,320.4200134277344,327.9800109863281,308.0,32880200.0,-1.15,STOPPED,-1.0,FAVORABLE,STOP,5,MINOR,2026-07-16_1722,2026-06-01
PANW,LONG,CONVICTION,81.0,BULL_BOUNCE_PENDING,299.53,280.28,314.51,,5,0.78,300.4800109863281,302.95001220703125,283.79998779296875,13714500.0,2.21,CLOSED,0.05,FAVORABLE,STOP,0,NONE,2026-07-16_1722,2026-06-01
RPD,LONG,CONVICTION,81.0,BULL_BOUNCE_PENDING,8.88,8.34,9.32,,184,0.82,8.739999771118164,8.960000038146973,8.335000038146973,2845400.0,-1.24,STOPPED,-1.0,FAVORABLE,STOP,2,MINOR,2026-07-16_1722,2026-06-01
TMHC,LONG,CONVICTION,81.0,BULL_BOUNCE_PENDING,71.88,68.16,75.47,,26,0.97,71.55000305175781,71.80999755859375,71.5,21765400.0,-0.12,CLOSED_LOSS,-0.09,FAVORABLE,STOP,5,MINOR,2026-07-16_1722,2026-06-01
AVNS,LONG,CONVICTION,81.0,BULL_BOUNCE_CONFIRMED,25.14,13.45,26.4,,8,0.11,25.049999237060547,25.489999771118164,25.049999237060547,3534200.0,-0.37,CLOSED_LOSS,-0.01,FAVORABLE,LIMIT,4,MINOR,2026-07-16_1722,2026-06-01
VERX,LONG,CONVICTION,80.6,BULL_BOUNCE_PENDING,14.84,13.67,15.58,,85,0.63,14.960000038146973,14.960000038146973,13.65999984741211,2439800.0,3.31,STOPPED,-1.0,FAVORABLE,STOP,5,MINOR,2026-07-16_1722,2026-06-01
PEGA,LONG,CONVICTION,80.5,BULL_BOUNCE_PENDING,36.95,35.55,42.23,,71,3.79,37.93000030517578,38.13999938964844,36.08000183105469,1977000.0,0.61,CLOSED,0.7,FAVORABLE,LIMIT,3,CONVICTION,2026-07-16_1722,2026-06-01
ESTC,LONG,CONVICTION,80.4,BULL_BOUNCE_PENDING,66.79,64.38,72.56,78.26,41,2.39,68.05999755859375,68.72000122070312,63.130001068115234,4248100.0,-0.14,STOPPED,-1.0,FAVORABLE,LIMIT,4,CONVICTION,2026-07-16_1722,2026-06-01
AIIO,LONG,CONVICTION,80.3,BULL_BOUNCE_PENDING,3.4,2.59,3.57,,123,0.21,2.9200000762939453,3.4000000953674316,2.880000114440918,39019700.0,-9.33,CLOSED_LOSS,-0.59,FAVORABLE,STOP,4,MINOR,2026-07-16_1722,2026-06-01
NVDA,LONG,CONVICTION,80.2,BULL_BOUNCE_PENDING,215.15,212.7,233.0,221.64,40,7.29,224.36000061035156,224.8699951171875,215.6999969482422,212850700.0,2.42,NO_FILL,0.0,FAVORABLE,LIMIT,3,VACUUM,2026-07-16_1722,2026-06-01
HOOD,LONG,CONVICTION,80.0,BULL_BOUNCE_PENDING,92.49,84.84,97.11,,13,0.6,90.7300033569336,92.4000015258789,85.55999755859375,42590800.0,0.48,CLOSED_LOSS,-0.23,FAVORABLE,STOP,5,CONVICTION,2026-07-16_1722,2026-06-01
FSLR,LONG,CONVICTION,80.0,CHANNEL_GAP_BREAKOUT_LONG,305.97,290.67,321.27,,6,1.0,303.0,306.7799987792969,292.3399963378906,3371500.0,-0.97,CLOSED_LOSS,-0.19,FAVORABLE,LIMIT,0,NONE,2026-07-16_1722,2026-06-01
SBLK,LONG,CONVICTION,80.0,CHANNEL_GAP_BREAKOUT_LONG,28.14,26.74,29.55,,71,1.0,28.209999084472656,28.5,26.950000762939453,1802200.0,0.23,CLOSED,0.05,FAVORABLE,LIMIT,1,MINOR,2026-07-16_1722,2026-06-01
NUAI,LONG,CONVICTION,79.9,BULL_BOUNCE,4.71,4.17,4.78,,182,0.12,5.610000133514404,6.150000095367432,4.559999942779541,19133000.0,18.98,TARGET_HIT,1.5,FAVORABLE,LIMIT,3,MINOR,2026-07-16_1722,2026-06-01
GPUS,LONG,CONVICTION,79.5,BULL_BOUNCE,0.18,0.16,0.19,,5050,0.36,0.18000000715255737,0.20000000298023224,0.18000000715255737,35151600.0,-1.59,NO_FILL,0.0,FAVORABLE,LIMIT,5,MINOR,2026-07-16_1722,2026-06-01
NAMM,LONG,CONVICTION,79.2,BULL_BOUNCE_PENDING,2.49,2.23,2.61,,388,0.48,2.0799999237060547,2.490000009536743,2.049999952316284,29642000.0,-1.65,STOPPED,-1.0,FAVORABLE,STOP,0,NONE,2026-07-16_1722,2026-06-01
AI,LONG,CONVICTION,79.2,BULL_BOUNCE_PENDING,11.75,10.88,12.34,,115,0.68,11.75,11.819999694824219,10.899999618530273,11524600.0,1.95,CLOSED_LOSS,0.0,FAVORABLE,STOP,5,COMPRESSION,2026-07-16_1722,2026-06-01
AIRJ,LONG,CONVICTION,79.2,BULL_BOUNCE_PENDING,4.97,4.71,5.48,,385,1.95,5.199999809265137,5.46999979019165,4.829999923706055,3955700.0,2.46,CLOSED,0.88,FAVORABLE,LIMIT,5,MINOR,2026-07-16_1722,2026-06-01
ATPC,LONG,CONVICTION,79.2,BULL_BOUNCE_CONFIRMED,5.25,3.1,5.51,,46,0.12,4.139999866485596,6.0,4.010000228881836,1231300.0,-21.14,TARGET_HIT,1.5,FAVORABLE,LIMIT,5,MINOR,2026-07-16_1722,2026-06-01
DXYZ,LONG,CONVICTION,79.2,BULL_BOUNCE_PENDING,46.1,38.56,48.4,,13,0.31,49.119998931884766,52.650001525878906,47.0,5970900.0,4.42,NO_FILL,0.0,FAVORABLE,LIMIT,5,COMPRESSION,2026-07-16_1722,2026-06-01
WYNN,LONG,CONVICTION,79.1,BULL_BOUNCE_PENDING,104.64,100.71,121.72,113.78,25,4.34,106.52999877929688,107.7699966430664,102.12999725341797,2135400.0,-0.23,CLOSED,0.48,FAVORABLE,LIMIT,5,COMPRESSION,2026-07-16_1722,2026-06-01
HUBC,LONG,CONVICTION,79.0,BULL_BOUNCE_PENDING,0.57,0.43,0.6,,701,0.2,10.300000190734863,11.359999656677246,8.399999618530273,20877010.0,2138.16,NO_FILL,0.0,FAVORABLE,STOP,2,MINOR,2026-07-16_1722,2026-06-01
TSSI,LONG,CONVICTION,79.0,BULL_BOUNCE_CONFIRMED,15.57,11.95,16.35,,27,0.21,15.65999984741211,16.170000076293945,14.8100004196167,2329600.0,0.55,CLOSED,0.02,FAVORABLE,LIMIT,5,MINOR,2026-07-16_1722,2026-06-01
SAIL,LONG,CONVICTION,79.0,BULL_BOUNCE_PENDING,19.74,18.74,22.72,,99,2.98,19.25,20.14699935913086,18.959999084472656,8564200.0,-4.42,CLOSED_LOSS,-0.49,FAVORABLE,LIMIT,5,COMPRESSION,2026-07-16_1722,2026-06-01
ALNT,LONG,CONVICTION,79.0,BULL_BOUNCE_CONFIRMED,81.45,77.21,85.53,,23,0.96,83.08000183105469,83.5,76.20999908447266,450900.0,1.99,STOPPED,-1.0,FAVORABLE,LIMIT,4,MINOR,2026-07-16_1722,2026-06-01
LPTH,LONG,CONVICTION,78.9,BULL_BOUNCE_PENDING,15.52,14.0,18.05,,65,1.66,16.559999465942383,17.139999389648438,15.479999542236328,3225200.0,4.55,CLOSED,0.68,FAVORABLE,LIMIT,5,COMPRESSION,2026-07-16_1722,2026-06-01
INTA,LONG,CONVICTION,78.7,BULL_BOUNCE_PENDING,24.23,22.89,27.33,,74,2.32,26.030000686645508,26.68000030517578,23.3799991607666,2141600.0,5.28,CLOSED,1.34,FAVORABLE,LIMIT,3,COMPRESSION,2026-07-16_1722,2026-06-01
TEAM,LONG,CONVICTION,78.6,BULL_BOUNCE_PENDING,113.81,107.07,125.16,132.01,14,1.69,115.94999694824219,119.37999725341797,110.2300033569336,12693300.0,-0.16,CLOSED,0.32,FAVORABLE,LIMIT,5,COMPRESSION,2026-07-16_1722,2026-06-01
ZCMD,LONG,CONVICTION,78.5,BULL_BOUNCE_PENDING,0.12,0.08,0.13,,2854,0.17,7.254000186920166,10.880999565124512,6.230999946594238,2145256.0,7960.0,NO_FILL,0.0,FAVORABLE,STOP,4,MINOR,2026-07-16_1722,2026-06-01
CWH,LONG,CONVICTION,78.5,BULL_BOUNCE_PENDING,7.19,6.34,7.55,,116,0.42,7.519999980926514,7.590000152587891,7.199999809265137,2631100.0,2.45,NO_FILL,0.0,FAVORABLE,LIMIT,5,COMPRESSION,2026-07-16_1722,2026-06-01
SATL,LONG,CONVICTION,78.5,BULL_BOUNCE_PENDING,8.5,7.38,8.93,,89,0.38,8.670000076293945,9.449999809265137,8.550000190734863,8662900.0,-0.06,NO_FILL,0.0,FAVORABLE,LIMIT,5,COMPRESSION,2026-07-16_1722,2026-06-01
DEVS,LONG,CONVICTION,78.4,BULL_BOUNCE_PENDING,0.47,0.39,0.49,,1260,0.3,nan,nan,nan,nan,nan,NO_FILL,0.0,FAVORABLE,STOP,3,MINOR,2026-07-16_1722,2026-06-01
SIDU,LONG,CONVICTION,78.4,BULL_BOUNCE_PENDING,4.34,3.91,5.08,,234,1.74,4.440000057220459,4.8979997634887695,4.369999885559082,26772100.0,0.34,NO_FILL,0.0,FAVORABLE,LIMIT,5,COMPRESSION,2026-07-16_1722,2026-06-01
UPST,LONG,CONVICTION,78.3,BULL_BOUNCE_PENDING,33.59,32.53,37.25,37.52,93,3.42,33.61000061035156,34.672000885009766,33.053001403808594,4265400.0,-1.95,CLOSED,0.02,FAVORABLE,LIMIT,4,CONVICTION,2026-07-16_1722,2026-06-01
CODX,LONG,CONVICTION,78.3,BULL_BOUNCE_PENDING,7.51,4.93,7.89,,38,0.15,6.199999809265137,7.5,5.769999980926514,2603600.0,5.98,CLOSED_LOSS,-0.51,FAVORABLE,STOP,5,MINOR,2026-07-16_1722,2026-06-01
DDD,LONG,CONVICTION,78.2,BULL_BOUNCE_PENDING,3.84,3.36,4.03,,207,0.4,3.7200000286102295,3.8399999141693115,3.4600000381469727,8495800.0,1.22,CLOSED_LOSS,-0.25,FAVORABLE,STOP,2,MINOR,2026-07-16_1722,2026-06-01
SSYS,LONG,CONVICTION,78.2,BULL_BOUNCE_PENDING,10.76,10.02,11.3,,134,0.73,10.6899995803833,10.789999961853027,10.239999771118164,1911500.0,1.52,CLOSED_LOSS,-0.09,FAVORABLE,STOP,4,COMPRESSION,2026-07-16_1722,2026-06-01
OTLK,LONG,CONVICTION,78.2,BULL_BOUNCE_PENDING,0.94,0.8,0.99,,718,0.34,0.8429999947547913,0.9430000185966492,0.7200000286102295,44169600.0,6.44,STOPPED,-1.0,FAVORABLE,STOP,2,MINOR,2026-07-16_1722,2026-06-01
ALP,LONG,CONVICTION,78.1,BULL_BOUNCE_PENDING,0.34,0.31,0.39,,3354,1.83,0.3659999966621399,0.3720000088214874,0.3400000035762787,9168200.0,6.35,NO_FILL,0.0,FAVORABLE,LIMIT,5,COMPRESSION,2026-07-16_1722,2026-06-01
NRXP,LONG,CONVICTION,78.0,BULL_BOUNCE_PENDING,4.86,4.4,5.1,,216,0.53,4.619999885559082,4.860000133514404,4.429999828338623,1744400.0,-2.48,CLOSED_LOSS,-0.52,FAVORABLE,STOP,0,NONE,2026-07-16_1722,2026-06-01
OSTX,LONG,CONVICTION,78.0,BULL_BOUNCE_CONFIRMED,1.95,1.72,2.05,,437,0.43,1.8700000047683716,2.1989998817443848,1.8300000429153442,1827000.0,-4.1,TARGET_HIT,1.5,FAVORABLE,LIMIT,5,MINOR,2026-07-16_1722,2026-06-01
WIX,LONG,CONVICTION,77.7,BULL_BOUNCE_PENDING,58.71,55.43,68.0,68.0,30,2.83,62.540000915527344,62.970001220703125,56.75,2212600.0,4.4,CLOSED,1.17,FAVORABLE,LIMIT,4,VACUUM,2026-07-16_1722,2026-06-01
PUBM,LONG,CONVICTION,77.3,BULL_BOUNCE_PENDING,11.98,11.33,12.58,,154,0.93,12.220000267028809,12.335000038146973,11.5,917000.0,2.78,CLOSED,0.37,FAVORABLE,STOP,3,COMPRESSION,2026-07-16_1722,2026-06-01
SPHR,LONG,CONVICTION,77.3,BULL_BOUNCE_CONFIRMED,141.99,136.55,149.09,,18,1.3,145.77999877929688,147.80499267578125,136.89999389648438,1158100.0,2.67,CLOSED,0.7,FAVORABLE,LIMIT,5,VACUUM,2026-07-16_1722,2026-06-01
VIVO,LONG,CONVICTION,77.2,BULL_BOUNCE_PENDING,6.51,5.61,6.84,,111,0.36,6.599999904632568,6.860000133514404,5.849999904632568,2721900.0,5.6,TARGET_HIT,1.5,FAVORABLE,STOP,2,MINOR,2026-07-16_1722,2026-06-01
AMN,LONG,CONVICTION,77.2,BULL_BOUNCE_PENDING,30.0,27.79,31.5,,45,0.68,29.34000015258789,29.979999542236328,28.690000534057617,794000.0,-0.81,CLOSED_LOSS,-0.3,FAVORABLE,STOP,4,COMPRESSION,2026-07-16_1722,2026-06-01
IAUX,LONG,CONVICTION,77.1,BULL_BOUNCE,1.59,1.5,1.8,1.8,1166,2.45,1.600000023841858,1.649999976158142,1.559999942779541,7373000.0,0.63,CLOSED,0.11,FAVORABLE,LIMIT,5,COMPRESSION,2026-07-16_1722,2026-06-01
DUOL,LONG,CONVICTION,76.8,BULL_BOUNCE_PENDING,114.67,110.8,133.88,129.11,25,4.97,117.97000122070312,120.30000305175781,113.69999694824219,1906900.0,0.82,CLOSED,0.85,FAVORABLE,LIMIT,5,COMPRESSION,2026-07-16_1722,2026-06-01
ELAB,LONG,CONVICTION,76.6,BULL_BOUNCE_PENDING,1.97,1.76,2.07,,478,0.47,1.7699999809265137,1.9700000286102295,1.7599999904632568,5720300.0,-4.84,STOPPED,-1.0,FAVORABLE,STOP,5,MINOR,2026-07-16_1722,2026-06-01
CRNC,LONG,CONVICTION,76.5,BULL_BOUNCE_PENDING,12.99,11.7,13.64,,77,0.5,12.739999771118164,12.979999542236328,12.300000190734863,1544500.0,0.67,CLOSED_LOSS,-0.19,FAVORABLE,STOP,5,MINOR,2026-07-16_1722,2026-06-01
VRNS,LONG,CONVICTION,76.3,BULL_BOUNCE_PENDING,35.89,33.98,39.64,,52,1.96,36.11000061035156,36.27000045776367,34.189998626708984,2620600.0,2.01,CLOSED,0.12,FAVORABLE,STOP,1,CONVICTION,2026-07-16_1722,2026-06-01
GSIT,LONG,CONVICTION,76.0,BULL_BOUNCE_PENDING,10.4,9.04,10.92,,73,0.38,10.90999984741211,11.449999809265137,9.65999984741211,2086600.0,2.83,TARGET_HIT,1.5,FAVORABLE,LIMIT,5,MINOR,2026-07-16_1722,2026-06-01
HCHL,LONG,CONVICTION,76.0,BULL_BOUNCE_CONFIRMED,3.91,3.58,4.11,,304,0.6,3.9100000858306885,4.050000190734863,3.8499999046325684,3224400.0,0.0,CLOSED,0.0,FAVORABLE,LIMIT,5,COMPRESSION,2026-07-16_1722,2026-06-01
QIND,LONG,CONVICTION,76.0,BULL_BOUNCE_PENDING,0.01,0.01,0.01,,95238,0.48,0.00800000037997961,0.009600000455975533,0.007499999832361937,1734149.0,-3.61,STOPPED,-1.0,FAVORABLE,STOP,5,COMPRESSION,2026-07-16_1722,2026-06-01
ACVA,LONG,CONVICTION,75.9,BULL_BOUNCE_PENDING,6.81,6.23,7.15,,172,0.59,6.539999961853027,6.800000190734863,6.175000190734863,3774700.0,3.81,STOPPED,-1.0,FAVORABLE,STOP,5,MINOR,2026-07-16_1722,2026-06-01
RSKD,LONG,CONVICTION,75.7,BULL_BOUNCE_PENDING,5.07,4.75,5.32,,317,0.8,5.039999961853027,5.090000152587891,4.820000171661377,1996700.0,0.5,CLOSED_LOSS,-0.09,FAVORABLE,STOP,0,NONE,2026-07-16_1722,2026-06-01
GTBP,LONG,CONVICTION,75.5,BULL_BOUNCE,0.44,0.37,0.45,,1612,0.22,0.44200000166893005,0.4950000047683716,0.4300000071525574,3159700.0,1.26,TARGET_HIT,1.5,FAVORABLE,LIMIT,5,MINOR,2026-07-16_1722,2026-06-01
VUZI,LONG,CONVICTION,75.4,BULL_BOUNCE_PENDING,3.97,3.37,4.17,,165,0.33,4.25,4.539999961853027,4.039999961853027,2292900.0,4.81,NO_FILL,0.0,FAVORABLE,LIMIT,5,COMPRESSION,2026-07-16_1722,2026-06-01
APPN,LONG,CONVICTION,75.0,BULL_BOUNCE_PENDING,25.96,23.28,30.0,,37,1.51,27.770000457763672,27.770000457763672,23.969999313354492,2249100.0,4.83,CLOSED,0.68,FAVORABLE,LIMIT,5,COMPRESSION,2026-07-16_1722,2026-06-01
QURE,LONG,CONVICTION,74.7,BULL_BOUNCE_PENDING,28.34,25.45,29.76,,34,0.49,28.219999313354492,28.649999618530273,26.43000030517578,1305900.0,4.29,CLOSED_LOSS,-0.04,FAVORABLE,STOP,5,CONVICTION,2026-07-16_1722,2026-06-01
BURL,LONG,CONVICTION,74.4,BULL_BOUNCE_PENDING,307.61,295.32,336.98,343.47,8,2.39,314.010009765625,320.2699890136719,310.07000732421875,1430100.0,0.04,NO_FILL,0.0,FAVORABLE,LIMIT,5,CONVICTION,2026-07-16_1722,2026-06-01
EGO,LONG,CONVICTION,74.2,BULL_BOUNCE_CONFIRMED,32.48,29.9,34.1,,38,0.63,33.400001525878906,33.5,31.809999465942383,1986400.0,2.83,CLOSED,0.36,FAVORABLE,LIMIT,5,MINOR,2026-07-16_1722,2026-06-01
EWTX,LONG,CONVICTION,74.2,BULL_BOUNCE_PENDING,40.81,38.12,42.85,,37,0.76,40.2599983215332,40.76499938964844,37.290000915527344,4468600.0,6.3,STOPPED,-1.0,FAVORABLE,STOP,5,MINOR,2026-07-16_1722,2026-06-01
AVBP,LONG,CONVICTION,74.0,BULL_BOUNCE,30.1,28.55,34.0,,64,2.51,30.68000030517578,31.670000076293945,29.450000762939453,1253700.0,1.93,CLOSED,0.37,FAVORABLE,LIMIT,5,MINOR,2026-07-16_1722,2026-06-01
TH,SHORT,CONVICTION,73.9,BEAR_REJECTION_PENDING,17.22,18.42,15.38,,83,1.53,17.170000076293945,17.399999618530273,17.020000457763672,1510700.0,0.15,CLOSED,0.04,FAVORABLE,LIMIT,5,COMPRESSION,2026-07-16_1722,2026-06-01
OSS,LONG,CONVICTION,73.9,BULL_BOUNCE_PENDING,20.22,17.88,21.23,,42,0.43,18.959999084472656,20.200000762939453,17.8700008392334,2061800.0,-1.58,STOPPED,-1.0,FAVORABLE,STOP,3,MINOR,2026-07-16_1722,2026-06-01
RDDT,LONG,CONVICTION,73.8,BULL_BOUNCE_PENDING,182.83,175.12,203.14,,12,2.63,177.85000610351562,182.64500427246094,174.85000610351562,5794900.0,-1.57,STOPPED,-1.0,FAVORABLE,STOP,5,VACUUM,2026-07-16_1722,2026-06-01
APPS,LONG,CONVICTION,73.4,BULL_BOUNCE_PENDING,9.81,8.74,10.3,,93,0.46,9.300000190734863,9.800000190734863,8.779999732971191,13189700.0,-2.97,CLOSED_LOSS,-0.48,FAVORABLE,STOP,2,MINOR,2026-07-16_1722,2026-06-01
SSAC,LONG,CONVICTION,73.3,BULL_BOUNCE_PENDING,9.96,9.91,10.46,,1824,9.09,9.989999771118164,10.0,9.979999542236328,2155700.0,0.1,NO_FILL,0.0,FAVORABLE,LIMIT,5,COMPRESSION,2026-07-16_1722,2026-06-01
ASAN,LONG,CONVICTION,73.2,BULL_BOUNCE_PENDING,8.97,8.39,9.99,10.41,174,1.79,9.069999694824219,9.34000015258789,8.420000076293945,17051300.0,-0.87,CLOSED,0.17,FAVORABLE,LIMIT,4,COMPRESSION,2026-07-16_1722,2026-06-01
NET,LONG,CONVICTION,73.2,BULL_BOUNCE_PENDING,256.23,246.46,269.04,,10,1.31,270.82000732421875,271.20001220703125,242.3699951171875,8457300.0,3.58,STOPPED,-1.0,FAVORABLE,LIMIT,0,NONE,2026-07-16_1722,2026-06-01
GRRR,LONG,CONVICTION,73.2,BULL_BOUNCE_PENDING,21.28,19.17,22.34,,47,0.51,21.139999389648438,21.350000381469727,19.628000259399414,1947500.0,2.97,CLOSED_LOSS,-0.07,FAVORABLE,STOP,5,MINOR,2026-07-16_1722,2026-06-01
NIO,LONG,CONVICTION,72.9,BULL_BOUNCE_PENDING,6.13,5.62,6.44,,196,0.6,5.980000019073486,6.130000114440918,5.71999979019165,65234000.0,0.93,CLOSED_LOSS,-0.29,FAVORABLE,STOP,5,MINOR,2026-07-16_1722,2026-06-01
ELMT,LONG,CONVICTION,72.9,BULL_BOUNCE_PENDING,21.46,19.91,22.53,,64,0.69,18.950000762939453,22.5,18.75,5067900.0,-13.45,STOPPED,-1.0,FAVORABLE,LIMIT,0,NONE,2026-07-16_1722,2026-06-01
ALTO,LONG,CONVICTION,72.8,BULL_BOUNCE_PENDING,5.62,5.37,6.08,,401,1.85,5.710000038146973,5.929999828338623,5.400000095367432,3810400.0,-0.44,CLOSED,0.36,FAVORABLE,LIMIT,4,MINOR,2026-07-16_1722,2026-06-01
BBAI,LONG,CONVICTION,72.2,BULL_BOUNCE_PENDING,5.45,5.01,5.72,,229,0.63,5.340000152587891,5.460000038146973,5.010000228881836,83681900.0,0.28,CLOSED_LOSS,-0.25,FAVORABLE,STOP,5,COMPRESSION,2026-07-16_1722,2026-06-01
ETOR,LONG,CONVICTION,72.1,BULL_BOUNCE_PENDING,42.72,39.71,47.91,,33,1.72,41.66999816894531,42.68000030517578,41.119998931884766,840100.0,-0.5,CLOSED_LOSS,-0.35,FAVORABLE,STOP,5,COMPRESSION,2026-07-16_1722,2026-06-01
BATL,LONG,CONVICTION,72.1,BULL_BOUNCE_PENDING,1.81,1.5,1.9,,325,0.29,1.6399999856948853,1.809999942779541,1.559999942779541,16085000.0,-1.2,CLOSED_LOSS,-0.55,FAVORABLE,STOP,5,MINOR,2026-07-16_1722,2026-06-01
MNKD,LONG,CONVICTION,72.0,BULL_BOUNCE_PENDING,3.46,2.85,3.64,,162,0.28,3.5299999713897705,3.809999942779541,3.4100000858306885,8345300.0,-0.09,TARGET_HIT,1.5,FAVORABLE,LIMIT,5,COMPRESSION,2026-07-16_1722,2026-06-01
MRAM,LONG,CONVICTION,72.0,BULL_BOUNCE_PENDING,28.24,23.96,29.66,,23,0.33,30.110000610351562,31.799999237060547,25.54199981689453,4776300.0,4.48,TARGET_HIT,1.5,FAVORABLE,LIMIT,5,COMPRESSION,2026-07-16_1722,2026-06-01
NABL,LONG,CONVICTION,72.0,BULL_BOUNCE_PENDING,3.97,3.68,4.55,,338,1.95,4.239999771118164,4.264999866485596,3.7850000858306885,3762800.0,4.56,CLOSED,0.93,FAVORABLE,LIMIT,5,MINOR,2026-07-16_1722,2026-06-01
IAC,LONG,CONVICTION,72.0,BULL_BOUNCE_PENDING,46.38,44.3,48.7,,48,1.12,nan,nan,nan,nan,nan,NO_FILL,0.0,FAVORABLE,STOP,5,MINOR,2026-07-16_1722,2026-06-01
FFAI,LONG,CONVICTION,71.8,BULL_BOUNCE_PENDING,0.45,0.38,0.47,,1525,0.34,0.4020000100135803,0.453000009059906,0.3840000033378601,48979200.0,1.75,CLOSED_LOSS,-0.69,FAVORABLE,STOP,1,MINOR,2026-07-16_1722,2026-06-01
RHI,LONG,CONVICTION,71.7,BULL_BOUNCE_PENDING,31.14,28.8,32.7,,42,0.67,30.989999771118164,31.200000762939453,28.950000762939453,2511400.0,1.89,CLOSED_LOSS,-0.06,FAVORABLE,STOP,5,COMPRESSION,2026-07-16_1722,2026-06-01
FEIM,LONG,CONVICTION,71.7,BULL_BOUNCE_PENDING,71.99,69.07,75.59,,34,1.23,72.56999969482422,75.88999938964844,72.0,167900.0,-1.21,NO_FILL,0.0,FAVORABLE,LIMIT,5,VACUUM,2026-07-16_1722,2026-06-01
HMR,LONG,CONVICTION,71.2,BULL_BOUNCE_PENDING,1.6,1.53,1.68,,1436,1.15,1.5099999904632568,1.690000057220459,1.3899999856948853,2508600.0,-6.79,STOPPED,-1.0,FAVORABLE,LIMIT,0,NONE,2026-07-16_1722,2026-06-01
GDYN,LONG,CONVICTION,71.2,BULL_BOUNCE_PENDING,7.41,7.15,8.14,8.14,379,2.78,7.860000133514404,8.020000457763672,7.150000095367432,2960600.0,3.97,CLOSED,1.5,FAVORABLE,LIMIT,2,MINOR,2026-07-16_1722,2026-06-01
KIDZ,LONG,CONVICTION,71.0,BULL_BOUNCE,0.43,0.35,0.52,,1240,1.09,3.8499999046325684,4.380000114440918,3.8499999046325684,1169760.0,791.2,NO_FILL,0.0,FAVORABLE,LIMIT,2,COMPRESSION,2026-07-16_1722,2026-06-01
FLEX,LONG,CONVICTION,71.0,BULL_BOUNCE_PENDING,151.31,144.77,158.88,,15,1.16,148.00999450683594,151.16000366210938,145.50999450683594,4588900.0,-0.18,CLOSED_LOSS,-0.5,FAVORABLE,STOP,5,VACUUM,2026-07-16_1722,2026-06-01
VIA,LONG,CONVICTION,71.0,BULL_BOUNCE_CONFIRMED,16.45,15.15,17.27,,77,0.64,17.040000915527344,17.200000762939453,15.319999694824219,1071400.0,3.62,CLOSED,0.45,FAVORABLE,LIMIT,2,MINOR,2026-07-16_1722,2026-06-01
TNDM,LONG,CONVICTION,71.0,BULL_BOUNCE_CONFIRMED,19.08,17.56,20.03,,65,0.63,19.1200008392334,20.040000915527344,17.719999313354492,5618600.0,0.21,TARGET_HIT,1.5,FAVORABLE,LIMIT,5,MINOR,2026-07-16_1722,2026-06-01
PTRN,LONG,CONVICTION,71.0,BULL_BOUNCE,18.94,18.06,19.89,,114,1.08,19.59000015258789,19.969999313354492,18.760000228881836,2735800.0,3.43,TARGET_HIT,1.5,FAVORABLE,LIMIT,2,MINOR,2026-07-16_1722,2026-06-01
VELO,LONG,CONVICTION,71.0,BULL_BOUNCE,21.43,15.65,38.01,,17,2.87,21.510000228881836,23.209999084472656,21.079999923706055,2657800.0,0.36,CLOSED,0.01,FAVORABLE,LIMIT,5,CONVICTION,2026-07-16_1722,2026-06-01
HOVR,LONG,CONVICTION,70.9,BULL_BOUNCE_PENDING,2.45,2.29,2.82,2.82,627,2.32,2.5299999713897705,2.8399999141693115,2.430000066757202,6860400.0,1.2,TARGET_HIT,1.5,FAVORABLE,LIMIT,5,COMPRESSION,2026-07-16_1722,2026-06-01
HCWC,LONG,CONVICTION,70.7,BULL_BOUNCE_PENDING,0.47,0.43,0.49,,2424,0.57,0.36800000071525574,0.47099998593330383,0.36000001430511475,66570700.0,-7.56,STOPPED,-1.0,FAVORABLE,STOP,2,MINOR,2026-07-16_1722,2026-06-01
MDB,LONG,CONVICTION,70.7,BULL_BOUNCE_PENDING,383.02,368.33,413.24,,6,2.06,403.8800048828125,409.0,345.5,6787700.0,3.34,STOPPED,-1.0,FAVORABLE,LIMIT,3,CONVICTION,2026-07-16_1722,2026-06-01
BCAR,LONG,CONVICTION,70.5,BULL_BOUNCE_PENDING,11.11,10.76,11.67,,287,1.6,10.989999771118164,11.100000381469727,10.729999542236328,1248600.0,0.55,STOPPED,-1.0,FAVORABLE,STOP,5,MINOR,2026-07-16_1722,2026-06-01
MSGY,LONG,CONVICTION,70.4,BULL_BOUNCE_PENDING,0.68,0.57,0.71,,880,0.3,0.5220000147819519,0.6809999942779541,0.4620000123977661,2981000.0,2.37,STOPPED,-1.0,FAVORABLE,STOP,1,MINOR,2026-07-16_1722,2026-06-01
TGB,LONG,CONVICTION,70.2,BULL_BOUNCE_PENDING,7.89,7.23,8.28,,150,0.59,7.900000095367432,8.010000228881836,7.300000190734863,6269900.0,4.15,CLOSED,0.02,FAVORABLE,STOP,5,MINOR,2026-07-16_1722,2026-06-01
PHAT,LONG,CONVICTION,70.2,BULL_BOUNCE_PENDING,8.94,7.75,9.38,,84,0.38,9.239999771118164,9.739999771118164,9.020000457763672,1599200.0,1.32,NO_FILL,0.0,FAVORABLE,LIMIT,5,MINOR,2026-07-16_1722,2026-06-01
ULCC,LONG,CONVICTION,70.1,BULL_BOUNCE_PENDING,5.68,5.26,5.96,,236,0.67,5.929999828338623,6.119999885559082,5.699999809265137,5087400.0,2.33,NO_FILL,0.0,FAVORABLE,LIMIT,5,MINOR,2026-07-16_1722,2026-06-01
CNXC,LONG,CONVICTION,70.1,BULL_BOUNCE_PENDING,28.46,27.98,29.57,33.06,207,2.31,30.030000686645508,30.239999771118164,28.280000686645508,1878600.0,3.39,TARGET_HIT,1.5,FAVORABLE,LIMIT,5,MINOR,2026-07-16_1722,2026-06-01
AAOI,LONG,CONVICTION,70.0,BULL_BOUNCE_PENDING,176.65,163.82,185.48,,7,0.69,185.6699981689453,191.97999572753906,149.0500030517578,16045900.0,3.01,STOPPED,-1.0,FAVORABLE,LIMIT,1,VACUUM,2026-07-16_1722,2026-06-01
ORIC,LONG,CONVICTION,70.0,BULL_BOUNCE,8.34,7.87,8.66,,214,0.69,8.979999542236328,9.130000114440918,8.239999771118164,3679900.0,7.67,TARGET_HIT,1.5,FAVORABLE,LIMIT,5,COMPRESSION,2026-07-16_1722,2026-06-01
MXL,LONG,CONVICTION,70.0,BULL_BOUNCE_PENDING,87.44,75.93,91.81,,8,0.38,86.2300033569336,93.51000213623047,85.20999908447266,5078000.0,-3.35,TARGET_HIT,1.5,FAVORABLE,LIMIT,5,COMPRESSION,2026-07-16_1722,2026-06-01
UAVS,LONG,CONVICTION,69.9,BULL_BOUNCE_CONFIRMED,1.17,1.04,1.23,,798,0.47,1.159999966621399,1.2000000476837158,1.1299999952316284,4069300.0,-0.85,CLOSED_LOSS,-0.08,FAVORABLE,LIMIT,5,COMPRESSION,2026-07-16_1722,2026-06-01
ALKT,LONG,CONVICTION,69.8,BULL_BOUNCE_PENDING,18.54,18.06,19.61,21.03,208,2.23,18.950000762939453,19.25,18.079999923706055,2105400.0,0.16,CLOSED,0.85,FAVORABLE,LIMIT,5,COMPRESSION,2026-07-16_1722,2026-06-01
BB,LONG,CONVICTION,69.7,BULL_BOUNCE_PENDING,9.37,8.96,9.84,,241,1.13,9.720000267028809,9.84000015258789,8.920000076293945,45260800.0,1.67,STOPPED,-1.0,FAVORABLE,LIMIT,4,MINOR,2026-07-16_1722,2026-06-01
PMI,LONG,CONVICTION,69.5,BULL_BOUNCE_PENDING,0.16,0.14,0.16,,7685,0.6,0.1679999977350235,0.1860000044107437,0.15399999916553497,23528600.0,5.36,TARGET_HIT,1.5,FAVORABLE,LIMIT,4,MINOR,2026-07-16_1722,2026-06-01
ASTI,LONG,CONVICTION,69.5,BULL_BOUNCE_PENDING,7.76,7.36,8.62,,248,2.14,7.860000133514404,8.100000381469727,6.28000020980835,2891400.0,-0.74,STOPPED,-1.0,FAVORABLE,LIMIT,1,MINOR,2026-07-16_1722,2026-06-01
SOUN,LONG,CONVICTION,69.2,BULL_BOUNCE_PENDING,9.21,8.52,10.64,10.8,144,2.08,9.25,9.520000457763672,8.8149995803833,34031700.0,-1.54,CLOSED,0.06,FAVORABLE,LIMIT,5,COMPRESSION,2026-07-16_1722,2026-06-01
OCG,LONG,CONVICTION,69.2,BULL_BOUNCE_PENDING,2.34,2.14,2.46,,495,0.58,2.190000057220459,2.7300000190734863,1.9500000476837158,3071800.0,-8.37,STOPPED,-1.0,FAVORABLE,LIMIT,2,MINOR,2026-07-16_1722,2026-06-01
DOMH,LONG,CONVICTION,69.1,BULL_BOUNCE_PENDING,3.25,3.15,3.5,3.5,1026,2.57,3.259999990463257,3.8399999141693115,3.200000047683716,1189900.0,-0.91,TARGET_HIT,1.5,FAVORABLE,LIMIT,5,COMPRESSION,2026-07-16_1722,2026-06-01
PATH,LONG,CONVICTION,69.0,BULL_BOUNCE_PENDING,12.61,11.59,13.24,,98,0.62,13.100000381469727,13.199999809265137,11.899999618530273,67981100.0,1.83,CLOSED,0.48,FAVORABLE,LIMIT,2,COMPRESSION,2026-07-16_1722,2026-06-01
SAFX,LONG,CONVICTION,69.0,BULL_BOUNCE,0.52,0.47,0.8,,2083,5.87,0.49000000953674316,0.5440000295639038,0.49000000953674316,4601600.0,-5.48,CLOSED_LOSS,-0.6,FAVORABLE,LIMIT,4,MINOR,2026-07-16_1722,2026-06-01
CREG,LONG,CONVICTION,69.0,BULL_BOUNCE_PENDING,0.29,0.22,0.3,,1470,0.21,3.200000047683716,3.200000047683716,2.5999999046325684,564480.0,989.18,NO_FILL,0.0,FAVORABLE,LIMIT,2,MINOR,2026-07-16_1722,2026-06-01
LRMR,LONG,CONVICTION,69.0,BULL_BOUNCE,3.48,3.23,3.85,,407,1.53,3.509999990463257,3.625,3.424999952316284,2209600.0,1.01,CLOSED,0.12,FAVORABLE,LIMIT,5,COMPRESSION,2026-07-16_1722,2026-06-01
STEP,LONG,CONVICTION,68.9,BULL_BOUNCE_PENDING,47.88,42.74,50.28,,19,0.47,48.349998474121094,51.0,47.21500015258789,1763300.0,-1.04,TARGET_HIT,1.5,FAVORABLE,LIMIT,5,COMPRESSION,2026-07-16_1722,2026-06-01
UPXI,LONG,CONVICTION,68.6,BULL_BOUNCE_PENDING,1.12,1.02,1.29,,1020,1.76,1.1299999952316284,1.1699999570846558,1.1200000047683716,2584900.0,-0.88,NO_FILL,0.0,FAVORABLE,LIMIT,5,COMPRESSION,2026-07-16_1722,2026-06-01
ABVX,LONG,CONVICTION,68.5,BULL_BOUNCE_PENDING,127.36,125.66,140.0,133.35,58,7.4,129.69000244140625,133.27000427246094,128.3699951171875,8092800.0,0.48,NO_FILL,0.0,FAVORABLE,LIMIT,5,MINOR,2026-07-16_1722,2026-06-01
HPQ,LONG,CONVICTION,68.3,BULL_BOUNCE_PENDING,28.52,26.96,31.43,,64,1.87,29.34000015258789,29.540000915527344,27.309999465942383,41596500.0,0.82,CLOSED,0.53,FAVORABLE,LIMIT,4,COMPRESSION,2026-07-16_1722,2026-06-01
ACHV,LONG,CONVICTION,68.2,BULL_BOUNCE_PENDING,5.3,4.99,5.9,,315,1.89,5.300000190734863,5.53000020980835,5.039999961853027,1547300.0,-2.03,CLOSED,0.0,FAVORABLE,LIMIT,5,MINOR,2026-07-16_1722,2026-06-01
BURU,LONG,CONVICTION,68.0,BULL_BOUNCE_PENDING,0.18,0.17,0.19,,17271,2.63,0.18199999630451202,0.19699999690055847,0.17299999296665192,49979700.0,3.38,TARGET_HIT,1.5,FAVORABLE,LIMIT,5,MINOR,2026-07-16_1722,2026-06-01
CLF,LONG,CONVICTION,68.0,BULL_BOUNCE_PENDING,13.28,12.4,15.48,,112,2.48,13.579999923706055,13.710000038146973,12.960000038146973,16196200.0,0.18,CLOSED,0.34,FAVORABLE,LIMIT,5,COMPRESSION,2026-07-16_1722,2026-06-01
CLBT,LONG,CONVICTION,68.0,BULL_BOUNCE_PENDING,15.35,14.49,16.87,17.32,115,1.76,15.869999885559082,16.110000610351562,14.800000190734863,5241500.0,1.31,CLOSED,0.6,FAVORABLE,LIMIT,4,COMPRESSION,2026-07-16_1722,2026-06-01
TDC,LONG,CONVICTION,68.0,BULL_BOUNCE_PENDING,35.83,33.93,37.62,,52,0.95,36.83000183105469,36.86000061035156,34.41999816894531,3299700.0,0.75,CLOSED,0.53,FAVORABLE,LIMIT,2,COMPRESSION,2026-07-16_1722,2026-06-01
MNTN,LONG,CONVICTION,68.0,BULL_BOUNCE_PENDING,9.8,9.44,10.63,10.7,279,2.32,10.739999771118164,10.779999732971191,9.600000381469727,2006800.0,7.4,TARGET_HIT,1.5,FAVORABLE,LIMIT,3,MINOR,2026-07-16_1722,2026-06-01
SPT,LONG,CONVICTION,68.0,BULL_BOUNCE_PENDING,8.01,7.52,8.97,9.15,204,1.96,8.289999961853027,8.3100004196167,7.699999809265137,2069200.0,1.41,CLOSED,0.57,FAVORABLE,LIMIT,4,COMPRESSION,2026-07-16_1722,2026-06-01
NAVN,LONG,CONVICTION,68.0,BULL_BOUNCE_PENDING,22.21,21.43,23.32,,129,1.44,22.780000686645508,23.139999389648438,21.75200080871582,4164900.0,0.53,CLOSED,0.73,FAVORABLE,LIMIT,0,NONE,2026-07-16_1722,2026-06-01
PDYN,LONG,CONVICTION,68.0,BULL_BOUNCE_PENDING,7.95,7.46,8.94,,206,2.04,8.600000381469727,8.630000114440918,7.949999809265137,2027700.0,6.04,CLOSED,1.33,FAVORABLE,LIMIT,5,MINOR,2026-07-16_1722,2026-06-01
MTEK,LONG,CONVICTION,68.0,BULL_BOUNCE_PENDING,1.19,1.16,1.25,,2994,1.79,1.1699999570846558,1.2699999809265137,1.0499999523162842,15306100.0,-2.65,STOPPED,-1.0,FAVORABLE,LIMIT,2,MINOR,2026-07-16_1722,2026-06-01
PBF,SHORT,CONVICTION,67.8,BEAR_REJECTION_PENDING,43.14,45.07,38.0,38.17,51,2.66,41.83000183105469,43.2400016784668,41.0,2444400.0,-2.2,CLOSED,0.68,FAVORABLE,LIMIT,5,CONVICTION,2026-07-16_1722,2026-06-01
SION,LONG,CONVICTION,67.7,BULL_BOUNCE_PENDING,38.55,36.89,41.87,42.81,60,2.0,40.900001525878906,42.06999969482422,38.91999816894531,400100.0,3.97,NO_FILL,0.0,FAVORABLE,LIMIT,5,COMPRESSION,2026-07-16_1722,2026-06-01
SMJF,LONG,CONVICTION,67.6,BULL_BOUNCE_PENDING,4.7,4.33,5.31,,266,1.61,4.829999923706055,4.900000095367432,4.710000038146973,3195300.0,0.62,NO_FILL,0.0,FAVORABLE,LIMIT,5,MINOR,2026-07-16_1722,2026-06-01
DLO,LONG,CONVICTION,67.4,BULL_BOUNCE_PENDING,11.78,11.54,13.6,13.7,427,7.78,12.020000457763672,12.239999771118164,11.710000038146973,2566200.0,0.01,CLOSED,1.0,FAVORABLE,LIMIT,5,COMPRESSION,2026-07-16_1722,2026-06-01
GETY,LONG,CONVICTION,67.4,BULL_BOUNCE_PENDING,1.01,0.98,1.16,1.11,3252,4.74,1.0,1.055999994277954,1.0,3279400.0,-3.38,CLOSED_LOSS,-0.33,FAVORABLE,LIMIT,5,COMPRESSION,2026-07-16_1722,2026-06-01
EQPT,LONG,CONVICTION,67.4,BULL_BOUNCE_PENDING,19.37,18.8,20.53,22.27,173,2.0,19.84000015258789,20.916000366210938,19.524999618530273,2020100.0,0.35,NO_FILL,0.0,FAVORABLE,LIMIT,5,COMPRESSION,2026-07-16_1722,2026-06-01
LULU,LONG,CONVICTION,67.3,BULL_BOUNCE_PENDING,131.76,130.46,152.08,141.5,76,15.62,132.08999633789062,134.3800048828125,131.1300048828125,3672400.0,-0.61,CLOSED,0.25,FAVORABLE,LIMIT,5,CONVICTION,2026-07-16_1722,2026-06-01
F,LONG,CONVICTION,67.0,BULL_BOUNCE_PENDING,16.62,15.09,17.45,,65,0.54,16.6299991607666,17.479999542236328,16.6299991607666,97586400.0,-1.95,NO_FILL,0.0,FAVORABLE,LIMIT,2,MINOR,2026-07-16_1722,2026-06-01
TIGO,LONG,CONVICTION,67.0,BULL_BOUNCE_PENDING,84.62,83.33,87.2,88.07,77,2.01,85.81999969482422,89.08000183105469,84.9000015258789,2776400.0,-0.13,NO_FILL,0.0,FAVORABLE,LIMIT,5,MINOR,2026-07-16_1722,2026-06-01
CLYM,LONG,CONVICTION,67.0,CHANNEL_RECLAIM_LONG,11.68,10.45,12.26,,81,0.48,11.800000190734863,12.180000305175781,10.5600004196167,2481900.0,1.03,CLOSED,0.1,FAVORABLE,LIMIT,5,MINOR,2026-07-16_1722,2026-06-01
PLAB,SHORT,CONVICTION,67.0,BEAR_REJECTION_PENDING,32.66,53.78,31.03,,4,0.08,31.8700008392334,33.58000183105469,31.459999084472656,3668200.0,-0.47,CLOSED,0.04,FAVORABLE,LIMIT,5,CONVICTION,2026-07-16_1722,2026-06-01
PAR,LONG,CONVICTION,66.9,BULL_BOUNCE_PENDING,15.76,15.36,16.52,,252,1.93,16.260000228881836,16.40999984741211,15.5,3129500.0,1.12,CLOSED,1.25,FAVORABLE,LIMIT,3,COMPRESSION,2026-07-16_1722,2026-06-01
ERAS,LONG,CONVICTION,66.7,BULL_BOUNCE_PENDING,14.13,12.77,14.84,,73,0.52,13.819999694824219,15.029999732971191,12.859999656677246,10520800.0,-4.16,TARGET_HIT,1.5,FAVORABLE,LIMIT,2,MINOR,2026-07-16_1722,2026-06-01
IVR,LONG,CONVICTION,66.3,BULL_BOUNCE_PENDING,7.72,7.24,8.91,9.0,208,2.47,7.869999885559082,7.929999828338623,7.769999980926514,2716900.0,-0.14,NO_FILL,0.0,FAVORABLE,LIMIT,5,COMPRESSION,2026-07-16_1722,2026-06-01
POAS,LONG,CONVICTION,66.2,BULL_BOUNCE_PENDING,0.29,0.23,0.3,,1751,0.25,0.2680000066757202,0.5099999904632568,0.25099998712539673,10715600.0,-6.41,TARGET_HIT,1.5,FAVORABLE,LIMIT,5,MINOR,2026-07-16_1722,2026-06-01
DVLT,LONG,CONVICTION,66.1,BULL_BOUNCE_PENDING,0.53,0.49,0.55,,2373,0.63,0.5600000023841858,0.5799999833106995,0.5,63998200.0,3.97,TARGET_HIT,1.5,FAVORABLE,LIMIT,3,MINOR,2026-07-16_1722,2026-06-01
SMR,LONG,CONVICTION,66.1,BULL_BOUNCE_PENDING,12.89,11.34,13.53,,64,0.42,12.890000343322754,13.399999618530273,11.979999542236328,41564800.0,-1.97,CLOSED,0.0,FAVORABLE,LIMIT,2,COMPRESSION,2026-07-16_1722,2026-06-01
IT,LONG,CONVICTION,66.0,BULL_BOUNCE_PENDING,172.49,167.02,181.12,,18,1.58,179.58999633789062,180.4499969482422,165.0399932861328,2031400.0,2.03,STOPPED,-1.0,FAVORABLE,LIMIT,1,MINOR,2026-07-16_1722,2026-06-01
AMPG,LONG,CONVICTION,66.0,BULL_BOUNCE_PENDING,5.14,4.28,5.39,,117,0.3,5.150000095367432,5.420000076293945,4.389999866485596,6151300.0,-1.72,TARGET_HIT,1.5,FAVORABLE,LIMIT,1,MINOR,2026-07-16_1722,2026-06-01
CGEM,LONG,CONVICTION,65.9,BULL_BOUNCE,16.09,14.82,18.12,,79,1.6,16.209999084472656,16.600000381469727,15.899999618530273,988200.0,0.75,CLOSED,0.09,FAVORABLE,LIMIT,5,COMPRESSION,2026-07-16_1722,2026-06-01
CCTG,LONG,CONVICTION,65.5,BULL_BOUNCE_PENDING,0.59,0.56,0.62,,3163,0.93,0.5379999876022339,0.800000011920929,0.49300000071525574,1485800.0,-10.35,STOPPED,-1.0,FAVORABLE,LIMIT,0,NONE,2026-07-16_1722,2026-06-01
TRNS,SHORT,CONVICTION,65.0,BEAR_REJECTION_PENDING,87.0,99.63,82.65,,7,0.34,88.08999633789062,88.55000305175781,76.54000091552734,361500.0,1.57,TARGET_HIT,1.5,FAVORABLE,LIMIT,5,CONVICTION,2026-07-16_1722,2026-06-01
MEHA,LONG,CONVICTION,65.0,BULL_BOUNCE,0.08,0.06,0.09,,4608,0.37,0.08299999684095383,0.09189999848604202,0.07989999651908875,20854758.0,1.22,TARGET_HIT,1.5,FAVORABLE,LIMIT,5,COMPRESSION,2026-07-16_1722,2026-06-01
GDRX,LONG,CONVICTION,65.0,BULL_BOUNCE_PENDING,2.91,2.79,3.36,,845,3.84,3.0799999237060547,3.0999999046325684,2.880000114440918,2465600.0,3.88,CLOSED,1.42,FAVORABLE,LIMIT,5,COMPRESSION,2026-07-16_1722,2026-06-01
SKYX,LONG,CONVICTION,65.0,BULL_BOUNCE_PENDING,1.1,1.02,1.26,,1287,2.03,1.1699999570846558,1.1749999523162842,1.0950000286102295,1480400.0,4.0,CLOSED,0.87,FAVORABLE,LIMIT,4,MINOR,2026-07-16_1722,2026-06-01
TENX,LONG,CONVICTION,65.0,BULL_BOUNCE,11.94,10.49,14.99,,68,2.1,11.970000267028809,12.100000381469727,11.5,1700400.0,0.25,CLOSED,0.02,FAVORABLE,LIMIT,5,MINOR,2026-07-16_1722,2026-06-01
XNDU,LONG,CONVICTION,65.0,BULL_BOUNCE_PENDING,15.85,15.03,17.45,17.7,122,1.96,16.100000381469727,16.459999084472656,15.550000190734863,3378600.0,-0.45,CLOSED,0.3,FAVORABLE,LIMIT,5,MINOR,2026-07-16_1722,2026-06-01
JBIO,LONG,CONVICTION,65.0,BULL_BOUNCE_PENDING,18.24,17.72,20.29,20.29,193,3.97,18.59000015258789,20.739999771118164,17.350000381469727,2689100.0,1.2,STOPPED,-1.0,FAVORABLE,LIMIT,5,COMPRESSION,2026-07-16_1722,2026-06-01
SEGG,LONG,CONVICTION,64.7,BULL_BOUNCE_PENDING,1.74,1.63,2.0,2.0,912,2.39,1.7000000476837158,1.9600000381469727,1.6200000047683716,1847100.0,-2.86,STOPPED,-1.0,FAVORABLE,LIMIT,5,MINOR,2026-07-16_1722,2026-06-01
ERO,SHORT,CONVICTION,64.6,BEAR_REJECTION_PENDING,31.09,33.56,26.83,,40,1.73,31.420000076293945,31.735000610351562,30.0,1050800.0,1.91,CLOSED_LOSS,-0.13,FAVORABLE,LIMIT,5,CONVICTION,2026-07-16_1722,2026-06-01
VTEX,LONG,CONVICTION,64.6,BULL_BOUNCE_PENDING,4.01,3.75,4.46,,381,1.71,4.099999904632568,4.139999866485596,3.869999885559082,1885600.0,0.12,CLOSED,0.35,FAVORABLE,LIMIT,5,COMPRESSION,2026-07-16_1722,2026-06-01
PGY,LONG,CONVICTION,64.5,BULL_BOUNCE_PENDING,15.42,15.04,16.9,,269,4.0,15.640000343322754,15.989999771118164,14.729999542236328,5388900.0,-0.57,STOPPED,-1.0,FAVORABLE,LIMIT,1,MINOR,2026-07-16_1722,2026-06-01
ALOY,LONG,CONVICTION,64.5,BULL_BOUNCE_PENDING,11.02,10.23,11.57,,127,0.7,10.989999771118164,11.470000267028809,9.34000015258789,4239600.0,-2.22,STOPPED,-1.0,FAVORABLE,LIMIT,2,MINOR,2026-07-16_1722,2026-06-01
TBBB,LONG,CONVICTION,64.4,BULL_BOUNCE_PENDING,37.53,32.66,39.41,,20,0.39,39.560001373291016,40.0,36.840999603271484,2106600.0,3.29,TARGET_HIT,1.5,FAVORABLE,LIMIT,4,MINOR,2026-07-16_1722,2026-06-01
RUN,LONG,CONVICTION,64.3,BULL_BOUNCE_PENDING,15.46,14.89,16.45,16.81,172,1.71,15.579999923706055,16.3700008392334,15.274999618530273,13548100.0,-1.26,CLOSED,0.21,FAVORABLE,LIMIT,5,MINOR,2026-07-16_1722,2026-06-01
SAIC,LONG,CONVICTION,64.1,BULL_BOUNCE_PENDING,121.72,120.3,127.81,,70,4.26,115.08000183105469,123.41000366210938,112.16000366210938,1843500.0,-6.68,STOPPED,-1.0,FAVORABLE,LIMIT,1,COMPRESSION,2026-07-16_1722,2026-06-01
ALMU,LONG,CONVICTION,64.0,BULL_BOUNCE_PENDING,24.03,20.28,25.23,,26,0.32,26.209999084472656,26.770000457763672,21.450000762939453,2285600.0,6.89,TARGET_HIT,1.5,FAVORABLE,LIMIT,5,CONVICTION,2026-07-16_1722,2026-06-01
GOVX,LONG,CONVICTION,64.0,BULL_BOUNCE_PENDING,2.16,1.86,2.26,,336,0.36,2.2100000381469727,2.4000000953674316,2.130000114440918,2034100.0,0.45,TARGET_HIT,1.5,FAVORABLE,LIMIT,5,MINOR,2026-07-16_1722,2026-06-01
HCWB,LONG,CONVICTION,64.0,BULL_BOUNCE_PENDING,2.01,1.72,2.11,,341,0.34,12.420000076293945,13.5,11.819999694824219,580750.0,505.85,NO_FILL,0.0,FAVORABLE,LIMIT,5,MINOR,2026-07-16_1722,2026-06-01
NCI,LONG,CONVICTION,64.0,BULL_BOUNCE,9.95,9.23,10.35,,139,0.56,9.9399995803833,10.4399995803833,9.779999732971191,1385200.0,-0.1,TARGET_HIT,1.5,FAVORABLE,LIMIT,5,MINOR,2026-07-16_1722,2026-06-01
MRLN,LONG,CONVICTION,64.0,BULL_BOUNCE_PENDING,7.28,6.88,7.9,,250,1.56,7.179999828338623,8.479999542236328,7.025000095367432,2746200.0,-3.3,TARGET_HIT,1.5,FAVORABLE,LIMIT,5,MINOR,2026-07-16_1722,2026-06-01
NCPL,LONG,CONVICTION,64.0,BULL_BOUNCE_PENDING,0.9,0.81,0.95,,1080,0.49,0.8999999761581421,1.0789999961853027,0.8349999785423279,1813500.0,-2.17,TARGET_HIT,1.5,FAVORABLE,LIMIT,5,MINOR,2026-07-16_1722,2026-06-01
DFTX,LONG,CONVICTION,63.9,BULL_BOUNCE_PENDING,23.52,22.81,24.7,,141,1.67,24.059999465942383,24.725000381469727,23.690000534057617,1735700.0,0.25,NO_FILL,0.0,FAVORABLE,LIMIT,2,MINOR,2026-07-16_1722,2026-06-01
STRL,LONG,CONVICTION,63.4,BULL_BOUNCE,846.13,795.43,869.21,,1,0.46,845.3900146484375,861.0,822.6199951171875,505500.0,-0.09,CLOSED_LOSS,-0.01,FAVORABLE,LIMIT,5,VACUUM,2026-07-16_1722,2026-06-01
EDIT,LONG,CONVICTION,63.4,BULL_BOUNCE_PENDING,3.37,3.14,3.53,,441,0.74,3.3399999141693115,3.509999990463257,3.2899999618530273,3101700.0,-2.77,CLOSED_LOSS,-0.13,FAVORABLE,LIMIT,5,MINOR,2026-07-16_1722,2026-06-01
ASTC,LONG,CONVICTION,63.1,BULL_BOUNCE_PENDING,35.87,33.78,37.66,,48,0.86,35.400001525878906,43.33000183105469,33.13999938964844,6166000.0,-1.73,STOPPED,-1.0,FAVORABLE,LIMIT,1,MINOR,2026-07-16_1722,2026-06-01
MANH,SHORT,CONVICTION,63.1,BEAR_REJECTION_PENDING,158.77,161.95,153.01,143.64,31,1.81,161.1199951171875,162.77000427246094,150.97999572753906,836300.0,2.3,STOPPED,-1.0,FAVORABLE,LIMIT,3,CONVICTION,2026-07-16_1722,2026-06-01
NAK,LONG,CONVICTION,63.0,BULL_BOUNCE_PENDING,2.36,2.24,2.48,,821,0.97,2.2899999618530273,2.430000066757202,2.2799999713897705,11441400.0,-5.1,CLOSED_LOSS,-0.58,FAVORABLE,LIMIT,0,NONE,2026-07-16_1722,2026-06-01
STIM,LONG,CONVICTION,63.0,BULL_BOUNCE_PENDING,1.63,1.47,1.91,,627,1.75,1.6699999570846558,1.7400000095367432,1.5199999809265137,2537900.0,0.3,CLOSED,0.25,FAVORABLE,LIMIT,5,MINOR,2026-07-16_1722,2026-06-01
GWRE,SHORT,CONVICTION,63.0,BEAR_REJECTION_PENDING,170.48,180.62,143.67,146.0,9,2.64,171.4199981689453,173.17999267578125,156.6300048828125,2628800.0,2.56,CLOSED_LOSS,-0.09,FAVORABLE,LIMIT,5,CONVICTION,2026-07-16_1722,2026-06-01
TDIC,LONG,CONVICTION,63.0,BULL_BOUNCE_PENDING,0.42,0.31,0.44,,914,0.19,11.0,14.0,10.024999618530273,966296.0,2448.66,NO_FILL,0.0,FAVORABLE,LIMIT,5,MINOR,2026-07-16_1722,2026-06-01
AMTX,LONG,CONVICTION,63.0,BULL_BOUNCE_PENDING,2.61,2.5,2.78,,895,1.51,2.640000104904175,2.7290000915527344,2.569999933242798,1419600.0,-0.94,CLOSED,0.27,FAVORABLE,LIMIT,5,MINOR,2026-07-16_1722,2026-06-01
IRDM,LONG,CONVICTION,63.0,BULL_BOUNCE_PENDING,47.24,45.24,51.58,52.56,49,2.16,47.810001373291016,51.79999923706055,47.68000030517578,2609000.0,-0.82,NO_FILL,0.0,FAVORABLE,LIMIT,5,COMPRESSION,2026-07-16_1722,2026-06-01
PROP,LONG,CONVICTION,62.8,BULL_BOUNCE,0.92,0.83,1.06,,1106,1.51,0.9380000233650208,0.9549999833106995,0.8999999761581421,1638600.0,1.55,CLOSED,0.2,FAVORABLE,LIMIT,5,MINOR,2026-07-16_1722,2026-06-01
RKT,LONG,CONVICTION,62.6,BULL_BOUNCE_PENDING,13.98,13.72,14.44,14.68,379,1.73,14.180000305175781,14.479999542236328,14.020000457763672,19103400.0,-0.63,NO_FILL,0.0,FAVORABLE,LIMIT,5,MINOR,2026-07-16_1722,2026-06-01
BGS,SHORT,CONVICTION,62.6,BEAR_REJECTION_PENDING,4.04,4.11,3.84,,1419,2.87,3.990000009536743,4.110000133514404,3.950000047683716,2885100.0,-0.65,STOPPED,-1.0,FAVORABLE,LIMIT,5,COMPRESSION,2026-07-16_1722,2026-06-01
BRUN,LONG,CONVICTION,62.4,BULL_BOUNCE_PENDING,35.28,32.79,37.04,,40,0.71,39.20000076293945,40.97999954223633,33.029998779296875,3983000.0,8.89,TARGET_HIT,1.5,FAVORABLE,LIMIT,2,COMPRESSION,2026-07-16_1722,2026-06-01
SPIR,LONG,CONVICTION,62.4,BULL_BOUNCE_PENDING,20.06,18.84,22.04,23.37,81,1.62,20.559999465942383,22.450000762939453,20.059999465942383,1587600.0,0.44,TARGET_HIT,1.5,FAVORABLE,LIMIT,5,COMPRESSION,2026-07-16_1722,2026-06-01
BIRK,LONG,CONVICTION,62.1,BULL_BOUNCE,43.59,40.93,48.54,,37,1.86,44.900001525878906,44.900001525878906,42.869998931884766,2242800.0,3.02,CLOSED,0.49,FAVORABLE,LIMIT,5,COMPRESSION,2026-07-16_1722,2026-06-01
OMDA,LONG,CONVICTION,62.0,BULL_BOUNCE_PENDING,18.05,17.41,20.01,20.51,157,3.1,18.3799991607666,18.709999084472656,17.770000457763672,1152900.0,-0.19,CLOSED,0.52,FAVORABLE,LIMIT,5,COMPRESSION,2026-07-16_1722,2026-06-01
ACDC,LONG,CONVICTION,62.0,BULL_BOUNCE_PENDING,6.39,5.33,6.71,,94,0.3,6.730000019073486,6.880000114440918,6.110000133514404,2059700.0,3.14,TARGET_HIT,1.5,FAVORABLE,LIMIT,5,COMPRESSION,2026-07-16_1722,2026-06-01
AMZE,LONG,CONVICTION,62.0,BULL_BOUNCE_PENDING,0.16,0.14,0.17,,7328,0.58,0.18799999356269836,0.1889999955892563,0.15299999713897705,26082200.0,16.99,TARGET_HIT,1.5,FAVORABLE,LIMIT,4,MINOR,2026-07-16_1722,2026-06-01
SNBR,LONG,CONVICTION,62.0,BULL_BOUNCE_PENDING,1.21,1.02,1.27,,535,0.32,nan,nan,nan,nan,nan,NO_FILL,0.0,FAVORABLE,LIMIT,5,MINOR,2026-07-16_1722,2026-06-01
DGNX,LONG,CONVICTION,62.0,BULL_BOUNCE,1.17,0.97,1.48,,512,1.59,1.159999966621399,1.25,1.100000023841858,1283100.0,-0.85,CLOSED_LOSS,-0.05,FAVORABLE,LIMIT,5,COMPRESSION,2026-07-16_1722,2026-06-01
CRBU,LONG,CONVICTION,61.8,BULL_BOUNCE_PENDING,2.39,2.13,2.51,,392,0.47,2.430000066757202,2.490000009536743,2.309999942779541,1966700.0,-0.21,CLOSED,0.15,FAVORABLE,LIMIT,3,MINOR,2026-07-16_1722,2026-06-01
WTI,LONG,CONVICTION,61.6,BULL_BOUNCE_PENDING,3.84,3.66,4.38,4.37,571,3.1,3.990000009536743,4.050000190734863,3.8499999046325684,7537700.0,1.92,NO_FILL,0.0,FAVORABLE,LIMIT,5,COMPRESSION,2026-07-16_1722,2026-06-01
PURR,LONG,CONVICTION,61.3,BULL_BOUNCE_PENDING,10.69,10.35,11.62,11.62,289,2.69,10.869999885559082,11.619999885559082,10.380000114440918,41643500.0,-0.37,CLOSED,0.53,FAVORABLE,LIMIT,5,MINOR,2026-07-16_1722,2026-06-01
HAWK,LONG,CONVICTION,61.3,BULL_BOUNCE_CONFIRMED,33.27,30.3,34.94,,33,0.56,31.639999389648438,33.9900016784668,31.3700008392334,1725100.0,-4.91,CLOSED_LOSS,-0.55,FAVORABLE,LIMIT,5,COMPRESSION,2026-07-16_1722,2026-06-01
PRFX,LONG,CONVICTION,61.2,BULL_BOUNCE_PENDING,1.9,1.75,2.17,,669,1.83,2.0199999809265137,2.3499999046325684,1.8700000047683716,3112300.0,4.12,TARGET_HIT,1.5,FAVORABLE,LIMIT,5,MINOR,2026-07-16_1722,2026-06-01
VLN,LONG,CONVICTION,61.0,CHANNEL_RECLAIM_LONG,3.38,2.1,3.55,,78,0.13,3.3499999046325684,3.5,3.2100000381469727,2620600.0,-0.88,CLOSED_LOSS,-0.02,FAVORABLE,LIMIT,5,COMPRESSION,2026-07-16_1722,2026-06-01
CGTX,LONG,CONVICTION,61.0,BULL_BOUNCE_PENDING,1.27,1.24,1.32,1.33,3472,1.91,1.25,1.378999948501587,1.159999966621399,2477500.0,-2.34,STOPPED,-1.0,FAVORABLE,LIMIT,5,MINOR,2026-07-16_1722,2026-06-01
KULR,LONG,CONVICTION,61.0,CHANNEL_RECLAIM_LONG,4.7,4.43,4.94,,365,0.86,4.599999904632568,4.880000114440918,4.510000228881836,2717200.0,-2.15,CLOSED_LOSS,-0.37,FAVORABLE,LIMIT,5,MINOR,2026-07-16_1722,2026-06-01
NCRA,LONG,CONVICTION,61.0,CHANNEL_RECLAIM_LONG,0.21,0.18,0.22,,3252,0.34,6.090000152587891,6.71999979019165,5.730000019073486,61050.0,2795.86,NO_FILL,0.0,FAVORABLE,LIMIT,5,COMPRESSION,2026-07-16_1722,2026-06-01
KRMN,LONG,CONVICTION,60.5,BULL_BOUNCE_PENDING,52.74,49.22,61.6,61.13,28,2.52,53.650001525878906,58.689998626708984,52.939998626708984,6021500.0,-0.32,NO_FILL,0.0,FAVORABLE,LIMIT,5,CONVICTION,2026-07-16_1722,2026-06-01
CING,SHORT,CONVICTION,60.5,BEAR_REJECTION_PENDING,3.6,4.18,3.42,,172,0.31,3.5999999046325684,3.7699999809265137,3.1600000858306885,2189400.0,2.01,TARGET_HIT,1.5,FAVORABLE,LIMIT,5,COMPRESSION,2026-07-16_1722,2026-06-01
BMBL,LONG,CONVICTION,60.4,BULL_BOUNCE_PENDING,3.18,3.13,3.56,3.39,2107,8.01,3.2200000286102295,3.2799999713897705,3.130000114440918,3556800.0,-0.46,CLOSED,0.8,FAVORABLE,LIMIT,4,COMPRESSION,2026-07-16_1722,2026-06-01
NEO,LONG,CONVICTION,60.2,BULL_BOUNCE_PENDING,10.15,9.19,10.66,,104,0.53,10.4399995803833,10.600000381469727,10.029999732971191,1205300.0,0.77,CLOSED,0.3,FAVORABLE,LIMIT,1,COMPRESSION,2026-07-16_1722,2026-06-01
MWH,LONG,CONVICTION,60.2,BULL_BOUNCE_PENDING,33.76,33.03,35.44,35.44,137,2.31,34.630001068115234,35.5,33.5,3196400.0,0.9,TARGET_HIT,1.5,FAVORABLE,LIMIT,5,COMPRESSION,2026-07-16_1722,2026-06-01
RCAT,LONG,CONVICTION,60.0,BULL_BOUNCE_PENDING,14.39,13.79,15.58,16.18,166,1.99,14.84000015258789,15.789999961853027,14.1850004196167,27516400.0,1.09,TARGET_HIT,1.5,FAVORABLE,LIMIT,5,COMPRESSION,2026-07-16_1722,2026-06-01
PD,LONG,CONVICTION,60.0,BULL_BOUNCE_PENDING,10.21,9.9,11.78,11.83,326,5.13,10.6899995803833,10.699999809265137,9.982000350952148,4280400.0,2.64,CLOSED,1.5,FAVORABLE,LIMIT,5,COMPRESSION,2026-07-16_1722,2026-06-01
CRSR,LONG,CONVICTION,60.0,BULL_BOUNCE_PENDING,10.79,10.3,11.72,12.05,204,1.89,11.479999542236328,11.529999732971191,10.0,7597000.0,4.22,STOPPED,-1.0,FAVORABLE,LIMIT,5,COMPRESSION,2026-07-16_1722,2026-06-01
EVH,LONG,CONVICTION,60.0,BULL_BOUNCE_PENDING,4.02,3.85,4.22,,563,1.13,4.170000076293945,4.255000114440918,3.880000114440918,2869900.0,1.58,TARGET_HIT,1.5,FAVORABLE,LIMIT,3,MINOR,2026-07-16_1722,2026-06-01
OMEX,LONG,CONVICTION,60.0,BULL_BOUNCE_PENDING,1.19,1.1,1.25,,1135,0.68,1.2000000476837158,1.2389999628067017,1.100000023841858,1443300.0,-1.23,CLOSED,0.11,FAVORABLE,LIMIT,1,MINOR,2026-07-16_1722,2026-06-01
PSIG,LONG,CONVICTION,60.0,BULL_BOUNCE_PENDING,8.27,8.11,8.68,,617,2.55,8.850000381469727,9.25,8.180000305175781,3051800.0,4.86,TARGET_HIT,1.5,FAVORABLE,LIMIT,2,MINOR,2026-07-16_1722,2026-06-01
SRFM,LONG,CONVICTION,60.0,BULL_BOUNCE_PENDING,1.16,1.06,1.34,,1078,1.98,1.159999966621399,1.2200000286102295,1.149999976158142,3855300.0,-1.69,CLOSED_LOSS,-0.0,FAVORABLE,LIMIT,5,COMPRESSION,2026-07-16_1722,2026-06-01
