idea_id,day,source,ticker,setup,side,tier,score,score_band,entry_type,entry,stop,target,shares,rr,first_seen,last_seen,outcome,result_r,mfe_r,mae_r,current_r,fill_time,exit_time,last_px,spy_regime,relative_volume_today,obv_state,notes
3f2e3d327e4ed024,2026-08-21,live_state_lookup,SUGP,BULL_BOUNCE_PENDING,LONG,CONVICTION,100.0,90+,MARKET,3.29,2.77,3.45,498,0.31,2026-08-21T04:03:52,2026-08-21T07:16:33,NOT_EVALUATED,,,,,,,,CHOP,11.23,RISING,MARKET BUY @ ~$4.01 (CONVICTION score 100). Stop $3.81. Anchor: daily 106tk @ $3.30.
75562f7e6998efb0,2026-08-21,live_state_lookup,WYFI,BEAR_REJECTION_PENDING,SHORT,CONVICTION,91.0,90+,LIMIT,21.73,27.21,20.64,18,0.2,2026-08-21T04:04:00,2026-08-21T10:39:11,NOT_EVALUATED,,,,,,,,CHOP,1.281,FALLING,"LIMIT SHORT @ $21.73 (2% rally cap; anchor at $22.13 too far). Stop $27.21. Anchor: daily 495tk bear. CONVICTION 91 — size may step up, still waiting for location."
065ff6159dcf8749,2026-08-21,live_state_lookup,ACM,BEAR_REJECTION_PENDING,SHORT,CONVICTION,90.4,90+,LIMIT,65.7,67.39,62.75,59,1.75,2026-08-21T04:03:01,2026-08-21T10:39:11,NOT_EVALUATED,,,,,,,,CHOP,1.093,FALLING,"LIMIT SHORT @ $65.70 on rally (0.8% above current $65.18). Stop $67.39. Anchor: daily 135tk bear. CONVICTION 90 — size may step up, still waiting for location."
9207034e826c550b,2026-08-21,live_state_lookup,SUGP,BULL_BOUNCE_PENDING,LONG,CONVICTION,89.0,80-89,STOP,3.29,2.77,3.45,204,0.31,2026-08-21T04:03:52,2026-08-21T10:39:11,NOT_EVALUATED,,,,,,,,CHOP,10.988,RISING,"BUY-STOP @ $3.84 (above today's high $3.84). Stop $3.35 (1.0xATR). Score 89, strength=4/4, regime=CHOP. BREAKOUT_FOLLOW."
9fd1c18232a80ff7,2026-08-21,live_state_lookup,TDC,BEAR_REJECTION_PENDING,SHORT,CONVICTION,89.0,80-89,LIMIT,27.87,28.39,26.86,21,1.94,2026-08-21T04:03:10,2026-08-21T09:49:49,NOT_EVALUATED,,,,,,,,CHOP,0.149,NEUTRAL,LIMIT SHORT @ $27.52 on rally (0.2% above current $27.47). Stop $32.08. Anchor: daily 441tk bear.
8f8e1342089927e3,2026-08-21,live_state_lookup,RH,BEAR_REJECTION_PENDING,SHORT,CONVICTION,88.8,80-89,LIMIT,160.4,166.64,146.49,16,2.23,2026-08-21T04:03:42,2026-08-21T10:39:11,NOT_EVALUATED,,,,,,,,CHOP,1.302,FALLING,LIMIT SHORT @ $160.40 (2% rally cap; anchor at $162.65 too far). Stop $166.64. Anchor: 4h 316tk bear.
756ea389d6c01fd9,2026-08-21,live_state_lookup,CVLT,BULL_BOUNCE_PENDING,LONG,CONVICTION,83.8,80-89,LIMIT,129.0,123.78,144.32,19,2.93,2026-08-21T04:03:44,2026-08-21T09:49:49,NOT_EVALUATED,,,,,,,,CHOP,0.91,NEUTRAL,LIMIT BUY @ $129.00 (2% pullback cap; anchor at $125.53 too far). Stop $123.78. Anchor: daily 121tk.
d1005a326ceee777,2026-08-21,live_state_lookup,SUGP,BULL_BOUNCE_PENDING,LONG,CONVICTION,82.2,80-89,LIMIT,3.29,2.77,3.45,192,0.32,2026-08-21T04:03:52,2026-08-21T10:16:39,NOT_EVALUATED,,,,,,,,CHOP,9.365,NEUTRAL,LIMIT BUY @ $3.29 (2% pullback cap; anchor at $2.90 too far). Stop $2.77. Anchor: 4h 25tk.
d42750f0292e262d,2026-08-21,live_state_lookup,BEEM,BULL_BOUNCE_PENDING,LONG,CONVICTION,80.9,80-89,STOP,1.45,1.37,1.52,1302,0.94,2026-08-21T04:04:23,2026-08-21T10:39:11,NOT_EVALUATED,,,,,,,,CHOP,11.835,RISING,"BUY-STOP @ $1.45 (above today's high $1.45). Stop $1.37 (1.0xATR). Score 81, strength=4/4, regime=CHOP. BREAKOUT_FOLLOW."
920becd14bac48ae,2026-08-21,live_state_lookup,VRNS,BULL_BOUNCE_PENDING,LONG,CONVICTION,79.8,70-79,LIMIT,39.71,34.85,41.7,20,0.41,2026-08-21T09:41:06,2026-08-21T10:39:11,NOT_EVALUATED,,,,,,,,CHOP,0.133,NEUTRAL,LIMIT BUY @ $39.71 (2% pullback cap; anchor at $35.69 too far). Stop $34.85. Anchor: daily 133tk.
805e1dc1be1e4555,2026-08-21,live_state_lookup,SNEX,BEAR_REJECTION_PENDING,SHORT,CONVICTION,79.0,70-79,LIMIT,67.24,75.79,63.88,11,0.39,2026-08-21T09:36:39,2026-08-21T10:21:07,NOT_EVALUATED,,,,,,,,CHOP,0.256,RISING,LIMIT SHORT @ $67.24 on rally (0.5% above current $66.93). Stop $75.79. Anchor: daily 818tk bear.
a159814badc4d87e,2026-08-21,live_state_lookup,RYAN,BEAR_REJECTION_PENDING,SHORT,CONVICTION,75.7,70-79,LIMIT,43.78,44.69,40.14,109,3.99,2026-08-21T04:03:19,2026-08-21T10:39:11,NOT_EVALUATED,,,,,,,,CHOP,0.443,FALLING,LIMIT SHORT @ $43.78 on rally (1.6% above current $43.10). Stop $44.69. Anchor: daily 69tk bear.
636ea03240d5c278,2026-08-21,live_state_lookup,NRG,BULL_BOUNCE_PENDING,LONG,CONVICTION,75.7,70-79,LIMIT,113.84,108.27,126.36,17,2.25,2026-08-21T04:03:04,2026-08-21T10:39:11,NOT_EVALUATED,,,,,,,,CHOP,0.873,RISING,LIMIT BUY @ $113.84 (2% pullback cap; anchor at $110.44 too far). Stop $108.27. Anchor: daily 172tk.
46280cac45882038,2026-08-21,live_state_lookup,RH,BULL_BOUNCE_PENDING,LONG,CONVICTION,74.7,70-79,LIMIT,154.1,142.28,172.0,2,1.51,2026-08-21T04:03:42,2026-08-21T09:35:53,NOT_EVALUATED,,,,,,,,CHOP,1.302,FALLING,LIMIT BUY @ $154.10 (2% pullback cap; anchor at $145.34 too far). Stop $142.28. Anchor: daily 232tk.
ee24bdb7f1bdc1dc,2026-08-21,live_state_lookup,CHRW,BEAR_REJECTION_PENDING,SHORT,CONVICTION,74.4,70-79,LIMIT,146.71,154.37,123.22,13,3.07,2026-08-21T04:03:19,2026-08-21T10:39:11,NOT_EVALUATED,,,,,,,,CHOP,0.484,FALLING,LIMIT SHORT @ $146.71 (2% rally cap; anchor at $152.58 too far). Stop $154.37. Anchor: daily 102tk bear.
858a1f57f70c5767,2026-08-21,live_state_lookup,MOD,BEAR_REJECTION_PENDING,SHORT,CONVICTION,74.4,70-79,LIMIT,197.88,205.98,170.0,12,3.44,2026-08-21T04:03:16,2026-08-21T09:58:28,NOT_EVALUATED,,,,,,,,CHOP,0.606,RISING,LIMIT SHORT @ $197.88 (2% rally cap; anchor at $200.49 too far). Stop $205.98. Anchor: 30m 447tk bear.
c9f471aa8841e0b0,2026-08-21,live_state_lookup,BFAM,BEAR_REJECTION_PENDING,SHORT,CONVICTION,73.6,70-79,LIMIT,74.96,75.9,71.41,106,3.79,2026-08-21T04:03:28,2026-08-21T07:45:04,NOT_EVALUATED,,,,,,,,CHOP,0.923,FALLING,LIMIT SHORT @ $74.96 on rally (1.8% above current $73.61). Stop $75.9. Anchor: daily 57tk bear.
efc9ea7fab2c02dc,2026-08-21,live_state_lookup,FTAI,BULL_BOUNCE,LONG,CONVICTION,72.7,70-79,LIMIT,197.16,183.97,220.07,7,1.74,2026-08-21T04:03:22,2026-08-21T04:44:12,NOT_EVALUATED,,,,,,,,CHOP,0.819,RISING,"Channel: 5m ASC, rails $197.15-$198.47"
5268ece7687bf6eb,2026-08-21,live_state_lookup,SITE,BEAR_REJECTION_PENDING,SHORT,CONVICTION,72.5,70-79,LIMIT,95.99,97.75,91.17,56,2.75,2026-08-21T04:03:39,2026-08-21T10:39:11,NOT_EVALUATED,,,,,,,,CHOP,0.371,RISING,LIMIT SHORT @ $95.99 on rally (0.4% above current $95.59). Stop $97.75. Anchor: 15m 128tk bear.
ed0bb306c946d01f,2026-08-21,live_state_lookup,LGN,BULL_BOUNCE_PENDING,LONG,CONVICTION,72.5,70-79,LIMIT,59.29,55.02,68.8,23,2.23,2026-08-21T04:03:18,2026-08-21T09:54:09,NOT_EVALUATED,,,,,,,,CHOP,0.592,RISING,LIMIT BUY @ $59.29 (2% pullback cap; anchor at $56.52 too far). Stop $55.02. Anchor: 1h 245tk.
1de7a3354696a16a,2026-08-21,live_state_lookup,GXO,BULL_BOUNCE_PENDING,LONG,CONVICTION,72.4,70-79,LIMIT,44.48,42.62,51.03,53,3.51,2026-08-21T04:03:30,2026-08-21T10:39:11,NOT_EVALUATED,,,,,,,,CHOP,0.589,FALLING,LIMIT BUY @ $44.48 (2% pullback cap; anchor at $43.77 too far). Stop $42.62. Anchor: daily 189tk.
545856c05586b44f,2026-08-21,live_state_lookup,BLLN,BEAR_REJECTION_PENDING,SHORT,CONVICTION,72.2,70-79,LIMIT,97.18,100.89,86.6,26,2.84,2026-08-21T04:03:40,2026-08-21T07:40:12,NOT_EVALUATED,,,,,,,,CHOP,0.821,FALLING,LIMIT SHORT @ $97.18 (2% rally cap; anchor at $97.99 too far). Stop $100.89. Anchor: 15m 86tk bear.
3bb30a1982d9c655,2026-08-21,live_state_lookup,NRG,BEAR_REJECTION_PENDING,SHORT,CONVICTION,72.0,70-79,LIMIT,118.48,122.12,111.29,6,1.98,2026-08-21T04:03:04,2026-08-21T09:31:35,NOT_EVALUATED,,,,,,,,CHOP,0.873,RISING,LIMIT SHORT @ $118.48 (2% rally cap; anchor at $119.96 too far). Stop $122.12. Anchor: 30m 105tk bear.
a8c76a7c929abd9a,2026-08-21,live_state_lookup,NVMI,BULL_BOUNCE_PENDING,LONG,CONVICTION,71.4,70-79,LIMIT,379.3,373.41,403.38,3,4.09,2026-08-21T04:03:45,2026-08-21T10:39:11,NOT_EVALUATED,,,,,,,,CHOP,0.265,RISING,LIMIT BUY @ $371.43 (2% pullback cap; anchor at $353.96 too far). Stop $345.6. Anchor: weekly 1325tk.
96a517ccfc81bd3b,2026-08-21,live_state_lookup,BLDR,BEAR_REJECTION_PENDING,SHORT,CONVICTION,71.2,70-79,LIMIT,70.65,71.63,68.49,53,2.2,2026-08-21T07:02:16,2026-08-21T10:29:58,NOT_EVALUATED,,,,,,,,CHOP,0.169,RISING,LIMIT SHORT @ $71.01 on rally (0.5% above current $70.65). Stop $72.89. Anchor: 1h 152tk bear.
e83893b502defc5c,2026-08-21,live_state_lookup,DFNS,BEAR_REJECTION_PENDING,SHORT,CONVICTION,71.1,70-79,LIMIT,23.07,26.13,21.92,22,0.38,2026-08-21T04:04:37,2026-08-21T10:25:27,NOT_EVALUATED,,,,,,,,CHOP,0.005,NEUTRAL,LIMIT SHORT @ $20.05 (2% rally cap; anchor at $21.10 too far). Stop $24.52. Anchor: daily 330tk bear.
1e1e3768812399d3,2026-08-21,live_state_lookup,RRX,BULL_BOUNCE_PENDING,LONG,CONVICTION,70.3,70-79,LIMIT,160.99,155.1,172.43,16,1.94,2026-08-21T04:03:10,2026-08-21T10:39:11,NOT_EVALUATED,,,,,,,,CHOP,0.982,FALLING,LIMIT BUY @ $160.99 (2% pullback cap; anchor at $157.89 too far). Stop $155.1. Anchor: daily 230tk.
6350559afa508f77,2026-08-21,live_state_lookup,JBTM,BULL_BOUNCE_PENDING,LONG,CONVICTION,70.0,70-79,LIMIT,111.72,105.72,121.52,16,1.63,2026-08-21T09:41:07,2026-08-21T10:29:58,NOT_EVALUATED,,,,,,,,CHOP,0.364,FALLING,LIMIT BUY @ $111.72 (2% pullback cap; anchor at $107.52 too far). Stop $105.72. Anchor: daily 255tk.
12267a437ee291eb,2026-08-21,live_state_lookup,DFNS,BULL_BOUNCE_PENDING,LONG,CONVICTION,70.0,70-79,LIMIT,17.24,13.28,18.1,13,0.22,2026-08-21T04:13:57,2026-08-21T10:39:11,NOT_EVALUATED,,,,,,,,CHOP,0.01,NEUTRAL,LIMIT BUY @ $20.31 (2% pullback cap; anchor at $16.79 too far). Stop $13.03. Anchor: daily 737tk.
c7bd0d281d571edc,2026-08-21,live_state_lookup,ADTX,BULL_BOUNCE_PENDING,LONG,CONVICTION,70.0,70-79,STOP,0.0,0.0,0.0,199999,0.0,2026-08-21T04:04:26,2026-08-21T10:07:53,NOT_EVALUATED,,,,,,,,CHOP,3.235,NEUTRAL,"BUY-STOP @ $0.01 (above today's high $0.01). Stop $0.01 (1.0xATR). Score 70, strength=3/4, regime=CHOP. BREAKOUT_FOLLOW."
0e0756910c758176,2026-08-21,live_state_lookup,AVAV,BEAR_REJECTION_PENDING,SHORT,CONVICTION,69.7,60-69,LIMIT,162.69,167.54,151.22,30,2.36,2026-08-21T04:03:31,2026-08-21T10:39:11,NOT_EVALUATED,,,,,,,,CHOP,0.172,FALLING,LIMIT SHORT @ $165.81 on rally (1.1% above current $164.00). Stop $169.1. Anchor: 5m 50tk bear.
1e49d0e09a4398a5,2026-08-21,live_state_lookup,CALM,BULL_BOUNCE_PENDING,LONG,CONVICTION,69.6,60-69,LIMIT,80.78,79.6,84.17,84,2.87,2026-08-21T04:03:35,2026-08-21T10:39:11,NOT_EVALUATED,,,,,,,,CHOP,1.283,FALLING,LIMIT BUY @ $80.78 (2% pullback cap; anchor at $80.77 too far). Stop $79.6. Anchor: 1h 155tk.
e2aeb54c127e00ee,2026-08-21,live_state_lookup,CRUS,BULL_BOUNCE_PENDING,LONG,CONVICTION,69.2,60-69,LIMIT,114.56,103.69,134.15,9,1.8,2026-08-21T04:03:27,2026-08-21T10:39:11,NOT_EVALUATED,,,,,,,,CHOP,0.848,FALLING,LIMIT BUY @ $114.56 (2% pullback cap; anchor at $105.03 too far). Stop $103.69. Anchor: daily 104tk.
ee1e09ab3ef371f4,2026-08-21,live_state_lookup,INTC,BEAR_REJECTION_PENDING,SHORT,CONVICTION,69.2,60-69,LIMIT,95.32,104.01,82.2,11,1.51,2026-08-21T04:03:23,2026-08-21T09:27:00,NOT_EVALUATED,,,,,,,,CHOP,0.72,RISING,LIMIT SHORT @ $95.32 (2% rally cap; anchor at $99.22 too far). Stop $104.01. Anchor: daily 427tk bear.
9d1168c149547b0e,2026-08-21,live_state_lookup,OLN,BEAR_REJECTION_PENDING,SHORT,CONVICTION,69.0,60-69,LIMIT,18.79,19.0,18.34,32,2.14,2026-08-21T06:37:30,2026-08-21T10:39:11,NOT_EVALUATED,,,,,,,,CHOP,0.226,FALLING,LIMIT SHORT @ $19.17 (2% rally cap; anchor at $20.48 too far). Stop $22.28. Anchor: daily 170tk bear.
f8a445ca01bfca15,2026-08-21,live_state_lookup,INTC,BULL_BOUNCE_PENDING,LONG,CONVICTION,69.0,60-69,LIMIT,90.71,66.45,95.24,4,0.19,2026-08-21T04:12:31,2026-08-21T10:39:11,NOT_EVALUATED,,,,,,,,CHOP,0.72,RISING,LIMIT BUY @ $90.71 (2% pullback cap; anchor at $74.49 too far). Stop $66.45. Anchor: daily 1543tk.
1188f56c6d808080,2026-08-21,live_state_lookup,HAWK,BEAR_REJECTION_PENDING,SHORT,CONVICTION,68.7,60-69,LIMIT,21.78,22.24,19.77,215,4.33,2026-08-21T04:03:23,2026-08-21T10:39:11,NOT_EVALUATED,,,,,,,,CHOP,0.731,FALLING,LIMIT SHORT @ $21.78 on rally (0.8% above current $21.61). Stop $22.24. Anchor: daily 13tk bear.
db5fba0a7757760d,2026-08-21,live_state_lookup,VRNS,BULL_BOUNCE,LONG,CONVICTION,68.2,60-69,LIMIT,40.85,38.87,44.09,50,1.64,2026-08-21T04:03:36,2026-08-21T09:35:53,NOT_EVALUATED,,,,,,,,CHOP,0.758,NEUTRAL,"Channel: 5m ASC, rails $40.82-$41.07"
5e498447ee812d3d,2026-08-21,live_state_lookup,FTAI,BULL_BOUNCE_PENDING,LONG,CONVICTION,67.9,60-69,LIMIT,193.22,170.8,202.88,4,0.43,2026-08-21T04:03:22,2026-08-21T04:44:12,NOT_EVALUATED,,,,,,,,CHOP,0.819,RISING,LIMIT BUY @ $193.22 (2% pullback cap; anchor at $174.75 too far). Stop $170.8. Anchor: daily 385tk.
349b713595c90720,2026-08-21,live_state_lookup,ALHC,BULL_BOUNCE,LONG,CONVICTION,67.3,60-69,LIMIT,13.14,12.46,14.55,146,2.06,2026-08-21T09:40:23,2026-08-21T10:39:11,NOT_EVALUATED,,,,,,,,CHOP,0.122,RISING,"Channel: 30m ASC, rails $13.17-$13.27"
3bbb591ce17a59cf,2026-08-21,live_state_lookup,HLI,BULL_BOUNCE,LONG,CONVICTION,67.3,60-69,LIMIT,128.99,124.41,145.77,21,3.66,2026-08-21T09:32:16,2026-08-21T10:39:11,NOT_EVALUATED,,,,,,,,CHOP,0.225,RISING,"Channel: 5m ASC, rails $129.01-$130.16"
dc3dfec6c11f5941,2026-08-21,live_state_lookup,WHR,BEAR_REJECTION_PENDING,SHORT,CONVICTION,67.3,60-69,LIMIT,41.0,41.72,38.49,139,3.49,2026-08-21T04:03:05,2026-08-21T10:21:07,NOT_EVALUATED,,,,,,,,CHOP,0.901,FALLING,LIMIT SHORT @ $41.00 on rally (1.3% above current $40.47). Stop $41.72. Anchor: weekly 37tk bear.
4885ef9899869a98,2026-08-21,live_state_lookup,DGXX,BULL_BOUNCE_CONFIRMED,LONG,CONVICTION,67.2,60-69,LIMIT,3.98,3.79,4.27,667,1.53,2026-08-21T04:32:27,2026-08-21T09:54:09,NOT_EVALUATED,,,,,,,,CHOP,0.685,NEUTRAL,"Channel: 5m ASC, rails $3.83-$3.90. Recent low $3.98 → now $4.08 (+2.4%)"
6531189984148639,2026-08-21,live_state_lookup,PAVS,BULL_BOUNCE_PENDING,LONG,CONVICTION,67.2,60-69,LIMIT,4.92,4.54,5.71,175,2.08,2026-08-21T04:04:44,2026-08-21T09:13:05,NOT_EVALUATED,,,,,,,,CHOP,0.015,NEUTRAL,LIMIT BUY @ $5.26 (2% pullback cap; anchor at $4.99 too far). Stop $4.69. Anchor: 1h 6tk.
58f4a3e313a9a658,2026-08-21,live_state_lookup,PRIM,BEAR_REJECTION_PENDING,SHORT,CONVICTION,67.2,60-69,LIMIT,79.29,80.52,69.81,81,7.74,2026-08-21T04:03:22,2026-08-21T10:39:11,NOT_EVALUATED,,,,,,,,CHOP,0.77,RISING,LIMIT SHORT @ $79.29 on rally (0.1% above current $79.24). Stop $80.52. Anchor: daily 65tk bear.
71e37cce147139a0,2026-08-21,live_state_lookup,AIM,BULL_BOUNCE_CONFIRMED,LONG,CONVICTION,67.0,60-69,LIMIT,0.25,0.24,0.29,6163,4.0,2026-08-21T04:04:25,2026-08-21T10:25:27,NOT_EVALUATED,,,,,,,,CHOP,0.403,NEUTRAL,"Channel: 10m ASC, rails $0.24-$0.25. Recent low $0.25 → now $0.26 (+2.3%)"
d001478c7dedcd4a,2026-08-21,live_state_lookup,POST,BEAR_REJECTION_PENDING,SHORT,CONVICTION,67.0,60-69,LIMIT,78.53,79.56,76.86,9,1.62,2026-08-21T04:03:32,2026-08-21T10:39:11,NOT_EVALUATED,,,,,,,,CHOP,0.932,RISING,LIMIT SHORT @ $80.16 (2% rally cap; anchor at $85.44 too far). Stop $90.68. Anchor: daily 480tk bear.
526fa8bb43b5f48e,2026-08-21,live_state_lookup,SNEX,BULL_BOUNCE_CONFIRMED,LONG,CONVICTION,66.5,60-69,LIMIT,67.7,64.98,77.03,36,3.43,2026-08-21T09:41:07,2026-08-21T10:39:11,NOT_EVALUATED,,,,,,,,CHOP,0.257,RISING,"Channel: 15m ASC, rails $65.86-$66.53. Recent low $65.92 → now $67.70 (+2.7%)"
68250290e59ba98c,2026-08-21,live_state_lookup,AAOI,BEAR_REJECTION_PENDING,SHORT,CONVICTION,66.5,60-69,LIMIT,135.22,153.4,128.46,5,0.37,2026-08-21T04:03:52,2026-08-21T10:07:53,NOT_EVALUATED,,,,,,,,CHOP,0.726,RISING,LIMIT SHORT @ $135.22 (2% rally cap; anchor at $146.20 too far). Stop $153.4. Anchor: daily 644tk bear.
d3525d4039cd1ca0,2026-08-21,live_state_lookup,MAIR,BEAR_REJECTION_PENDING,SHORT,CONVICTION,66.4,60-69,LIMIT,27.03,28.34,25.68,76,1.03,2026-08-21T04:02:54,2026-08-21T10:39:11,NOT_EVALUATED,,,,,,,,CHOP,1.805,FALLING,LIMIT SHORT @ $27.03 (2% rally cap; anchor at $27.79 too far). Stop $28.34. Anchor: daily 27tk bear.
3569e27b68c5b90e,2026-08-21,live_state_lookup,AAOI,BULL_BOUNCE_CONFIRMED,LONG,CONVICTION,66.1,60-69,LIMIT,131.58,109.66,138.16,4,0.3,2026-08-21T04:08:30,2026-08-21T09:58:28,NOT_EVALUATED,,,,,,,,CHOP,0.726,RISING,"Channel: 10m ASC, rails $128.29-$129.36. Recent low $128.23 → now $130.96 (+2.1%)"
18930886e5941029,2026-08-21,live_state_lookup,CRE,CHANNEL_GAP_BREAKDOWN_SHORT,SHORT,CONVICTION,66.0,60-69,LIMIT,2.53,2.61,2.32,1344,2.62,2026-08-21T04:03:54,2026-08-21T09:27:00,NOT_EVALUATED,,,,,,,,CHOP,0.058,NEUTRAL,"CHANNEL-GAP BREAKDOWN: DESC 15m channel projecting into daily gap top @ $2.32 (~-1d). Short $2.48, target $2.32."
57f80c4f1738fc21,2026-08-21,live_state_lookup,RMBS,BEAR_REJECTION_PENDING,SHORT,CONVICTION,65.8,60-69,LIMIT,94.04,101.11,81.53,14,1.77,2026-08-21T04:02:59,2026-08-21T09:17:30,NOT_EVALUATED,,,,,,,,CHOP,0.015,FALLING,LIMIT SHORT @ $94.04 (2% rally cap; anchor at $95.89 too far). Stop $101.11. Anchor: daily 472tk bear.
e7dbbe71896a986d,2026-08-21,live_state_lookup,PSN,BULL_BOUNCE_PENDING,LONG,CONVICTION,65.7,60-69,LIMIT,46.69,45.16,49.7,125,1.97,2026-08-21T04:03:28,2026-08-21T07:11:53,NOT_EVALUATED,,,,,,,,CHOP,0.086,NEUTRAL,LIMIT BUY @ $47.28 (2% pullback cap; anchor at $47.28 too far). Stop $46.49. Anchor: daily 113tk.
a1ce4cce8b448de2,2026-08-21,live_state_lookup,CTSO,BULL_BOUNCE_PENDING,LONG,CONVICTION,65.6,60-69,LIMIT,0.34,0.31,0.39,3781,1.84,2026-08-21T09:32:36,2026-08-21T09:35:53,NOT_EVALUATED,,,,,,,,CHOP,2.359,NEUTRAL,LIMIT BUY @ $0.34 (2% pullback cap; anchor at $0.33 too far). Stop $0.31. Anchor: 1m 2tk.
7665771b69872e04,2026-08-21,live_state_lookup,NXT,BEAR_REJECTION_PENDING,SHORT,CONVICTION,65.4,60-69,LIMIT,89.66,92.37,85.25,36,1.63,2026-08-21T04:03:03,2026-08-21T10:21:07,NOT_EVALUATED,,,,,,,,CHOP,0.716,FALLING,LIMIT SHORT @ $89.66 (2% rally cap; anchor at $90.64 too far). Stop $92.37. Anchor: 1h 127tk bear.
4fd654ec89f4e742,2026-08-21,live_state_lookup,FND,BEAR_REJECTION_PENDING,SHORT,CONVICTION,65.3,60-69,LIMIT,55.96,57.41,52.6,69,2.32,2026-08-21T04:03:09,2026-08-21T09:31:35,NOT_EVALUATED,,,,,,,,CHOP,0.724,FALLING,LIMIT SHORT @ $55.96 on rally (1.9% above current $54.91). Stop $57.41. Anchor: daily 116tk bear.
80d0c3fa99bb19a4,2026-08-21,live_state_lookup,MTSI,BEAR_REJECTION_PENDING,SHORT,CONVICTION,65.1,60-69,LIMIT,273.02,278.97,232.82,16,6.76,2026-08-21T07:22:03,2026-08-21T10:16:39,NOT_EVALUATED,,,,,,,,CHOP,0.213,NEUTRAL,LIMIT SHORT @ $269.74 on rally (0.0% above current $269.62). Stop $275.76. Anchor: 5m 334tk bear.
620436bf6f86ee23,2026-08-21,live_state_lookup,MOD,DOUBLE_REJECTION_LONG,LONG,CONVICTION,65.0,60-69,LIMIT,196.28,191.66,221.56,5,5.47,2026-08-21T10:21:34,2026-08-21T10:29:58,NOT_EVALUATED,,,,,,,,CHOP,0.671,RISING,"DOUBLE BOUNCE: 30m DESC channel lower rail + 1h bull gap ceiling stacked @ $193.99. Long $196.10, stop $191.66, target next gap $221.56."
15c49892ffe7fe80,2026-08-21,live_state_lookup,OSS,BULL_BOUNCE_PENDING,LONG,CONVICTION,65.0,60-69,LIMIT,11.52,9.93,12.09,63,0.36,2026-08-21T05:09:17,2026-08-21T09:40:09,NOT_EVALUATED,,,,,,,,CHOP,0.932,NEUTRAL,LIMIT BUY @ $11.52 (2% pullback cap; anchor at $10.71 too far). Stop $9.93. Anchor: daily 145tk.
bfee9103c0028479,2026-08-21,live_state_lookup,HLI,BEAR_REJECTION_PENDING,SHORT,CONVICTION,65.0,60-69,LIMIT,128.34,139.78,121.92,8,0.56,2026-08-21T04:03:32,2026-08-21T08:13:06,NOT_EVALUATED,,,,,,,,CHOP,0.556,RISING,LIMIT SHORT @ $128.34 on rally (0.2% above current $128.06). Stop $139.78. Anchor: daily 1075tk bear.
8e7454de22f8911a,2026-08-21,live_state_lookup,AEO,BULL_BOUNCE_CONFIRMED,LONG,CONVICTION,64.6,60-69,LIMIT,16.21,13.55,17.02,37,0.3,2026-08-21T07:26:23,2026-08-21T08:58:42,NOT_EVALUATED,,,,,,,,CHOP,0.124,RISING,"Channel: 45m ASC, rails $16.30-$16.46. Recent low $15.86 → now $16.21 (+2.2%)"
17ad536c92bdc113,2026-08-21,live_state_lookup,JBTM,BEAR_REJECTION_PENDING,SHORT,CONVICTION,64.6,60-69,LIMIT,116.97,118.61,108.79,62,4.99,2026-08-21T04:03:37,2026-08-21T10:16:39,NOT_EVALUATED,,,,,,,,CHOP,0.409,FALLING,LIMIT SHORT @ $114.75 on rally (0.2% above current $114.57). Stop $116.34. Anchor: 45m 59tk bear.
adf79dc777c2d421,2026-08-21,live_state_lookup,FND,BULL_BOUNCE_PENDING,LONG,CONVICTION,64.2,60-69,LIMIT,54.29,53.48,57.92,30,4.49,2026-08-21T08:59:01,2026-08-21T09:31:35,NOT_EVALUATED,,,,,,,,CHOP,0.211,FALLING,LIMIT BUY @ $54.29 on pullback (0.7% below current $55.21). Stop $53.48. Anchor: daily 108tk.
8ce368a7a5233e0e,2026-08-21,live_state_lookup,KD,BEAR_REJECTION_PENDING,SHORT,CONVICTION,64.2,60-69,LIMIT,12.58,13.31,10.69,136,2.57,2026-08-21T04:02:55,2026-08-21T10:39:11,NOT_EVALUATED,,,,,,,,CHOP,0.907,FALLING,LIMIT SHORT @ $12.58 (2% rally cap; anchor at $13.08 too far). Stop $13.31. Anchor: weekly 9tk bear.
c014fe60ffd61a4b,2026-08-21,live_state_lookup,NIVF,BULL_BOUNCE_CONFIRMED,LONG,CONVICTION,64.0,60-69,LIMIT,0.57,0.51,0.59,1903,0.54,2026-08-21T08:23:50,2026-08-21T09:49:49,NOT_EVALUATED,,,,,,,,CHOP,0.112,RISING,"Channel: 5m ASC, rails $0.55-$0.57. Recent low $0.55 → now $0.57 (+3.1%)"
9f68a74d08281262,2026-08-21,live_state_lookup,CAST,BEAR_REJECTION_PENDING,SHORT,CONVICTION,64.0,60-69,LIMIT,1.8,1.9,1.57,983,2.3,2026-08-21T04:13:44,2026-08-21T09:08:22,NOT_EVALUATED,,,,,,,,CHOP,0.213,RISING,LIMIT SHORT @ $1.73 on rally (0.3% above current $1.72). Stop $1.83. Anchor: daily 8tk bear.
cbc409b91ca48c3e,2026-08-21,live_state_lookup,FCEL,BEAR_REJECTION_PENDING,SHORT,CONVICTION,63.8,60-69,LIMIT,19.33,22.47,18.36,31,0.31,2026-08-21T04:04:03,2026-08-21T10:29:58,NOT_EVALUATED,,,,,,,,CHOP,1.253,FALLING,LIMIT SHORT @ $19.28 (2% rally cap; anchor at $21.70 too far). Stop $22.47. Anchor: daily 67tk bear.
ed486da34353168a,2026-08-21,live_state_lookup,DGXX,BEAR_REJECTION_PENDING,SHORT,CONVICTION,63.7,60-69,LIMIT,3.97,4.15,3.67,553,1.66,2026-08-21T04:04:44,2026-08-21T04:58:11,NOT_EVALUATED,,,,,,,,CHOP,0.914,NEUTRAL,LIMIT SHORT @ $3.97 on rally (1.5% above current $3.91). Stop $4.15. Anchor: daily 16tk bear.
ae4659fabc9cdf6a,2026-08-21,live_state_lookup,ULCC,BEAR_REJECTION_PENDING,SHORT,CONVICTION,63.5,60-69,LIMIT,5.85,6.02,5.14,588,4.18,2026-08-21T04:04:34,2026-08-21T10:39:11,NOT_EVALUATED,,,,,,,,CHOP,0.812,NEUTRAL,LIMIT SHORT @ $5.85 on rally (1.0% above current $5.79). Stop $6.02. Anchor: daily 15tk bear.
4736de176c57891d,2026-08-21,live_state_lookup,SAIL,BULL_BOUNCE_PENDING,LONG,CONVICTION,63.3,60-69,LIMIT,18.03,17.18,20.97,96,3.46,2026-08-21T04:04:31,2026-08-21T05:07:58,NOT_EVALUATED,,,,,,,,CHOP,0.706,NEUTRAL,LIMIT BUY @ $18.22 (2% pullback cap; anchor at $17.63 too far). Stop $17.18. Anchor: 15m 74tk.
459b5956635c74da,2026-08-21,live_state_lookup,VLN,BEAR_REJECTION_PENDING,SHORT,CONVICTION,63.1,60-69,LIMIT,1.77,1.83,1.59,1692,3.13,2026-08-21T04:04:35,2026-08-21T04:07:21,NOT_EVALUATED,,,,,,,,CHOP,0.611,NEUTRAL,LIMIT SHORT @ $1.77 on rally (0.5% above current $1.76). Stop $1.83. Anchor: daily 6tk bear.
38e7c7483482c10f,2026-08-21,live_state_lookup,AAOI,BULL_BOUNCE_PENDING,LONG,CONVICTION,63.0,60-69,LIMIT,127.89,109.66,134.28,5,0.35,2026-08-21T04:13:07,2026-08-21T10:39:11,NOT_EVALUATED,,,,,,,,CHOP,0.726,RISING,LIMIT BUY @ $127.89 (2% pullback cap; anchor at $119.39 too far). Stop $109.66. Anchor: daily 1837tk.
bb7260ce1f2ccb16,2026-08-21,live_state_lookup,BEEM,BULL_BOUNCE_PENDING,LONG,CONVICTION,63.0,60-69,LIMIT,1.45,1.37,1.52,1516,0.88,2026-08-21T04:04:23,2026-08-21T10:12:15,NOT_EVALUATED,,,,,,,,CHOP,0.948,RISING,LIMIT BUY @ $1.25 (2% pullback cap; anchor at $1.21 too far). Stop $1.19. Anchor: 30m 2tk.
43fc38ab940fd3cf,2026-08-21,live_state_lookup,SHMD,BEAR_REJECTION_PENDING,SHORT,CONVICTION,62.8,60-69,LIMIT,4.88,5.18,4.13,818,2.5,2026-08-21T04:04:19,2026-08-21T10:03:21,NOT_EVALUATED,,,,,,,,CHOP,0.899,RISING,LIMIT SHORT @ $5.06 on rally (1.0% above current $5.01). Stop $5.18. Anchor: 4h 4tk bear.
15468e119378c469,2026-08-21,live_state_lookup,AAON,BEAR_REJECTION_PENDING,SHORT,CONVICTION,62.7,60-69,LIMIT,80.83,82.41,72.57,63,5.23,2026-08-21T09:03:59,2026-08-21T09:58:28,NOT_EVALUATED,,,,,,,,CHOP,0.181,NEUTRAL,LIMIT SHORT @ $80.83 on rally (0.4% above current $80.54). Stop $82.41. Anchor: 1h 118tk bear.
5362fa4ec71ac055,2026-08-21,live_state_lookup,MIDD,BEAR_REJECTION_PENDING,SHORT,CONVICTION,62.5,60-69,LIMIT,114.77,118.5,109.03,26,1.54,2026-08-21T04:03:34,2026-08-21T10:39:11,NOT_EVALUATED,,,,,,,,CHOP,0.853,FALLING,LIMIT SHORT @ $114.77 (2% rally cap; anchor at $116.86 too far). Stop $118.5. Anchor: weekly 105tk bear.
4028baccb662cbeb,2026-08-21,live_state_lookup,GBUX,BULL_BOUNCE_PENDING,LONG,CONVICTION,62.4,60-69,LIMIT,0.0,0.0,0.0,1118568,0.02,2026-08-21T10:13:52,2026-08-21T10:12:15,NOT_EVALUATED,,,,,,,,CHOP,2.69,RISING,LIMIT BUY @ $0.00 (2% pullback cap; anchor at $0.00 too far). Stop $0.0. Anchor: daily 1tk.
e52f278baa3936b5,2026-08-21,live_state_lookup,NVMI,BULL_BOUNCE_CONFIRMED,LONG,CONVICTION,62.2,60-69,LIMIT,388.4,373.92,443.78,6,3.82,2026-08-21T05:55:29,2026-08-21T06:26:49,NOT_EVALUATED,,,,,,,,CHOP,0.68,RISING,"Channel: 10m ASC, rails $381.13-$384.52. Recent low $379.36 → now $388.40 (+2.4%)"
11994b310bc02b03,2026-08-21,live_state_lookup,QMCO,BEAR_REJECTION_PENDING,SHORT,CONVICTION,62.2,60-69,LIMIT,21.02,22.22,19.15,116,1.56,2026-08-21T04:04:26,2026-08-21T10:34:44,NOT_EVALUATED,,,,,,,,CHOP,0.592,RISING,LIMIT SHORT @ $21.36 (2% rally cap; anchor at $21.52 too far). Stop $22.22. Anchor: daily 27tk bear.
691b2f72b626a8aa,2026-08-21,live_state_lookup,HII,BULL_BOUNCE_PENDING,LONG,CONVICTION,62.2,60-69,LIMIT,294.28,288.49,310.32,11,2.77,2026-08-21T04:03:47,2026-08-21T10:39:11,NOT_EVALUATED,,,,,,,,CHOP,0.196,FALLING,LIMIT BUY @ $297.33 (2% pullback cap; anchor at $291.11 too far). Stop $288.55. Anchor: 4h 204tk.
5448d98284d80227,2026-08-21,live_state_lookup,MKSI,BEAR_REJECTION_PENDING,SHORT,CONVICTION,62.2,60-69,LIMIT,282.81,288.31,256.01,19,4.87,2026-08-21T04:03:12,2026-08-21T09:44:52,NOT_EVALUATED,,,,,,,,CHOP,0.093,NEUTRAL,LIMIT SHORT @ $291.80 on rally (1.8% above current $286.50). Stop $296.99. Anchor: 45m 103tk bear.
de9878263f65b669,2026-08-21,live_state_lookup,ELF,BULL_BOUNCE_PENDING,LONG,CONVICTION,62.0,60-69,LIMIT,97.56,96.05,100.8,66,2.15,2026-08-21T04:04:21,2026-08-21T10:39:11,NOT_EVALUATED,,,,,,,,CHOP,0.811,FALLING,LIMIT BUY @ $97.56 on pullback (0.3% below current $98.35). Stop $96.05. Anchor: 1m 109tk.
27cd03821c77e79b,2026-08-21,live_state_lookup,NMRA,BULL_BOUNCE_PENDING,LONG,CONVICTION,62.0,60-69,LIMIT,1.48,1.37,1.68,852,1.66,2026-08-21T04:03:57,2026-08-21T10:39:11,NOT_EVALUATED,,,,,,,,CHOP,1.94,NEUTRAL,LIMIT BUY @ $1.48 (2% pullback cap; anchor at $1.40 too far). Stop $1.37. Anchor: 1h 4tk.
d12934aaacba89f7,2026-08-21,live_state_lookup,HAWK,BULL_BOUNCE_PENDING,LONG,CONVICTION,62.0,60-69,LIMIT,21.18,20.23,22.87,26,1.79,2026-08-21T04:03:23,2026-08-21T10:39:11,NOT_EVALUATED,,,,,,,,CHOP,0.731,FALLING,LIMIT BUY @ $21.18 (2% pullback cap; anchor at $20.70 too far). Stop $20.23. Anchor: daily 11tk.
f9cc6e21b2792226,2026-08-21,live_state_lookup,MIR,BULL_BOUNCE_PENDING,LONG,CONVICTION,61.8,60-69,LIMIT,14.98,13.73,15.73,80,0.6,2026-08-21T09:50:00,2026-08-21T10:39:11,NOT_EVALUATED,,,,,,,,CHOP,0.438,FALLING,LIMIT BUY @ $14.98 (2% pullback cap; anchor at $14.04 too far). Stop $13.73. Anchor: daily 47tk.
924542792570adb4,2026-08-21,live_state_lookup,NMRA,BEAR_REJECTION_PENDING,SHORT,CONVICTION,61.8,60-69,LIMIT,1.52,1.55,1.42,1926,3.33,2026-08-21T06:38:44,2026-08-21T10:39:11,NOT_EVALUATED,,,,,,,,CHOP,0.382,NEUTRAL,LIMIT SHORT @ $1.60 (2% rally cap; anchor at $1.61 too far). Stop $1.65. Anchor: daily 3tk bear.
961dd4f0a3df5a64,2026-08-21,live_state_lookup,PSN,BEAR_REJECTION_PENDING,SHORT,CONVICTION,61.5,60-69,LIMIT,49.36,58.63,46.89,10,0.27,2026-08-21T09:36:30,2026-08-21T09:40:09,NOT_EVALUATED,,,,,,,,CHOP,0.221,NEUTRAL,LIMIT SHORT @ $49.36 (2% rally cap; anchor at $50.02 too far). Stop $58.63. Anchor: 30m 832tk bear.
755df42626588305,2026-08-21,live_state_lookup,KLRA,BULL_BOUNCE_PENDING,LONG,CONVICTION,61.5,60-69,LIMIT,17.11,16.42,18.2,144,1.57,2026-08-21T04:03:03,2026-08-21T10:39:11,NOT_EVALUATED,,,,,,,,CHOP,0.999,NEUTRAL,LIMIT BUY @ $17.11 (2% pullback cap; anchor at $16.96 too far). Stop $16.42. Anchor: 1h 93tk.
9656475b65de2943,2026-08-21,live_state_lookup,AEO,BULL_BOUNCE,LONG,CONVICTION,61.4,60-69,LIMIT,16.29,15.65,17.97,156,2.63,2026-08-21T08:18:00,2026-08-21T08:17:51,NOT_EVALUATED,,,,,,,,CHOP,0.178,RISING,"Channel: 45m ASC, rails $16.30-$16.46"
1f73ff6130c7d333,2026-08-21,live_state_lookup,CVLT,BEAR_REJECTION_PENDING,SHORT,CONVICTION,61.4,60-69,LIMIT,135.01,136.69,126.14,59,5.29,2026-08-21T08:00:15,2026-08-21T10:39:11,NOT_EVALUATED,,,,,,,,CHOP,0.154,NEUTRAL,LIMIT SHORT @ $135.01 on rally (0.8% above current $134.00). Stop $136.69. Anchor: 4h 43tk bear.
f1dbab549aaefa46,2026-08-21,live_state_lookup,COSM,BULL_BOUNCE_CONFIRMED,LONG,CONVICTION,61.0,60-69,LIMIT,0.22,0.2,0.23,7283,0.8,2026-08-21T09:55:47,2026-08-21T10:39:11,NOT_EVALUATED,,,,,,,,CHOP,0.521,NEUTRAL,"Channel: 5m ASC, rails $0.21-$0.22. Recent low $0.21 → now $0.22 (+3.6%)"
d548dc7b4ae737e2,2026-08-21,live_state_lookup,HITI,BULL_BOUNCE,LONG,CONVICTION,61.0,60-69,LIMIT,2.44,2.35,2.58,1133,1.56,2026-08-21T08:55:34,2026-08-21T10:21:07,NOT_EVALUATED,,,,,,,,CHOP,0.602,RISING,"Channel: 5m ASC, rails $2.44-$2.46"
2ce38c6c365e3da2,2026-08-21,live_state_lookup,SLGB,BULL_BOUNCE_CONFIRMED,LONG,CONVICTION,61.0,60-69,LIMIT,0.51,0.48,0.57,3388,1.88,2026-08-21T06:48:51,2026-08-21T07:40:12,NOT_EVALUATED,,,,,,,,CHOP,0.007,NEUTRAL,"Channel: 5m ASC, rails $0.48-$0.50. Recent low $0.50 → now $0.51 (+2.5%)"
900698cb0d63f65b,2026-08-21,live_state_lookup,PSIG,BULL_BOUNCE,LONG,CONVICTION,61.0,60-69,LIMIT,2.12,1.94,2.31,544,1.03,2026-08-21T04:22:52,2026-08-21T04:35:03,NOT_EVALUATED,,,,,,,,CHOP,0.864,RISING,"Channel: 15m ASC, rails $2.13-$2.31"
6773ea4544bf141b,2026-08-21,live_state_lookup,FTHM,BEAR_REJECTION_PENDING,SHORT,CONVICTION,60.9,60-69,LIMIT,0.72,0.74,0.68,5016,2.0,2026-08-21T04:04:10,2026-08-21T10:39:11,NOT_EVALUATED,,,,,,,,CHOP,0.061,NEUTRAL,LIMIT SHORT @ $0.73 on rally (0.1% above current $0.73). Stop $0.75. Anchor: weekly 2tk bear.
7e494964ccb6418c,2026-08-21,live_state_lookup,POOL,BULL_BOUNCE_PENDING,LONG,CONVICTION,60.9,60-69,LIMIT,188.38,186.2,193.32,46,2.28,2026-08-21T04:03:42,2026-08-21T10:34:44,NOT_EVALUATED,,,,,,,,CHOP,0.551,FALLING,LIMIT BUY @ $188.38 on pullback (0.6% below current $190.33). Stop $186.2. Anchor: 1h 175tk.
7f1a55cbdac5c4e6,2026-08-21,live_state_lookup,MOD,CHANNEL_GAP_BREAKDOWN_SHORT,SHORT,CONVICTION,60.8,60-69,LIMIT,199.97,205.96,170.0,16,5.0,2026-08-21T09:40:46,2026-08-21T10:39:11,NOT_EVALUATED,,,,,,,,CHOP,0.664,RISING,"CHANNEL-GAP BREAKDOWN: DESC 15m channel projecting into 1h gap top @ $193.99 (~0d). Short $198.07, target $170.00."
676e3adc6bafe3c3,2026-08-21,live_state_lookup,KLRA,BEAR_REJECTION_PENDING,SHORT,CONVICTION,60.6,60-69,LIMIT,18.2,18.59,17.42,254,1.99,2026-08-21T09:50:05,2026-08-21T10:34:44,NOT_EVALUATED,,,,,,,,CHOP,0.243,NEUTRAL,LIMIT SHORT @ $18.20 on rally (1.8% above current $17.89). Stop $18.59. Anchor: 30m 31tk bear.
cf97f16b212d076e,2026-08-21,live_state_lookup,KD,BULL_BOUNCE_PENDING,LONG,CONVICTION,60.6,60-69,LIMIT,12.06,11.55,13.08,194,1.98,2026-08-21T08:27:08,2026-08-21T09:31:35,NOT_EVALUATED,,,,,,,,CHOP,0.303,FALLING,LIMIT BUY @ $12.06 (2% pullback cap; anchor at $11.79 too far). Stop $11.55. Anchor: daily 25tk.
2255b9398d1e9f39,2026-08-21,live_state_lookup,AHMA,BEAR_REJECTION_PENDING,SHORT,CONVICTION,60.6,60-69,LIMIT,1.5,1.54,1.41,2489,2.24,2026-08-21T07:18:15,2026-08-21T09:58:28,NOT_EVALUATED,,,,,,,,CHOP,0.079,NEUTRAL,LIMIT SHORT @ $1.50 on rally (0.7% above current $1.49). Stop $1.54. Anchor: daily 2tk bear.
1e4873b8832c2bac,2026-08-21,live_state_lookup,MIR,BEAR_REJECTION_PENDING,SHORT,CONVICTION,60.6,60-69,LIMIT,15.61,15.92,14.98,219,2.03,2026-08-21T04:02:59,2026-08-21T10:39:11,NOT_EVALUATED,,,,,,,,CHOP,0.331,FALLING,LIMIT SHORT @ $15.88 on rally (1.2% above current $15.70). Stop $16.34. Anchor: 15m 38tk bear.
a2b1dd22a5d7ee5f,2026-08-21,live_state_lookup,COSM,BULL_BOUNCE_PENDING,LONG,CONVICTION,60.3,60-69,LIMIT,0.21,0.19,0.24,5699,1.71,2026-08-21T04:13:55,2026-08-21T09:21:58,NOT_EVALUATED,,,,,,,,CHOP,1.309,NEUTRAL,LIMIT BUY @ $0.21 (2% pullback cap; anchor at $0.19 too far). Stop $0.19. Anchor: 1m 2tk.
90841575d91cfa4f,2026-08-21,live_state_lookup,OBAI,BULL_BOUNCE_CONFIRMED,LONG,CONVICTION,60.0,60-69,LIMIT,0.34,0.32,0.38,4949,2.0,2026-08-21T05:23:12,2026-08-21T10:21:07,NOT_EVALUATED,,,,,,,,CHOP,0.333,NEUTRAL,"Channel: 5m ASC, rails $0.35-$0.36. Recent low $0.35 → now $0.36 (+2.9%)"
347ed872b6069b67,2026-08-21,live_state_lookup,ADTX,BULL_BOUNCE_PENDING,LONG,CONVICTION,60.0,60-69,LIMIT,0.0,0.0,0.0,239808,0.0,2026-08-21T04:04:26,2026-08-21T10:39:11,NOT_EVALUATED,,,,,,,,CHOP,1.571,NEUTRAL,LIMIT BUY @ $0.00 (2% pullback cap; anchor at $0.00 too far). Stop $0.0. Anchor: 5m 1tk.
3a8a55572778bcdc,2026-08-21,live_state_lookup,CALM,BEAR_REJECTION_PENDING,SHORT,CONVICTION,60.0,60-69,LIMIT,83.35,84.42,71.76,23,10.83,2026-08-21T04:03:35,2026-08-21T10:25:27,NOT_EVALUATED,,,,,,,,CHOP,1.283,FALLING,LIMIT SHORT @ $83.35 on rally (1.1% above current $82.43). Stop $84.42. Anchor: 45m 66tk bear.
