ticker,side,tier,fem,mode,entry,stop,t1,t2,shares,rr,spy_regime,current_price,entry_type,n_gaps_above,gap_above_conviction,scan_date,asof
ARKG,LONG,CONVICTION,100.0,BULL_BOUNCE_PENDING,47.51,43.25,49.89,,23,0.56,CHOP,47.51,MARKET,13,MINOR,2026-08-20,2026-08-20T04:39:22.513976
CRSP,LONG,CONVICTION,100.0,BULL_BOUNCE_PENDING,59.0,56.05,67.12,67.12,33,2.75,CHOP,59.0,MARKET,12,COMPRESSION,2026-08-20,2026-08-20T04:50:37.900469
FA,SHORT,CONVICTION,95.0,BEAR_REJECTION_PENDING,21.17,23.71,20.11,,39,0.42,CHOP,21.14,LIMIT,20,COMPRESSION,2026-08-20,2026-08-20T04:26:40.304577
SFM,SHORT,CONVICTION,95.0,BEAR_REJECTION_PENDING,81.49,105.07,77.42,,4,0.17,CHOP,80.8,LIMIT,20,COMPRESSION,2026-08-20,2026-08-20T04:46:14.827011
TJX,SHORT,CONVICTION,95.0,BEAR_REJECTION_PENDING,144.5,151.6,132.93,126.42,14,1.63,CHOP,144.45,LIMIT,20,CONVICTION,2026-08-20,2026-08-20T04:52:08.738221
TEM,LONG,CONVICTION,94.3,BULL_BOUNCE_PENDING,60.83,57.79,68.33,,32,2.47,CHOP,60.83,MARKET,13,COMPRESSION,2026-08-20,2026-08-20T04:41:01.633226
ARCT,LONG,CONVICTION,92.8,BULL_BOUNCE_PENDING,10.15,9.64,11.54,,197,2.74,CHOP,10.15,MARKET,16,CONVICTION,2026-08-20,2026-08-20T04:50:07.504383
ETHU,LONG,CONVICTION,92.7,BULL_BOUNCE_PENDING,22.71,21.57,24.82,25.73,88,1.86,CHOP,22.71,MARKET,6,COMPRESSION,2026-08-20,2026-08-20T04:50:55.565072
AGQ,LONG,CONVICTION,92.5,BULL_BOUNCE_PENDING,83.65,78.57,92.91,95.65,19,1.82,CHOP,83.65,MARKET,20,VACUUM,2026-08-20,2026-08-20T04:41:24.511794
ZSTK,LONG,CONVICTION,91.2,BULL_BOUNCE_PENDING,4.13,3.92,4.52,4.73,484,1.89,CHOP,4.13,MARKET,15,MINOR,2026-08-20,2026-08-20T04:51:47.140125
NESR,LONG,CONVICTION,91.0,BULL_BOUNCE_PENDING,33.8,32.11,36.79,,59,1.77,CHOP,33.8,MARKET,20,MINOR,2026-08-20,2026-08-20T04:25:31.323958
ATAI,LONG,CONVICTION,91.0,BULL_BOUNCE_PENDING,7.34,6.97,7.71,,272,1.0,CHOP,7.34,MARKET,0,NONE,2026-08-20,2026-08-20T04:35:38.508566
MRK,LONG,CONVICTION,91.0,BULL_BOUNCE_PENDING,150.5,136.55,158.03,,7,0.54,CHOP,150.5,MARKET,20,MINOR,2026-08-20,2026-08-20T04:37:33.590327
FSK,SHORT,CONVICTION,91.0,BEAR_REJECTION_PENDING,12.1,13.2,11.49,,91,0.55,CHOP,11.98,LIMIT,20,COMPRESSION,2026-08-20,2026-08-20T04:39:59.397862
ACM,SHORT,CONVICTION,90.5,BEAR_REJECTION_PENDING,65.7,67.39,62.75,60.73,59,1.75,CHOP,65.04,LIMIT,20,CONVICTION,2026-08-20,2026-08-20T04:50:03.738369
WPM,LONG,CONVICTION,90.0,BULL_BOUNCE_PENDING,146.81,133.37,154.15,,7,0.55,CHOP,146.81,MARKET,19,CONVICTION,2026-08-20,2026-08-20T04:51:41.983119
ANF,SHORT,CONVICTION,89.7,BEAR_REJECTION_PENDING,106.69,108.67,102.51,96.0,50,2.11,CHOP,105.45,LIMIT,20,CONVICTION,2026-08-20,2026-08-20T04:41:27.328799
MCHP,SHORT,CONVICTION,89.5,BEAR_REJECTION_PENDING,78.19,80.46,65.97,70.73,44,5.38,CHOP,77.58,LIMIT,20,CONVICTION,2026-08-20,2026-08-20T04:32:57.709969
BSX,SHORT,CONVICTION,88.6,BEAR_REJECTION_PENDING,53.04,57.93,44.6,,20,1.73,CHOP,52.0,LIMIT,20,CONVICTION,2026-08-20,2026-08-20T04:37:46.276878
FOUR,SHORT,CONVICTION,88.5,BEAR_REJECTION_PENDING,47.45,53.65,45.08,,16,0.38,CHOP,46.9,LIMIT,20,CONVICTION,2026-08-20,2026-08-20T04:42:16.026869
SNDQ,LONG,CONVICTION,88.2,BULL_BOUNCE_PENDING,15.93,11.92,16.73,,24,0.2,CHOP,15.12,STOP,8,MINOR,2026-08-20,2026-08-20T04:40:55.906216
KYMR,LONG,CONVICTION,88.0,BULL_BOUNCE_PENDING,127.49,122.97,133.86,,22,1.41,CHOP,129.0,STOP,0,NONE,2026-08-20,2026-08-20T04:45:53.709988
ELF,LONG,CONVICTION,87.9,BULL_BOUNCE_PENDING,100.79,95.93,105.83,,20,1.04,CHOP,99.35,STOP,8,MINOR,2026-08-20,2026-08-20T04:25:19.355942
SOXS,LONG,CONVICTION,87.7,BULL_BOUNCE_PENDING,48.39,42.76,50.81,,17,0.43,CHOP,46.49,STOP,13,CONVICTION,2026-08-20,2026-08-20T04:43:29.633551
OCUL,LONG,CONVICTION,87.6,BULL_BOUNCE_CONFIRMED,11.77,10.8,12.36,,102,0.6,CHOP,11.77,LIMIT,0,NONE,2026-08-20,2026-08-20T04:49:46.596353
LEU,SHORT,CONVICTION,87.5,BEAR_REJECTION_PENDING,188.19,192.36,165.45,159.0,23,5.46,CHOP,184.5,LIMIT,20,CONVICTION,2026-08-20,2026-08-20T04:40:16.640890
CLF,LONG,CONVICTION,87.4,BULL_BOUNCE_PENDING,10.95,9.4,11.49,,64,0.35,CHOP,11.17,LIMIT,20,COMPRESSION,2026-08-20,2026-08-20T04:31:43.723771
APO,LONG,CONVICTION,87.4,BULL_BOUNCE_PENDING,131.12,124.61,143.88,145.89,15,1.96,CHOP,133.7925,LIMIT,20,CONVICTION,2026-08-20,2026-08-20T04:41:27.512799
KTB,LONG,CONVICTION,87.4,BULL_BOUNCE_PENDING,80.53,76.4,86.82,,24,1.52,CHOP,82.17,LIMIT,20,CONVICTION,2026-08-20,2026-08-20T04:45:52.209987
CVLT,SHORT,CONVICTION,87.0,BEAR_REJECTION_PENDING,137.01,140.3,126.14,119.7,30,3.31,CHOP,136.25,LIMIT,20,CONVICTION,2026-08-20,2026-08-20T04:42:04.106852
MRNX,LONG,CONVICTION,87.0,BULL_BOUNCE_PENDING,106.04,102.22,120.69,119.7,26,3.84,CHOP,108.2,LIMIT,10,CONVICTION,2026-08-20,2026-08-20T04:51:15.880093
AU,LONG,CONVICTION,85.2,BULL_BOUNCE_PENDING,108.92,103.8,114.37,,19,1.06,CHOP,108.75,STOP,6,CONVICTION,2026-08-20,2026-08-20T04:50:14.602379
SMCX,LONG,CONVICTION,85.1,BULL_BOUNCE_PENDING,11.66,9.32,12.25,,42,0.25,CHOP,11.9,LIMIT,20,COMPRESSION,2026-08-20,2026-08-20T04:40:51.005665
ECHO,SHORT,CONVICTION,85.0,BEAR_REJECTION_PENDING,90.26,92.87,84.55,,38,2.19,CHOP,88.49,LIMIT,20,CONVICTION,2026-08-20,2026-08-20T04:45:32.937432
RBLX,SHORT,CONVICTION,85.0,BEAR_REJECTION_PENDING,38.88,48.91,36.94,,9,0.19,CHOP,38.87,LIMIT,20,CONVICTION,2026-08-20,2026-08-20T04:47:22.294142
NTLA,SHORT,CONVICTION,85.0,BEAR_REJECTION_PENDING,13.46,25.69,12.79,,8,0.06,CHOP,13.2,LIMIT,20,CONVICTION,2026-08-20,2026-08-20T04:51:25.121104
DOCS,SHORT,CONVICTION,84.7,BEAR_REJECTION_PENDING,26.27,27.54,24.24,,78,1.59,CHOP,25.75,LIMIT,19,CONVICTION,2026-08-20,2026-08-20T04:46:45.788046
NEBX,SHORT,CONVICTION,84.6,BEAR_REJECTION_PENDING,27.37,32.53,26.0,,19,0.26,CHOP,26.83,LIMIT,20,CONVICTION,2026-08-20,2026-08-20T04:44:33.913295
UPWK,SHORT,CONVICTION,84.6,BEAR_REJECTION_PENDING,8.82,10.27,8.38,,69,0.3,CHOP,8.72,LIMIT,13,CONVICTION,2026-08-20,2026-08-20T04:45:00.216329
AAPL,SHORT,CONVICTION,84.1,BEAR_REJECTION_PENDING,322.34,339.88,293.44,278.86,5,1.65,CHOP,316.02,LIMIT,17,CONVICTION,2026-08-20,2026-08-20T04:33:23.565523
KKR,SHORT,CONVICTION,84.0,BEAR_REJECTION_PENDING,112.77,114.58,94.64,108.55,55,10.02,CHOP,110.56,LIMIT,20,COMPRESSION,2026-08-20,2026-08-20T04:44:24.726749
RAM,SHORT,CONVICTION,83.9,BEAR_REJECTION_PENDING,12.85,14.4,12.21,,64,0.41,CHOP,12.67,LIMIT,20,CONVICTION,2026-08-20,2026-08-20T04:47:20.304138
IBIT,LONG,CONVICTION,83.8,BULL_BOUNCE_PENDING,39.79,37.79,44.25,44.31,50,2.23,CHOP,40.6,LIMIT,16,CONVICTION,2026-08-20,2026-08-20T04:51:05.959083
B,LONG,CONVICTION,83.5,BULL_BOUNCE_CONFIRMED,45.01,41.88,47.26,,31,0.72,CHOP,45.01,LIMIT,19,CONVICTION,2026-08-20,2026-08-20T04:30:15.849617
NICE,SHORT,CONVICTION,83.3,BEAR_REJECTION_PENDING,100.79,102.77,97.76,90.69,50,1.53,CHOP,99.72,LIMIT,20,CONVICTION,2026-08-20,2026-08-20T04:40:25.421455
AIR,LONG,CONVICTION,83.1,BULL_BOUNCE_PENDING,149.88,143.26,157.37,,15,1.13,CHOP,140.4084,STOP,20,COMPRESSION,2026-08-20,2026-08-20T04:49:07.328313
CRVS,LONG,CONVICTION,83.0,BULL_BOUNCE_CONFIRMED,15.56,14.94,17.26,17.73,161,2.74,CHOP,15.56,LIMIT,13,MINOR,2026-08-20,2026-08-20T04:27:17.405156
CRWD,LONG,CONVICTION,83.0,BULL_BOUNCE_PENDING,196.39,189.66,216.53,221.38,14,2.99,CHOP,200.4,LIMIT,20,MINOR,2026-08-20,2026-08-20T04:32:50.859420
BWET,LONG,CONVICTION,83.0,BULL_BOUNCE_CONFIRMED,435.0,420.14,456.75,,6,1.46,CHOP,435.0,LIMIT,1,VACUUM,2026-08-20,2026-08-20T04:41:47.981830
FDMT,LONG,CONVICTION,82.7,BULL_BOUNCE_PENDING,16.95,16.0,17.8,,105,0.89,CHOP,16.68,STOP,0,NONE,2026-08-20,2026-08-20T04:26:27.570030
DDS,SHORT,CONVICTION,82.6,BEAR_REJECTION_PENDING,623.07,639.2,538.72,538.72,6,5.23,CHOP,615.87,LIMIT,20,CONVICTION,2026-08-20,2026-08-20T04:42:07.410857
HCC,LONG,CONVICTION,82.4,BULL_BOUNCE_CONFIRMED,105.05,93.53,110.3,,8,0.46,CHOP,105.05,LIMIT,11,VACUUM,2026-08-20,2026-08-20T04:42:30.416890
BTG,LONG,CONVICTION,82.0,BULL_BOUNCE_CONFIRMED,5.32,4.95,5.59,,273,0.73,CHOP,5.32,LIMIT,6,COMPRESSION,2026-08-20,2026-08-20T04:36:05.641185
MXL,LONG,CONVICTION,81.8,BULL_BOUNCE_PENDING,65.56,59.69,68.84,,17,0.56,CHOP,66.9,LIMIT,20,MINOR,2026-08-20,2026-08-20T04:48:26.644740
BITX,LONG,CONVICTION,81.7,BULL_BOUNCE_PENDING,14.66,13.68,16.69,17.15,102,2.07,CHOP,14.96,LIMIT,19,COMPRESSION,2026-08-20,2026-08-20T04:50:24.197394
LPX,LONG,CONVICTION,81.7,BULL_BOUNCE_PENDING,74.47,71.64,86.07,82.52,35,4.1,CHOP,75.99,LIMIT,20,COMPRESSION,2026-08-20,2026-08-20T04:51:15.074093
PLNT,LONG,CONVICTION,81.5,BULL_BOUNCE_PENDING,54.22,52.22,59.98,,49,2.87,CHOP,53.35,STOP,16,MINOR,2026-08-20,2026-08-20T04:49:47.919353
WTTR,LONG,CONVICTION,81.0,BULL_BOUNCE_PENDING,21.28,20.16,22.34,,89,0.95,CHOP,20.4,STOP,20,MINOR,2026-08-20,2026-08-20T04:27:05.856609
CEVA,SHORT,CONVICTION,81.0,BEAR_REJECTION_PENDING,31.25,32.87,28.19,27.15,61,1.88,CHOP,30.73,LIMIT,20,CONVICTION,2026-08-20,2026-08-20T04:39:38.405297
BILL,LONG,CONVICTION,80.8,BULL_BOUNCE_PENDING,50.01,47.79,53.52,56.27,45,1.58,CHOP,49.0,STOP,13,COMPRESSION,2026-08-20,2026-08-20T04:41:36.450815
VG,SHORT,CONVICTION,80.5,BEAR_REJECTION_PENDING,14.25,15.78,13.54,,65,0.47,CHOP,13.97,LIMIT,20,CONVICTION,2026-08-20,2026-08-20T04:36:34.340873
IRTC,SHORT,CONVICTION,80.5,BEAR_REJECTION_PENDING,124.85,127.07,110.81,117.38,45,6.32,CHOP,124.8,LIMIT,8,CONVICTION,2026-08-20,2026-08-20T04:45:48.469450
BAND,LONG,CONVICTION,80.4,BULL_BOUNCE_PENDING,51.46,44.3,54.03,,13,0.36,CHOP,52.51,LIMIT,17,COMPRESSION,2026-08-20,2026-08-20T04:38:57.659754
BOOT,SHORT,CONVICTION,80.1,BEAR_REJECTION_PENDING,171.36,178.47,153.78,153.78,14,2.47,CHOP,168.0,LIMIT,19,CONVICTION,2026-08-20,2026-08-20T04:50:28.650395
OSS,LONG,CONVICTION,80.0,BULL_BOUNCE_PENDING,11.68,9.93,12.27,,57,0.33,CHOP,11.92,LIMIT,20,COMPRESSION,2026-08-20,2026-08-20T04:38:00.902330
NBIS,LONG,CONVICTION,79.9,BULL_BOUNCE_PENDING,236.44,210.09,248.26,,3,0.45,CHOP,225.8,STOP,20,CONVICTION,2026-08-20,2026-08-20T04:28:15.510756
VSAT,SHORT,CONVICTION,79.7,BEAR_REJECTION_PENDING,77.52,81.82,67.39,67.39,23,2.36,CHOP,76.7,LIMIT,20,VACUUM,2026-08-20,2026-08-20T04:43:40.887628
OC,SHORT,CONVICTION,79.6,BEAR_REJECTION_PENDING,153.32,155.44,148.93,129.68,47,2.07,CHOP,151.23,LIMIT,20,CONVICTION,2026-08-20,2026-08-20T04:40:30.142087
KGS,LONG,CONVICTION,79.5,BULL_BOUNCE_PENDING,58.9,54.63,65.66,68.89,23,1.58,CHOP,60.1,LIMIT,20,MINOR,2026-08-20,2026-08-20T04:40:14.808887
XMTR,SHORT,CONVICTION,79.4,BEAR_REJECTION_PENDING,86.7,90.18,76.0,76.33,28,3.08,CHOP,85.0,LIMIT,20,CONVICTION,2026-08-20,2026-08-20T04:41:20.389788
BAX,LONG,CONVICTION,79.0,BULL_BOUNCE_PENDING,26.25,24.65,27.57,,62,0.82,CHOP,26.7901,LIMIT,20,COMPRESSION,2026-08-20,2026-08-20T04:31:23.386744
SPSC,SHORT,CONVICTION,79.0,BEAR_REJECTION_PENDING,82.24,104.41,78.13,,4,0.19,CHOP,80.76,LIMIT,20,CONVICTION,2026-08-20,2026-08-20T04:46:18.834016
VEEV,SHORT,CONVICTION,79.0,BEAR_REJECTION_PENDING,249.75,271.85,215.13,,4,1.57,CHOP,249.1636,LIMIT,6,CONVICTION,2026-08-20,2026-08-20T04:46:25.532023
ZSL,LONG,CONVICTION,79.0,BULL_BOUNCE_PENDING,24.68,22.95,25.91,,57,0.71,CHOP,23.21,STOP,20,COMPRESSION,2026-08-20,2026-08-20T04:50:01.535369
ETH,SHORT,CONVICTION,79.0,BEAR_REJECTION_PENDING,21.9,25.41,20.8,,28,0.31,CHOP,21.74,LIMIT,12,CONVICTION,2026-08-20,2026-08-20T04:50:45.298532
DIS,SHORT,CONVICTION,78.8,BEAR_REJECTION_PENDING,108.7,112.24,97.62,97.62,28,3.13,CHOP,106.8,LIMIT,19,CONVICTION,2026-08-20,2026-08-20T04:32:43.733414
JNUG,SHORT,CONVICTION,78.8,BEAR_REJECTION_PENDING,190.36,212.56,180.84,,4,0.43,CHOP,190.19,LIMIT,11,CONVICTION,2026-08-20,2026-08-20T04:51:13.882091
HOOD,LONG,CONVICTION,78.7,BULL_BOUNCE_PENDING,97.62,90.26,111.27,114.23,13,1.85,CHOP,99.61,LIMIT,20,CONVICTION,2026-08-20,2026-08-20T04:36:36.800995
BIRK,SHORT,CONVICTION,78.7,BEAR_REJECTION_PENDING,37.13,41.2,35.27,,24,0.46,CHOP,36.4,LIMIT,20,CONVICTION,2026-08-20,2026-08-20T04:41:38.057824
KORU,SHORT,CONVICTION,78.4,BEAR_REJECTION_PENDING,20.43,23.67,19.41,,30,0.32,CHOP,20.03,LIMIT,18,CONVICTION,2026-08-20,2026-08-20T04:51:57.317134
AVR,LONG,CONVICTION,78.3,BULL_BOUNCE_CONFIRMED,9.83,9.26,10.32,,175,0.86,CHOP,9.83,LIMIT,20,MINOR,2026-08-20,2026-08-20T04:26:56.571597
MPC,LONG,CONVICTION,78.3,BULL_BOUNCE_PENDING,366.23,353.79,384.54,,8,1.47,CHOP,359.99,STOP,20,MINOR,2026-08-20,2026-08-20T04:42:49.374916
WK,SHORT,CONVICTION,78.3,BEAR_REJECTION_PENDING,79.18,81.7,68.57,70.0,39,4.22,CHOP,78.27,LIMIT,10,CONVICTION,2026-08-20,2026-08-20T04:45:03.870330
ZBIO,SHORT,CONVICTION,78.2,BEAR_REJECTION_PENDING,31.66,34.82,26.91,,31,1.5,CHOP,31.04,LIMIT,17,CONVICTION,2026-08-20,2026-08-20T04:26:15.790019
BIVI,LONG,CONVICTION,78.0,BULL_BOUNCE_PENDING,1.5,1.29,1.57,,478,0.36,CHOP,1.53,LIMIT,4,COMPRESSION,2026-08-20,2026-08-20T04:25:41.430972
TRAX,LONG,CONVICTION,78.0,BULL_BOUNCE_PENDING,46.69,43.66,49.02,,33,0.77,CHOP,45.71,STOP,20,MINOR,2026-08-20,2026-08-20T04:27:22.879164
DFNS,SHORT,CONVICTION,78.0,BEAR_REJECTION_PENDING,26.13,30.42,24.83,,23,0.31,CHOP,25.62,LIMIT,20,VACUUM,2026-08-20,2026-08-20T04:37:29.158648
HALO,LONG,CONVICTION,77.9,BULL_BOUNCE_PENDING,108.07,104.37,113.47,,26,1.46,CHOP,107.53,STOP,0,NONE,2026-08-20,2026-08-20T04:40:05.476872
KOLD,LONG,CONVICTION,77.9,BULL_BOUNCE_PENDING,30.13,28.4,32.76,,57,1.52,CHOP,30.74,LIMIT,20,MINOR,2026-08-20,2026-08-20T04:51:14.780092
CELC,SHORT,CONVICTION,77.8,BEAR_REJECTION_PENDING,94.81,104.31,80.05,,10,1.55,CHOP,93.65,LIMIT,20,CONVICTION,2026-08-20,2026-08-20T04:45:19.234418
ALM,LONG,CONVICTION,77.8,BULL_BOUNCE_CONFIRMED,16.49,15.51,18.19,,102,1.74,CHOP,16.4897,LIMIT,8,COMPRESSION,2026-08-20,2026-08-20T04:47:51.511705
XNCR,LONG,CONVICTION,77.6,BULL_BOUNCE_PENDING,27.62,26.23,29.0,,72,1.0,CHOP,27.52,STOP,0,NONE,2026-08-20,2026-08-20T04:26:20.994021
NVDA,SHORT,CONVICTION,77.6,BEAR_REJECTION_PENDING,220.45,226.14,211.3,198.44,17,1.61,CHOP,218.09,LIMIT,20,VACUUM,2026-08-20,2026-08-20T04:36:45.639222
UHS,LONG,CONVICTION,77.6,BULL_BOUNCE_PENDING,179.47,173.79,192.13,,17,2.23,CHOP,172.33,STOP,20,COMPRESSION,2026-08-20,2026-08-20T04:46:24.032022
DSGN,LONG,CONVICTION,77.5,BULL_BOUNCE_CONFIRMED,15.94,15.12,16.74,,122,0.98,CHOP,15.94,LIMIT,0,NONE,2026-08-20,2026-08-20T04:27:35.285177
SNOW,LONG,CONVICTION,77.5,BULL_BOUNCE_PENDING,318.79,290.95,334.73,,3,0.57,CHOP,325.3,LIMIT,8,COMPRESSION,2026-08-20,2026-08-20T04:36:16.186217
PRIM,SHORT,CONVICTION,77.4,BEAR_REJECTION_PENDING,81.03,83.47,69.81,74.77,41,4.61,CHOP,79.98,LIMIT,20,CONVICTION,2026-08-20,2026-08-20T04:48:38.268753
ALH,LONG,CONVICTION,77.4,BULL_BOUNCE_PENDING,23.44,22.18,26.3,26.64,79,2.26,CHOP,23.92,LIMIT,20,CONVICTION,2026-08-20,2026-08-20T04:50:02.779368
CXW,LONG,CONVICTION,77.1,BULL_BOUNCE_PENDING,32.56,30.73,34.19,,54,0.89,CHOP,32.0,STOP,20,COMPRESSION,2026-08-20,2026-08-20T04:27:01.795603
THC,LONG,CONVICTION,77.1,BULL_BOUNCE_PENDING,278.03,270.09,291.93,,12,1.75,CHOP,268.52,STOP,20,MINOR,2026-08-20,2026-08-20T04:46:19.457016
RDW,LONG,CONVICTION,77.0,BULL_BOUNCE_PENDING,12.06,10.67,12.67,,71,0.43,CHOP,12.31,LIMIT,20,COMPRESSION,2026-08-20,2026-08-20T04:31:38.997759
STKH,LONG,CONVICTION,77.0,BULL_BOUNCE_PENDING,3.87,2.58,4.06,,77,0.15,CHOP,3.62,STOP,10,MINOR,2026-08-20,2026-08-20T04:43:31.419554
POST,SHORT,CONVICTION,77.0,BEAR_REJECTION_PENDING,80.43,90.68,76.41,,9,0.39,CHOP,78.85,LIMIT,20,CONVICTION,2026-08-20,2026-08-20T04:46:07.350003
HCA,LONG,CONVICTION,76.7,BULL_BOUNCE_PENDING,398.65,387.67,432.46,447.75,9,3.08,CHOP,406.79,LIMIT,20,CONVICTION,2026-08-20,2026-08-20T04:33:57.088221
TXG,LONG,CONVICTION,76.7,BULL_BOUNCE_PENDING,61.43,56.53,64.5,,20,0.63,CHOP,62.68,LIMIT,7,MINOR,2026-08-20,2026-08-20T04:41:07.945236
CIFR,LONG,CONVICTION,76.4,BULL_BOUNCE_PENDING,15.78,13.94,16.57,,54,0.43,CHOP,16.1,LIMIT,20,COMPRESSION,2026-08-20,2026-08-20T04:34:20.596273
ARHS,LONG,CONVICTION,76.0,BULL_BOUNCE_PENDING,10.3,9.7,11.29,,167,1.65,CHOP,9.83,STOP,18,COMPRESSION,2026-08-20,2026-08-20T04:26:31.396035
NXTC,LONG,CONVICTION,76.0,BULL_BOUNCE_PENDING,6.64,2.17,6.98,,22,0.07,CHOP,6.78,LIMIT,13,MINOR,2026-08-20,2026-08-20T04:30:46.481177
MGTX,LONG,CONVICTION,75.8,BULL_BOUNCE_PENDING,14.89,13.82,15.63,,93,0.7,CHOP,15.19,LIMIT,0,NONE,2026-08-20,2026-08-20T04:27:05.487607
CVSA,LONG,CONVICTION,75.8,BULL_BOUNCE_PENDING,135.7,129.16,142.48,,15,1.04,CHOP,131.92,STOP,20,COMPRESSION,2026-08-20,2026-08-20T04:39:47.560846
EIX,LONG,CONVICTION,75.7,BULL_BOUNCE_PENDING,75.15,72.68,83.76,83.76,40,3.49,CHOP,73.44,STOP,20,COMPRESSION,2026-08-20,2026-08-20T04:44:12.524197
PWCM,LONG,CONVICTION,75.6,BULL_BOUNCE_PENDING,1.82,1.68,1.91,,687,0.63,CHOP,1.86,LIMIT,1,MINOR,2026-08-20,2026-08-20T04:25:49.135981
ATRO,LONG,CONVICTION,75.6,BULL_BOUNCE_PENDING,80.95,74.54,91.48,,15,1.64,CHOP,82.6038,LIMIT,20,CONVICTION,2026-08-20,2026-08-20T04:27:52.982731
BX,LONG,CONVICTION,75.5,BULL_BOUNCE_PENDING,142.1,139.89,154.47,160.09,45,5.59,CHOP,145.0,LIMIT,20,COMPRESSION,2026-08-20,2026-08-20T04:44:06.669188
PGR,LONG,CONVICTION,75.5,BULL_BOUNCE_PENDING,213.4,205.97,237.93,248.01,13,3.3,CHOP,217.75,LIMIT,20,CONVICTION,2026-08-20,2026-08-20T04:51:31.650110
AGCO,LONG,CONVICTION,75.1,BULL_BOUNCE_PENDING,97.62,94.09,110.0,114.2,28,3.51,CHOP,99.61,LIMIT,20,COMPRESSION,2026-08-20,2026-08-20T04:47:48.107703
RGEN,LONG,CONVICTION,75.0,BULL_BOUNCE_PENDING,173.5,171.14,178.75,,42,2.23,CHOP,176.36,LIMIT,8,MINOR,2026-08-20,2026-08-20T04:26:32.451038
TPL,SHORT,CONVICTION,75.0,BEAR_REJECTION_PENDING,382.81,404.59,348.03,,4,1.6,CHOP,375.3071,LIMIT,20,CONVICTION,2026-08-20,2026-08-20T04:44:59.413326
RYAN,SHORT,CONVICTION,75.0,BEAR_REJECTION_PENDING,43.78,44.69,40.14,41.22,109,3.99,CHOP,43.06,LIMIT,20,COMPRESSION,2026-08-20,2026-08-20T04:46:11.382008
TKO,SHORT,CONVICTION,75.0,BEAR_REJECTION_PENDING,205.72,212.68,178.32,182.61,14,3.94,CHOP,201.69,LIMIT,18,CONVICTION,2026-08-20,2026-08-20T04:51:38.770116
MELI,SHORT,CONVICTION,74.8,BEAR_REJECTION_PENDING,1903.0,1925.27,1685.96,1757.9,4,9.74,CHOP,1902.98,LIMIT,20,VACUUM,2026-08-20,2026-08-20T04:44:30.969758
CHRW,SHORT,CONVICTION,74.8,BEAR_REJECTION_PENDING,147.41,154.37,123.22,126.24,14,3.48,CHOP,144.52,LIMIT,20,CONVICTION,2026-08-20,2026-08-20T04:46:28.470027
JLHL,LONG,CONVICTION,74.7,BULL_BOUNCE_PENDING,7.04,5.97,7.39,,93,0.33,CHOP,7.18,LIMIT,20,MINOR,2026-08-20,2026-08-20T04:37:10.792453
GH,LONG,CONVICTION,74.7,BULL_BOUNCE_PENDING,168.9,160.76,177.35,,12,1.04,CHOP,163.8,STOP,10,MINOR,2026-08-20,2026-08-20T04:40:01.154864
COKE,SHORT,CONVICTION,74.7,BEAR_REJECTION_PENDING,187.43,190.06,159.5,165.35,38,10.62,CHOP,187.3,LIMIT,20,CONVICTION,2026-08-20,2026-08-20T04:45:29.398428
MIAX,LONG,CONVICTION,74.7,BULL_BOUNCE_PENDING,42.7,40.66,46.19,,49,1.71,CHOP,40.6,STOP,20,COMPRESSION,2026-08-20,2026-08-20T04:45:58.811994
CALM,LONG,CONVICTION,74.7,BULL_BOUNCE_PENDING,78.94,74.09,92.0,92.0,20,2.69,CHOP,80.55,LIMIT,20,COMPRESSION,2026-08-20,2026-08-20T04:48:56.807302
WMG,SHORT,CONVICTION,74.7,BEAR_REJECTION_PENDING,27.75,29.25,25.38,24.12,67,1.59,CHOP,27.21,LIMIT,19,COMPRESSION,2026-08-20,2026-08-20T04:49:25.577330
ON,LONG,CONVICTION,74.6,BULL_BOUNCE_PENDING,75.26,72.07,86.19,85.5,31,3.42,CHOP,76.8,LIMIT,20,CONVICTION,2026-08-20,2026-08-20T04:35:50.515141
THO,SHORT,CONVICTION,74.6,BEAR_REJECTION_PENDING,80.22,83.41,72.91,69.51,31,2.29,CHOP,80.07,LIMIT,20,CONVICTION,2026-08-20,2026-08-20T04:44:57.145323
FBTC,SHORT,CONVICTION,74.6,BEAR_REJECTION_PENDING,62.4,64.22,56.55,55.15,54,3.22,CHOP,62.35,LIMIT,20,CONVICTION,2026-08-20,2026-08-20T04:50:55.909073
DHT,LONG,CONVICTION,74.5,BULL_BOUNCE_CONFIRMED,19.98,18.98,20.98,,100,1.0,CHOP,19.9799,LIMIT,8,COMPRESSION,2026-08-20,2026-08-20T04:45:30.163430
ROIV,LONG,CONVICTION,74.5,BULL_BOUNCE_PENDING,38.01,36.7,39.91,,76,1.45,CHOP,37.84,STOP,0,NONE,2026-08-20,2026-08-20T04:49:51.975358
MANE,SHORT,CONVICTION,74.4,BEAR_REJECTION_PENDING,111.28,113.27,102.93,102.93,50,4.19,CHOP,111.23,LIMIT,20,CONVICTION,2026-08-20,2026-08-20T04:49:42.792350
ETHE,LONG,CONVICTION,74.4,BULL_BOUNCE_PENDING,17.96,17.43,18.93,19.42,188,1.82,CHOP,18.33,LIMIT,14,CONVICTION,2026-08-20,2026-08-20T04:50:48.385535
GBTC,SHORT,CONVICTION,74.3,BEAR_REJECTION_PENDING,55.66,57.31,50.3,49.07,60,3.26,CHOP,55.5,LIMIT,20,CONVICTION,2026-08-20,2026-08-20T04:51:03.836081
UBER,LONG,CONVICTION,74.2,BULL_BOUNCE,78.0,75.15,83.06,88.64,35,1.78,CHOP,78.0,LIMIT,20,CONVICTION,2026-08-20,2026-08-20T04:37:38.194908
BR,SHORT,CONVICTION,74.2,BEAR_REJECTION_PENDING,177.31,179.27,157.64,151.32,51,10.05,CHOP,176.03,LIMIT,15,CONVICTION,2026-08-20,2026-08-20T04:41:42.132820
KO,LONG,CONVICTION,74.1,BULL_BOUNCE_PENDING,90.85,89.46,95.39,,71,3.26,CHOP,90.01,STOP,16,MINOR,2026-08-20,2026-08-20T04:31:12.141732
ORKA,LONG,CONVICTION,74.0,BULL_BOUNCE_PENDING,115.63,110.31,121.41,,18,1.09,CHOP,109.69,STOP,10,MINOR,2026-08-20,2026-08-20T04:26:52.760593
MNPR,LONG,CONVICTION,74.0,BULL_BOUNCE_CONFIRMED,124.26,117.87,130.47,,15,0.97,CHOP,124.26,LIMIT,0,NONE,2026-08-20,2026-08-20T04:28:49.032325
AMZN,LONG,CONVICTION,74.0,BULL_BOUNCE_PENDING,266.67,257.21,280.0,,10,1.41,CHOP,265.77,STOP,20,COMPRESSION,2026-08-20,2026-08-20T04:35:44.933124
DK,LONG,CONVICTION,74.0,BULL_BOUNCE_PENDING,65.0,61.8,68.25,,31,1.02,CHOP,66.33,LIMIT,20,COMPRESSION,2026-08-20,2026-08-20T04:44:09.568190
DPZ,LONG,CONVICTION,74.0,BULL_BOUNCE_PENDING,327.58,320.57,342.96,346.27,14,2.2,CHOP,334.0,LIMIT,20,COMPRESSION,2026-08-20,2026-08-20T04:44:11.661193
EAT,LONG,CONVICTION,74.0,BULL_BOUNCE_PENDING,227.85,223.65,248.5,238.5,23,4.91,CHOP,232.5,LIMIT,20,VACUUM,2026-08-20,2026-08-20T04:45:30.954430
HPE,LONG,CONVICTION,73.9,BULL_BOUNCE_PENDING,51.76,44.77,54.35,,14,0.37,CHOP,52.82,LIMIT,20,CONVICTION,2026-08-20,2026-08-20T04:33:09.549980
BDX,SHORT,CONVICTION,73.9,BEAR_REJECTION_PENDING,190.69,208.43,162.0,,5,1.62,CHOP,186.95,LIMIT,3,CONVICTION,2026-08-20,2026-08-20T04:45:10.347349
CHRD,SHORT,CONVICTION,73.9,BEAR_REJECTION_PENDING,148.02,150.4,143.94,136.5,42,1.72,CHOP,147.83,LIMIT,20,CONVICTION,2026-08-20,2026-08-20T04:49:10.730316
HPQ,LONG,CONVICTION,73.8,BULL_BOUNCE_PENDING,29.41,27.13,33.69,,43,1.88,CHOP,30.01,LIMIT,16,CONVICTION,2026-08-20,2026-08-20T04:34:38.911825
DUOL,LONG,CONVICTION,73.8,BULL_BOUNCE_PENDING,151.15,141.68,158.71,,10,0.8,CHOP,146.21,STOP,15,MINOR,2026-08-20,2026-08-20T04:39:51.092846
ETHT,SHORT,CONVICTION,73.7,BEAR_REJECTION_PENDING,14.91,16.16,12.81,,79,1.68,CHOP,14.65,LIMIT,12,CONVICTION,2026-08-20,2026-08-20T04:50:50.160068
SRRK,LONG,CONVICTION,73.5,BULL_BOUNCE_PENDING,57.21,54.71,60.07,,39,1.14,CHOP,56.704,STOP,3,MINOR,2026-08-20,2026-08-20T04:26:50.598589
CF,SHORT,CONVICTION,73.5,BEAR_REJECTION_PENDING,121.39,125.82,107.6,107.93,22,3.12,CHOP,119.01,LIMIT,20,CONVICTION,2026-08-20,2026-08-20T04:41:52.507836
BCO,LONG,CONVICTION,73.5,BULL_BOUNCE_PENDING,107.0,103.4,113.56,123.0,27,1.82,CHOP,109.18,LIMIT,20,COMPRESSION,2026-08-20,2026-08-20T04:44:01.300180
NOW,LONG,CONVICTION,73.4,BULL_BOUNCE_PENDING,124.04,116.76,141.64,,13,2.42,CHOP,126.57,LIMIT,20,CONVICTION,2026-08-20,2026-08-20T04:32:00.289313
URGN,LONG,CONVICTION,73.3,BULL_BOUNCE_PENDING,50.86,48.69,53.4,,45,1.17,CHOP,50.59,STOP,0,NONE,2026-08-20,2026-08-20T04:26:19.834021
NEE,LONG,CONVICTION,73.1,BULL_BOUNCE_PENDING,84.09,81.78,91.11,91.11,43,3.04,CHOP,85.8054,LIMIT,20,CONVICTION,2026-08-20,2026-08-20T04:32:48.079417
CPNG,SHORT,CONVICTION,73.0,BEAR_REJECTION_PENDING,16.97,20.49,16.12,,28,0.24,CHOP,16.64,LIMIT,15,CONVICTION,2026-08-20,2026-08-20T04:33:23.306522
SLS,LONG,CONVICTION,73.0,BULL_BOUNCE_PENDING,14.3,13.36,15.02,,106,0.76,CHOP,14.0,STOP,3,MINOR,2026-08-20,2026-08-20T04:34:09.428248
XHLD,LONG,CONVICTION,73.0,BULL_BOUNCE_CONFIRMED,7.7,7.3,8.09,,252,0.97,CHOP,7.7,LIMIT,7,MINOR,2026-08-20,2026-08-20T04:43:47.438638
NVDU,LONG,CONVICTION,72.9,BULL_BOUNCE_PENDING,134.8,129.42,150.27,148.9,18,2.88,CHOP,137.55,LIMIT,20,VACUUM,2026-08-20,2026-08-20T04:46:02.341999
ALC,LONG,CONVICTION,72.8,BULL_BOUNCE,74.25,72.45,82.32,80.41,55,4.49,CHOP,74.245,LIMIT,20,CONVICTION,2026-08-20,2026-08-20T04:37:35.103319
AUGO,LONG,CONVICTION,72.8,BULL_BOUNCE_PENDING,84.57,82.99,95.94,92.99,63,7.19,CHOP,86.3,LIMIT,10,CONVICTION,2026-08-20,2026-08-20T04:39:27.161862
HL,LONG,CONVICTION,72.7,BULL_BOUNCE_PENDING,20.59,19.52,22.47,,93,1.75,CHOP,20.5,STOP,13,MINOR,2026-08-20,2026-08-20T04:32:07.216319
MS,LONG,CONVICTION,72.7,BULL_BOUNCE_PENDING,212.56,210.4,216.21,227.2,46,1.69,CHOP,214.3669,LIMIT,20,MINOR,2026-08-20,2026-08-20T04:32:11.047323
KR,LONG,CONVICTION,72.6,BULL_BOUNCE_PENDING,55.19,51.24,64.06,64.68,25,2.24,CHOP,56.32,LIMIT,20,CONVICTION,2026-08-20,2026-08-20T04:35:14.220954
VSXY,LONG,CONVICTION,72.6,BULL_BOUNCE_PENDING,86.84,83.66,97.93,99.6,31,3.49,CHOP,88.61,LIMIT,20,COMPRESSION,2026-08-20,2026-08-20T04:41:16.986784
IONS,LONG,CONVICTION,72.6,BULL_BOUNCE,60.5,58.6,67.78,65.48,52,3.83,CHOP,60.5,LIMIT,11,CONVICTION,2026-08-20,2026-08-20T04:48:15.757729
EWTX,LONG,CONVICTION,72.5,BULL_BOUNCE_PENDING,46.64,44.23,48.97,,41,0.97,CHOP,46.78,STOP,11,MINOR,2026-08-20,2026-08-20T04:38:40.514869
AKAM,LONG,CONVICTION,72.5,BULL_BOUNCE_PENDING,110.55,105.25,121.49,124.56,18,2.06,CHOP,112.81,LIMIT,20,CONVICTION,2026-08-20,2026-08-20T04:41:26.215797
GPN,SHORT,CONVICTION,72.5,BEAR_REJECTION_PENDING,92.03,93.52,85.75,82.02,67,4.23,CHOP,91.74,LIMIT,20,COMPRESSION,2026-08-20,2026-08-20T04:45:40.689441
SUNB,LONG,CONVICTION,72.5,BULL_BOUNCE_PENDING,77.28,74.69,81.76,84.52,38,1.73,CHOP,78.86,LIMIT,20,CONVICTION,2026-08-20,2026-08-20T04:48:45.987759
VKTX,LONG,CONVICTION,72.5,BULL_BOUNCE_PENDING,35.21,33.25,41.0,41.26,51,2.96,CHOP,35.93,LIMIT,20,COMPRESSION,2026-08-20,2026-08-20T04:51:41.212118
PANW,LONG,CONVICTION,72.3,BULL_BOUNCE_PENDING,349.86,344.74,383.25,388.99,19,6.52,CHOP,357.0,LIMIT,20,CONVICTION,2026-08-20,2026-08-20T04:33:34.808198
RXRX,LONG,CONVICTION,72.3,BULL_BOUNCE_PENDING,3.5,3.33,3.9,,575,2.33,CHOP,3.4407,STOP,11,COMPRESSION,2026-08-20,2026-08-20T04:36:21.710232
WIX,LONG,CONVICTION,72.2,BULL_BOUNCE_PENDING,76.19,72.98,83.62,86.59,31,2.31,CHOP,77.75,LIMIT,20,COMPRESSION,2026-08-20,2026-08-20T04:26:45.229590
TSLQ,LONG,CONVICTION,72.2,BULL_BOUNCE_PENDING,23.08,21.43,24.23,,60,0.7,CHOP,21.3,STOP,20,MINOR,2026-08-20,2026-08-20T04:46:22.105019
QTEX,LONG,CONVICTION,72.1,BULL_BOUNCE_PENDING,1.09,0.98,1.14,,943,0.51,CHOP,1.1113,LIMIT,2,MINOR,2026-08-20,2026-08-20T04:30:07.801599
IMNM,LONG,CONVICTION,72.1,BULL_BOUNCE_PENDING,30.09,28.51,31.59,,63,0.95,CHOP,29.286,STOP,1,MINOR,2026-08-20,2026-08-20T04:51:09.595086
AXTI,LONG,CONVICTION,72.0,BULL_BOUNCE_PENDING,72.32,65.69,84.5,,15,1.84,CHOP,73.8,LIMIT,20,VACUUM,2026-08-20,2026-08-20T04:29:26.756428
SNDU,SHORT,CONVICTION,72.0,BEAR_REJECTION_PENDING,23.51,27.37,22.34,,25,0.3,CHOP,23.05,LIMIT,14,CONVICTION,2026-08-20,2026-08-20T04:43:24.769546
SYRE,LONG,CONVICTION,71.9,BULL_BOUNCE_PENDING,110.29,107.28,115.8,,33,1.83,CHOP,109.02,STOP,3,MINOR,2026-08-20,2026-08-20T04:26:59.063601
OUST,LONG,CONVICTION,71.9,BULL_BOUNCE_PENDING,39.69,35.3,41.67,,22,0.45,CHOP,40.5,LIMIT,20,CONVICTION,2026-08-20,2026-08-20T04:38:29.562826
ZS,LONG,CONVICTION,71.9,BULL_BOUNCE_PENDING,184.1,181.81,199.76,198.23,43,6.85,CHOP,185.2453,LIMIT,14,COMPRESSION,2026-08-20,2026-08-20T04:43:49.651639
MBX,LONG,CONVICTION,71.8,BULL_BOUNCE_PENDING,68.83,66.19,72.27,,37,1.3,CHOP,68.4,STOP,5,MINOR,2026-08-20,2026-08-20T04:27:49.209726
EXPE,LONG,CONVICTION,71.8,BULL_BOUNCE_PENDING,322.77,318.84,331.54,332.62,25,2.23,CHOP,326.27,LIMIT,20,MINOR,2026-08-20,2026-08-20T04:44:14.114198
CVNA,LONG,CONVICTION,71.7,BULL_BOUNCE_PENDING,68.63,64.24,77.79,,22,2.09,CHOP,70.03,LIMIT,20,VACUUM,2026-08-20,2026-08-20T04:36:12.569205
NRG,LONG,CONVICTION,71.6,BULL_BOUNCE_PENDING,117.84,108.28,123.74,,10,0.62,CHOP,120.25,LIMIT,20,COMPRESSION,2026-08-20,2026-08-20T04:48:31.625745
GLW,LONG,CONVICTION,71.2,BULL_BOUNCE_PENDING,149.13,124.98,156.58,,4,0.31,CHOP,152.17,LIMIT,20,CONVICTION,2026-08-20,2026-08-20T04:32:55.385966
VLO,LONG,CONVICTION,71.2,BULL_BOUNCE_PENDING,351.08,340.86,368.63,,9,1.72,CHOP,346.4,STOP,15,COMPRESSION,2026-08-20,2026-08-20T04:47:36.153689
LGHL,LONG,CONVICTION,71.0,BULL_BOUNCE_PENDING,0.67,0.59,0.7,,1251,0.42,CHOP,0.68,LIMIT,11,COMPRESSION,2026-08-20,2026-08-20T04:26:00.020998
ONTO,LONG,CONVICTION,71.0,BULL_BOUNCE_PENDING,296.06,267.36,310.86,,3,0.52,CHOP,302.1,LIMIT,20,CONVICTION,2026-08-20,2026-08-20T04:27:00.440601
RDVT,LONG,CONVICTION,71.0,BULL_BOUNCE_PENDING,68.36,65.32,71.78,,32,1.12,CHOP,69.76,LIMIT,8,MINOR,2026-08-20,2026-08-20T04:29:10.709347
VST,SHORT,CONVICTION,71.0,BEAR_REJECTION_PENDING,144.5,146.84,137.3,136.0,42,3.08,CHOP,143.13,LIMIT,20,CONVICTION,2026-08-20,2026-08-20T04:32:29.626873
ONDS,SHORT,CONVICTION,71.0,BEAR_REJECTION_PENDING,8.98,9.82,7.54,,119,1.72,CHOP,8.82,LIMIT,15,COMPRESSION,2026-08-20,2026-08-20T04:33:05.179976
HBAN,SHORT,CONVICTION,71.0,BEAR_REJECTION_PENDING,17.41,18.33,15.34,14.85,107,2.23,CHOP,17.19,LIMIT,20,COMPRESSION,2026-08-20,2026-08-20T04:35:29.120003
MATX,LONG,CONVICTION,71.0,BULL_BOUNCE,218.26,211.03,229.17,,13,1.51,CHOP,218.26,LIMIT,16,MINOR,2026-08-20,2026-08-20T04:45:57.972993
CWK,LONG,CONVICTION,71.0,BULL_BOUNCE_PENDING,15.68,15.07,16.46,,164,1.29,CHOP,15.37,STOP,1,MINOR,2026-08-20,2026-08-20T04:50:39.464471
INSW,LONG,CONVICTION,70.9,BULL_BOUNCE,99.68,96.09,104.66,,27,1.39,CHOP,99.68,LIMIT,8,MINOR,2026-08-20,2026-08-20T04:45:46.586447
NVCR,LONG,CONVICTION,70.8,BULL_BOUNCE_PENDING,17.88,17.11,19.38,,129,1.94,CHOP,18.25,LIMIT,6,COMPRESSION,2026-08-20,2026-08-20T04:26:04.819002
PCOR,SHORT,CONVICTION,70.8,BEAR_REJECTION_PENDING,64.18,68.59,56.46,53.79,22,1.75,CHOP,62.92,LIMIT,4,CONVICTION,2026-08-20,2026-08-20T04:47:13.482603
FROG,LONG,CONVICTION,70.7,BULL_BOUNCE_PENDING,89.67,82.62,94.15,,14,0.64,CHOP,91.5,LIMIT,10,COMPRESSION,2026-08-20,2026-08-20T04:25:38.043968
ALNT,LONG,CONVICTION,70.7,BULL_BOUNCE_PENDING,99.77,94.36,109.6,112.92,18,1.81,CHOP,101.81,LIMIT,20,CONVICTION,2026-08-20,2026-08-20T04:29:18.261888
APP,LONG,CONVICTION,70.7,BULL_BOUNCE_PENDING,304.78,280.56,343.04,,4,1.58,CHOP,311.0,LIMIT,20,CONVICTION,2026-08-20,2026-08-20T04:34:01.038238
ARQT,LONG,CONVICTION,70.7,BULL_BOUNCE_PENDING,27.22,26.02,29.13,,83,1.59,CHOP,26.35,STOP,20,MINOR,2026-08-20,2026-08-20T04:41:34.028808
CAKE,SHORT,CONVICTION,70.7,BEAR_REJECTION_PENDING,108.15,113.26,92.94,92.1,19,2.97,CHOP,106.03,LIMIT,20,CONVICTION,2026-08-20,2026-08-20T04:41:50.004832
CADL,LONG,CONVICTION,70.6,BULL_BOUNCE_PENDING,13.83,13.16,14.52,,148,1.03,CHOP,13.45,STOP,12,MINOR,2026-08-20,2026-08-20T04:26:20.258022
MIRM,SHORT,CONVICTION,70.6,BEAR_REJECTION_PENDING,104.28,106.7,94.95,95.63,41,3.86,CHOP,102.24,LIMIT,20,COMPRESSION,2026-08-20,2026-08-20T04:40:19.125896
DRUG,SHORT,CONVICTION,70.5,BEAR_REJECTION_PENDING,86.54,88.51,73.34,75.03,50,6.69,CHOP,84.84,LIMIT,10,VACUUM,2026-08-20,2026-08-20T04:29:34.385437
GPRO,SHORT,CONVICTION,70.4,BEAR_REJECTION_PENDING,0.65,0.7,0.61,,1756,0.57,CHOP,0.6341,LIMIT,20,COMPRESSION,2026-08-20,2026-08-20T04:30:37.492165
KTOS,LONG,CONVICTION,70.4,BULL_BOUNCE_PENDING,58.96,56.53,64.5,68.44,41,2.28,CHOP,60.16,LIMIT,20,CONVICTION,2026-08-20,2026-08-20T04:30:53.671181
OLLI,SHORT,CONVICTION,70.4,BEAR_REJECTION_PENDING,80.59,81.57,74.5,74.5,101,6.19,CHOP,79.39,LIMIT,20,MINOR,2026-08-20,2026-08-20T04:40:31.532090
ADM,SHORT,CONVICTION,70.4,BEAR_REJECTION_PENDING,82.36,86.35,69.51,71.58,25,3.23,CHOP,80.75,LIMIT,20,COMPRESSION,2026-08-20,2026-08-20T04:41:22.179794
ABCL,LONG,CONVICTION,70.4,BULL_BOUNCE_PENDING,12.16,11.19,12.77,,102,0.63,CHOP,12.06,STOP,6,MINOR,2026-08-20,2026-08-20T04:41:21.076790
APPF,SHORT,CONVICTION,70.4,BEAR_REJECTION_PENDING,219.52,231.59,184.12,184.12,8,2.93,CHOP,215.22,LIMIT,3,CONVICTION,2026-08-20,2026-08-20T04:43:58.407177
BLLN,LONG,CONVICTION,70.2,BULL_BOUNCE_PENDING,90.04,87.03,105.16,97.75,33,5.02,CHOP,91.88,LIMIT,20,CONVICTION,2026-08-20,2026-08-20T04:41:39.698818
TLN,SHORT,CONVICTION,70.1,BEAR_REJECTION_PENDING,329.5,335.04,310.0,310.0,18,3.52,CHOP,324.06,LIMIT,20,CONVICTION,2026-08-20,2026-08-20T04:44:57.669327
SITM,SHORT,CONVICTION,70.0,BEAR_REJECTION_PENDING,657.9,675.39,628.84,,5,1.66,CHOP,645.0,LIMIT,19,CONVICTION,2026-08-20,2026-08-20T04:48:41.825756
FLUT,LONG,CONVICTION,69.9,BULL_BOUNCE,99.16,93.65,110.04,112.28,18,1.97,CHOP,99.16,LIMIT,20,CONVICTION,2026-08-20,2026-08-20T04:44:15.976740
VBIO,SHORT,CONVICTION,69.8,BEAR_REJECTION_PENDING,0.13,0.18,0.13,,2382,0.16,CHOP,0.132,LIMIT,7,COMPRESSION,2026-08-20,2026-08-20T04:35:44.127120
VAL,LONG,CONVICTION,69.8,BULL_BOUNCE,86.5,82.92,98.64,98.64,27,3.39,CHOP,86.5,LIMIT,20,CONVICTION,2026-08-20,2026-08-20T04:43:39.606095
WGS,SHORT,CONVICTION,69.7,BEAR_REJECTION_PENDING,82.88,85.53,78.31,70.94,37,1.72,CHOP,81.25,LIMIT,12,VACUUM,2026-08-20,2026-08-20T04:27:39.876183
NCLH,SHORT,CONVICTION,69.7,BEAR_REJECTION_PENDING,17.69,18.27,16.71,,171,1.67,CHOP,17.34,LIMIT,20,COMPRESSION,2026-08-20,2026-08-20T04:34:33.836820
CHYM,LONG,CONVICTION,69.7,BULL_BOUNCE_PENDING,32.73,30.55,34.37,,45,0.75,CHOP,33.4,LIMIT,0,NONE,2026-08-20,2026-08-20T04:41:55.348843
ETHA,LONG,CONVICTION,69.7,BULL_BOUNCE_PENDING,16.83,14.9,17.67,,51,0.44,CHOP,17.17,LIMIT,11,CONVICTION,2026-08-20,2026-08-20T04:50:47.041533
DOO,LONG,CONVICTION,69.6,BULL_BOUNCE_PENDING,66.89,61.51,77.96,,18,2.06,CHOP,68.26,LIMIT,5,MINOR,2026-08-20,2026-08-20T04:49:37.252342
MRNY,LONG,CONVICTION,69.6,BULL_BOUNCE_PENDING,36.32,35.25,39.29,42.0,93,2.77,CHOP,37.06,LIMIT,15,VACUUM,2026-08-20,2026-08-20T04:51:18.321106
MRVL,LONG,CONVICTION,69.5,BULL_BOUNCE_PENDING,230.06,211.2,269.5,,5,2.09,CHOP,234.75,LIMIT,20,CONVICTION,2026-08-20,2026-08-20T04:28:45.220319
PYPL,SHORT,CONVICTION,69.5,BEAR_REJECTION_PENDING,62.41,65.66,54.84,53.04,30,2.33,CHOP,61.19,LIMIT,18,CONVICTION,2026-08-20,2026-08-20T04:33:12.864984
FRMI,SHORT,CONVICTION,69.4,BEAR_REJECTION_PENDING,5.95,6.17,5.3,,453,2.95,CHOP,5.89,LIMIT,15,COMPRESSION,2026-08-20,2026-08-20T04:30:03.660595
PLGO,LONG,CONVICTION,69.4,BULL_BOUNCE_PENDING,22.87,20.15,24.02,,36,0.42,CHOP,23.34,LIMIT,20,COMPRESSION,2026-08-20,2026-08-20T04:47:16.440142
MRX,LONG,CONVICTION,69.3,BULL_BOUNCE_PENDING,68.79,59.63,72.23,,10,0.38,CHOP,70.19,LIMIT,20,VACUUM,2026-08-20,2026-08-20T04:28:33.926776
MOH,LONG,CONVICTION,69.3,BULL_BOUNCE,201.17,194.33,217.99,221.74,14,2.46,CHOP,201.17,LIMIT,20,CONVICTION,2026-08-20,2026-08-20T04:45:59.679996
YSS,SHORT,CONVICTION,69.3,BEAR_REJECTION_PENDING,10.32,10.73,9.35,8.89,241,2.34,CHOP,10.22,LIMIT,16,COMPRESSION,2026-08-20,2026-08-20T04:47:46.709700
VICR,LONG,CONVICTION,69.3,BULL_BOUNCE_CONFIRMED,219.4,207.46,247.62,,8,2.36,CHOP,219.4,LIMIT,20,CONVICTION,2026-08-20,2026-08-20T04:48:49.749296
AYA,LONG,CONVICTION,69.2,BULL_BOUNCE_PENDING,26.95,25.71,28.3,,80,1.09,CHOP,27.5,LIMIT,20,COMPRESSION,2026-08-20,2026-08-20T04:26:52.168591
PI,LONG,CONVICTION,69.2,BULL_BOUNCE_PENDING,161.68,153.38,177.5,182.22,12,1.91,CHOP,164.98,LIMIT,20,CONVICTION,2026-08-20,2026-08-20T04:28:30.908772
MRLN,SHORT,CONVICTION,69.2,BEAR_REJECTION_PENDING,3.47,3.61,3.23,,685,1.61,CHOP,3.4,LIMIT,20,COMPRESSION,2026-08-20,2026-08-20T04:39:05.703378
MSTZ,LONG,CONVICTION,69.2,BULL_BOUNCE_PENDING,7.06,6.52,7.95,,188,1.68,CHOP,7.2,LIMIT,20,COMPRESSION,2026-08-20,2026-08-20T04:42:51.488918
APMD,SHORT,CONVICTION,69.1,BEAR_REJECTION_PENDING,32.85,34.17,28.1,,75,3.6,CHOP,32.6,LIMIT,6,VACUUM,2026-08-20,2026-08-20T04:29:31.715434
QMCO,LONG,CONVICTION,69.1,BULL_BOUNCE_PENDING,21.35,19.06,24.85,,43,1.52,CHOP,21.79,LIMIT,20,COMPRESSION,2026-08-20,2026-08-20T04:38:09.405301
INTC,LONG,CONVICTION,69.0,BULL_BOUNCE_PENDING,90.94,66.45,95.49,,4,0.19,CHOP,92.8,LIMIT,20,CONVICTION,2026-08-20,2026-08-20T04:25:56.507991
TMDX,LONG,CONVICTION,69.0,BULL_BOUNCE,93.5,88.83,104.7,107.04,21,2.4,CHOP,93.5,LIMIT,14,VACUUM,2026-08-20,2026-08-20T04:43:36.102561
PNR,SHORT,CONVICTION,69.0,BEAR_REJECTION_PENDING,65.74,66.49,63.83,63.18,133,2.54,CHOP,65.68,LIMIT,20,COMPRESSION,2026-08-20,2026-08-20T04:43:56.909176
CECO,LONG,CONVICTION,69.0,BULL_BOUNCE_PENDING,73.65,68.17,83.38,,18,1.78,CHOP,75.15,LIMIT,20,VACUUM,2026-08-20,2026-08-20T04:43:56.906176
BITU,LONG,CONVICTION,69.0,BULL_BOUNCE_PENDING,11.39,10.97,12.5,12.5,242,2.69,CHOP,11.62,LIMIT,19,COMPRESSION,2026-08-20,2026-08-20T04:50:21.643386
EL,LONG,CONVICTION,69.0,BULL_BOUNCE_PENDING,96.35,95.02,106.75,106.75,75,7.8,CHOP,97.72,LIMIT,20,CONVICTION,2026-08-20,2026-08-20T04:50:43.750002
ORIC,LONG,CONVICTION,68.9,BULL_BOUNCE_PENDING,14.36,13.79,15.07,,176,1.27,CHOP,14.65,LIMIT,0,NONE,2026-08-20,2026-08-20T04:26:49.089598
SLDB,LONG,CONVICTION,68.9,BULL_BOUNCE_PENDING,9.8,9.03,11.1,,130,1.7,CHOP,10.0,LIMIT,9,COMPRESSION,2026-08-20,2026-08-20T04:26:58.029599
ORCL,LONG,CONVICTION,68.8,BULL_BOUNCE_PENDING,141.22,128.76,162.47,,8,1.71,CHOP,144.1,LIMIT,20,CONVICTION,2026-08-20,2026-08-20T04:31:26.852749
MRNA,SHORT,CONVICTION,68.6,BEAR_REJECTION_PENDING,153.75,165.82,129.5,,8,2.01,CHOP,150.74,LIMIT,10,VACUUM,2026-08-20,2026-08-20T04:26:00.916998
STOK,LONG,CONVICTION,68.6,BULL_BOUNCE_PENDING,32.45,31.95,37.94,35.89,202,11.15,CHOP,33.03,LIMIT,10,COMPRESSION,2026-08-20,2026-08-20T04:26:42.189579
LB,LONG,CONVICTION,68.6,BULL_BOUNCE_CONFIRMED,82.43,77.65,86.55,,20,0.86,CHOP,82.43,LIMIT,16,MINOR,2026-08-20,2026-08-20T04:28:49.616325
KSPI,SHORT,CONVICTION,68.6,BEAR_REJECTION_PENDING,100.98,102.78,91.45,90.3,55,5.29,CHOP,100.95,LIMIT,18,VACUUM,2026-08-20,2026-08-20T04:45:51.401986
ERO,SHORT,CONVICTION,68.5,BEAR_REJECTION_PENDING,34.4,35.43,32.0,29.93,97,2.34,CHOP,34.3,LIMIT,20,CONVICTION,2026-08-20,2026-08-20T04:39:52.742848
FRVO,SHORT,CONVICTION,68.5,BEAR_REJECTION_PENDING,18.0,18.67,17.1,,148,1.34,CHOP,17.95,LIMIT,20,COMPRESSION,2026-08-20,2026-08-20T04:39:56.592855
SHOP,SHORT,CONVICTION,68.3,BEAR_REJECTION_PENDING,149.63,155.95,138.45,126.84,15,1.77,CHOP,146.7,LIMIT,20,CONVICTION,2026-08-20,2026-08-20T04:37:02.303296
KMTS,LONG,CONVICTION,68.0,BULL_BOUNCE_PENDING,27.35,26.21,28.72,,87,1.2,CHOP,27.91,LIMIT,20,MINOR,2026-08-20,2026-08-20T04:29:17.459886
EROC,LONG,CONVICTION,68.0,BULL_BOUNCE_CONFIRMED,14.41,14.13,15.46,15.42,355,3.74,CHOP,14.41,LIMIT,20,MINOR,2026-08-20,2026-08-20T04:45:36.197436
AAP,LONG,CONVICTION,68.0,BULL_BOUNCE_CONFIRMED,57.3,55.15,62.61,62.61,46,2.47,CHOP,57.3,LIMIT,20,COMPRESSION,2026-08-20,2026-08-20T04:46:30.730029
NUVB,LONG,CONVICTION,68.0,BULL_BOUNCE_CONFIRMED,7.48,6.93,8.5,,180,1.84,CHOP,7.4802,LIMIT,5,COMPRESSION,2026-08-20,2026-08-20T04:48:32.735748
NG,LONG,CONVICTION,68.0,BULL_BOUNCE_CONFIRMED,8.65,8.17,9.61,,207,1.99,CHOP,8.65,LIMIT,4,MINOR,2026-08-20,2026-08-20T04:51:25.036107
CHTR,SHORT,CONVICTION,67.9,BEAR_REJECTION_PENDING,155.96,160.43,149.0,133.58,22,1.56,CHOP,152.9,LIMIT,19,VACUUM,2026-08-20,2026-08-20T04:44:08.460188
HUBG,SHORT,CONVICTION,67.9,BEAR_REJECTION_PENDING,40.8,46.97,38.76,,16,0.33,CHOP,40.0,LIMIT,20,CONVICTION,2026-08-20,2026-08-20T04:45:44.529446
FUL,LONG,CONVICTION,67.8,BULL_BOUNCE_CONFIRMED,61.83,57.49,68.64,,23,1.57,CHOP,61.83,LIMIT,20,COMPRESSION,2026-08-20,2026-08-20T04:48:07.016720
MRVI,LONG,CONVICTION,67.8,BULL_BOUNCE,7.3,5.09,12.74,,45,2.46,CHOP,7.3,LIMIT,1,MINOR,2026-08-20,2026-08-20T04:51:20.906098
SEDG,LONG,CONVICTION,67.8,BULL_BOUNCE_PENDING,31.8,29.15,36.56,,37,1.8,CHOP,32.45,LIMIT,20,MINOR,2026-08-20,2026-08-20T04:51:32.791109
BE,LONG,CONVICTION,67.7,BULL_BOUNCE_PENDING,200.44,178.17,210.46,,4,0.45,CHOP,204.53,LIMIT,20,CONVICTION,2026-08-20,2026-08-20T04:32:05.787318
FIVE,LONG,CONVICTION,67.5,BULL_BOUNCE_PENDING,240.31,237.73,247.0,247.0,38,2.58,CHOP,242.08,LIMIT,20,MINOR,2026-08-20,2026-08-20T04:39:55.278853
DRI,LONG,CONVICTION,67.5,BULL_BOUNCE,221.89,216.07,232.98,,17,1.91,CHOP,221.89,LIMIT,20,MINOR,2026-08-20,2026-08-20T04:45:30.175431
EXPD,LONG,CONVICTION,67.5,BULL_BOUNCE,186.44,181.26,195.76,,19,1.8,CHOP,186.44,LIMIT,20,MINOR,2026-08-20,2026-08-20T04:45:36.205437
ELAN,LONG,CONVICTION,67.4,BULL_BOUNCE,24.3,23.06,27.01,27.87,80,2.18,CHOP,24.3,LIMIT,20,COMPRESSION,2026-08-20,2026-08-20T04:48:06.401721
AAL,LONG,CONVICTION,67.3,BULL_BOUNCE_PENDING,13.57,11.73,14.25,,54,0.37,CHOP,13.85,LIMIT,20,COMPRESSION,2026-08-20,2026-08-20T04:37:26.425521
S,LONG,CONVICTION,67.1,BULL_BOUNCE,21.35,20.31,24.01,,96,2.57,CHOP,21.35,LIMIT,20,COMPRESSION,2026-08-20,2026-08-20T04:31:40.382763
SGLY,SHORT,CONVICTION,67.0,BEAR_REJECTION_PENDING,2.98,3.51,2.83,,189,0.28,CHOP,2.97,LIMIT,12,COMPRESSION,2026-08-20,2026-08-20T04:25:46.062978
LTH,SHORT,CONVICTION,67.0,BEAR_REJECTION_PENDING,45.05,47.03,41.1,39.86,50,2.0,CHOP,44.17,LIMIT,20,VACUUM,2026-08-20,2026-08-20T04:44:28.525753
RDDT,SHORT,CONVICTION,66.8,BEAR_REJECTION_PENDING,155.6,160.48,142.98,141.21,20,2.58,CHOP,152.55,LIMIT,20,CONVICTION,2026-08-20,2026-08-20T04:40:40.502104
CBRL,LONG,CONVICTION,66.8,BULL_BOUNCE_PENDING,54.95,53.23,57.9,59.36,58,1.72,CHOP,56.07,LIMIT,20,COMPRESSION,2026-08-20,2026-08-20T04:49:08.632315
CRWV,SHORT,CONVICTION,66.7,BEAR_REJECTION_PENDING,91.55,106.53,86.97,,6,0.31,CHOP,89.75,LIMIT,20,CONVICTION,2026-08-20,2026-08-20T04:32:34.813877
ALHC,LONG,CONVICTION,66.7,BULL_BOUNCE_PENDING,12.55,11.65,14.15,,111,1.78,CHOP,12.81,LIMIT,20,COMPRESSION,2026-08-20,2026-08-20T04:39:19.619696
UCO,SHORT,CONVICTION,66.7,BEAR_REJECTION_PENDING,45.89,48.01,41.95,39.27,47,1.86,CHOP,45.04,LIMIT,17,CONVICTION,2026-08-20,2026-08-20T04:43:39.047095
AXGN,LONG,CONVICTION,66.6,BULL_BOUNCE_PENDING,47.24,41.88,49.6,,18,0.44,CHOP,48.2,LIMIT,20,MINOR,2026-08-20,2026-08-20T04:27:13.412616
LIVN,LONG,CONVICTION,66.6,BULL_BOUNCE,80.84,77.7,85.93,,31,1.62,CHOP,80.84,LIMIT,20,MINOR,2026-08-20,2026-08-20T04:45:55.501993
BWIN,SHORT,CONVICTION,66.5,BEAR_REJECTION_PENDING,31.77,36.55,30.18,,20,0.33,CHOP,31.15,LIMIT,17,CONVICTION,2026-08-20,2026-08-20T04:27:10.645614
BTC,SHORT,CONVICTION,66.5,BEAR_REJECTION_PENDING,31.71,32.64,28.74,28.03,107,3.19,CHOP,31.65,LIMIT,20,COMPRESSION,2026-08-20,2026-08-20T04:50:33.181465
MAIN,LONG,CONVICTION,66.4,BULL_BOUNCE_PENDING,56.99,55.47,63.5,65.35,65,4.3,CHOP,58.15,LIMIT,20,COMPRESSION,2026-08-20,2026-08-20T04:40:18.309894
ARKB,SHORT,CONVICTION,66.4,BEAR_REJECTION_PENDING,23.79,24.47,21.53,21.02,146,3.31,CHOP,23.7761,LIMIT,20,COMPRESSION,2026-08-20,2026-08-20T04:50:11.331377
CRCL,LONG,CONVICTION,66.2,BULL_BOUNCE_PENDING,81.3,79.58,88.11,86.93,58,3.96,CHOP,82.9602,LIMIT,11,CONVICTION,2026-08-20,2026-08-20T04:25:38.715968
CLYM,LONG,CONVICTION,66.2,BULL_BOUNCE_PENDING,16.74,14.56,17.58,,45,0.38,CHOP,17.08,LIMIT,6,MINOR,2026-08-20,2026-08-20T04:26:54.012595
CLMT,LONG,CONVICTION,66.2,BULL_BOUNCE_PENDING,48.73,47.97,50.25,50.79,132,2.02,CHOP,49.49,LIMIT,20,MINOR,2026-08-20,2026-08-20T04:27:06.111608
RF,LONG,CONVICTION,66.2,BULL_BOUNCE_PENDING,30.12,28.63,31.62,,67,1.01,CHOP,30.73,LIMIT,20,MINOR,2026-08-20,2026-08-20T04:32:17.398329
AA,SHORT,CONVICTION,66.2,BEAR_REJECTION_PENDING,52.33,58.64,49.71,,15,0.41,CHOP,51.3,LIMIT,20,COMPRESSION,2026-08-20,2026-08-20T04:49:01.881310
CSCO,SHORT,CONVICTION,66.1,BEAR_REJECTION_PENDING,110.96,112.26,99.29,,76,8.97,CHOP,110.56,LIMIT,20,COMPRESSION,2026-08-20,2026-08-20T04:35:55.571159
INTU,LONG,CONVICTION,66.0,BULL_BOUNCE_PENDING,353.34,344.4,391.83,384.45,11,4.31,CHOP,360.55,LIMIT,12,COMPRESSION,2026-08-20,2026-08-20T04:32:57.809968
TECK,SHORT,CONVICTION,66.0,BEAR_REJECTION_PENDING,64.78,67.33,55.69,55.18,39,3.56,CHOP,64.6778,LIMIT,20,MINOR,2026-08-20,2026-08-20T04:34:24.152277
RIVN,LONG,CONVICTION,66.0,BULL_BOUNCE_PENDING,15.38,14.69,16.97,17.45,144,2.31,CHOP,15.69,LIMIT,20,MINOR,2026-08-20,2026-08-20T04:35:34.940554
NN,LONG,CONVICTION,66.0,BULL_BOUNCE_CONFIRMED,18.35,17.61,21.0,20.4,134,3.56,CHOP,18.35,LIMIT,20,MINOR,2026-08-20,2026-08-20T04:38:50.765079
AVAV,SHORT,CONVICTION,66.0,BEAR_REJECTION_PENDING,174.0,177.24,151.22,160.35,30,7.02,CHOP,173.01,LIMIT,20,CONVICTION,2026-08-20,2026-08-20T04:39:28.486688
GDDY,SHORT,CONVICTION,66.0,BEAR_REJECTION_PENDING,98.82,103.02,92.25,84.1,23,1.56,CHOP,96.88,LIMIT,20,COMPRESSION,2026-08-20,2026-08-20T04:45:40.334441
MC,SHORT,CONVICTION,66.0,BEAR_REJECTION_PENDING,69.93,73.2,60.25,59.59,30,2.96,CHOP,68.56,LIMIT,20,COMPRESSION,2026-08-20,2026-08-20T04:47:00.222061
GSHD,SHORT,CONVICTION,65.9,BEAR_REJECTION_PENDING,69.0,71.07,62.57,58.91,48,3.1,CHOP,68.0,LIMIT,12,COMPRESSION,2026-08-20,2026-08-20T04:29:06.791344
LIFE,LONG,CONVICTION,65.7,BULL_BOUNCE_PENDING,31.43,28.76,33.0,,37,0.59,CHOP,32.07,LIMIT,12,MINOR,2026-08-20,2026-08-20T04:27:09.923612
VIRT,LONG,CONVICTION,65.7,BULL_BOUNCE_PENDING,58.78,54.57,67.15,,23,1.99,CHOP,59.98,LIMIT,16,CONVICTION,2026-08-20,2026-08-20T04:48:50.468296
EFX,SHORT,CONVICTION,65.6,BEAR_REJECTION_PENDING,196.87,199.99,183.56,179.27,32,4.26,CHOP,193.0102,LIMIT,20,CONVICTION,2026-08-20,2026-08-20T04:50:42.688002
SKHZ,SHORT,CONVICTION,65.5,BEAR_REJECTION_PENDING,11.34,11.61,10.65,10.4,367,2.53,CHOP,11.329,LIMIT,20,COMPRESSION,2026-08-20,2026-08-20T04:51:35.250113
CENX,LONG,CONVICTION,65.4,BULL_BOUNCE_PENDING,42.73,38.52,50.08,,23,1.75,CHOP,43.6,LIMIT,20,COMPRESSION,2026-08-20,2026-08-20T04:39:38.392766
MUR,LONG,CONVICTION,65.4,BULL_BOUNCE_PENDING,35.98,34.81,39.59,39.08,85,3.09,CHOP,36.71,LIMIT,20,CONVICTION,2026-08-20,2026-08-20T04:42:55.089923
AAOI,LONG,CONVICTION,65.2,BULL_BOUNCE_PENDING,119.76,109.45,135.85,,9,1.56,CHOP,122.2,LIMIT,20,MINOR,2026-08-20,2026-08-20T04:32:37.185408
SHAZ,LONG,CONVICTION,65.2,BULL_BOUNCE_PENDING,64.58,58.94,74.27,,17,1.72,CHOP,65.9,LIMIT,20,COMPRESSION,2026-08-20,2026-08-20T04:43:20.786540
CRSR,LONG,CONVICTION,65.1,BULL_BOUNCE_PENDING,11.21,10.44,12.74,13.02,129,1.98,CHOP,11.44,LIMIT,20,COMPRESSION,2026-08-20,2026-08-20T04:26:34.706039
DNLI,LONG,CONVICTION,65.1,BULL_BOUNCE_CONFIRMED,25.69,24.19,28.38,,66,1.79,CHOP,25.69,LIMIT,5,COMPRESSION,2026-08-20,2026-08-20T04:30:44.265175
BTSG,LONG,CONVICTION,65.1,BULL_BOUNCE,59.22,55.71,59.54,,28,0.09,CHOP,59.22,LIMIT,20,COMPRESSION,2026-08-20,2026-08-20T04:47:56.782713
YMM,LONG,CONVICTION,65.1,BULL_BOUNCE_PENDING,8.72,8.23,9.53,9.86,202,1.64,CHOP,8.9,LIMIT,20,MINOR,2026-08-20,2026-08-20T04:51:44.806122
MBGL,LONG,CONVICTION,65.0,BULL_BOUNCE_PENDING,20.28,19.6,22.11,22.11,147,2.71,CHOP,20.69,LIMIT,10,COMPRESSION,2026-08-20,2026-08-20T04:30:00.446594
ORA,LONG,CONVICTION,65.0,BULL_BOUNCE,110.32,106.61,118.48,126.63,26,2.2,CHOP,110.32,LIMIT,20,COMPRESSION,2026-08-20,2026-08-20T04:43:13.001474
SNK,SHORT,CONVICTION,65.0,BEAR_REJECTION_PENDING,18.81,21.63,17.87,,35,0.33,CHOP,18.44,LIMIT,20,COMPRESSION,2026-08-20,2026-08-20T04:44:48.301312
F,LONG,CONVICTION,64.9,BULL_BOUNCE_PENDING,14.17,13.42,16.57,,133,3.21,CHOP,14.46,LIMIT,6,COMPRESSION,2026-08-20,2026-08-20T04:33:39.324203
JBLU,LONG,CONVICTION,64.9,BULL_BOUNCE_PENDING,4.83,4.48,5.5,5.65,286,1.92,CHOP,4.93,LIMIT,20,COMPRESSION,2026-08-20,2026-08-20T04:35:32.764546
NXT,SHORT,CONVICTION,64.9,BEAR_REJECTION_PENDING,94.09,99.59,85.25,79.38,18,1.61,CHOP,92.248,LIMIT,20,CONVICTION,2026-08-20,2026-08-20T04:48:56.380301
BJDX,LONG,CONVICTION,64.8,BULL_BOUNCE_PENDING,0.93,0.84,1.06,,1170,1.57,CHOP,0.945,LIMIT,19,MINOR,2026-08-20,2026-08-20T04:37:14.575997
CDW,SHORT,CONVICTION,64.8,BEAR_REJECTION_PENDING,138.36,140.64,123.11,125.51,43,6.68,CHOP,137.65,LIMIT,15,CONVICTION,2026-08-20,2026-08-20T04:46:36.443034
ECG,LONG,CONVICTION,64.8,BULL_BOUNCE_PENDING,127.61,125.12,139.07,136.0,40,4.6,CHOP,129.56,LIMIT,20,CONVICTION,2026-08-20,2026-08-20T04:48:06.196719
STUB,SHORT,CONVICTION,64.7,BEAR_REJECTION_PENDING,7.1,8.23,6.74,,88,0.31,CHOP,6.96,LIMIT,14,COMPRESSION,2026-08-20,2026-08-20T04:37:14.621996
LABD,SHORT,CONVICTION,64.7,BEAR_REJECTION_PENDING,6.13,7.24,5.82,,90,0.28,CHOP,6.01,LIMIT,20,COMPRESSION,2026-08-20,2026-08-20T04:46:55.866057
SMTC,LONG,CONVICTION,64.7,BULL_BOUNCE_PENDING,123.48,115.0,141.21,144.2,11,2.09,CHOP,126.0,LIMIT,20,MINOR,2026-08-20,2026-08-20T04:48:43.877758
DMRA,LONG,CONVICTION,64.6,BULL_BOUNCE_PENDING,32.12,31.61,33.83,34.31,197,3.38,CHOP,32.44,LIMIT,8,MINOR,2026-08-20,2026-08-20T04:28:10.231750
GKOS,LONG,CONVICTION,64.6,BULL_BOUNCE_PENDING,185.76,183.64,195.05,,47,4.39,CHOP,189.55,LIMIT,0,NONE,2026-08-20,2026-08-20T04:40:03.514868
EVAX,LONG,CONVICTION,64.5,BULL_BOUNCE_PENDING,3.29,3.17,3.69,3.69,791,3.14,CHOP,3.3603,LIMIT,12,COMPRESSION,2026-08-20,2026-08-20T04:51:47.954125
SPCX,LONG,CONVICTION,64.4,BULL_BOUNCE_PENDING,135.53,130.77,150.12,158.92,21,3.07,CHOP,138.3,LIMIT,20,MINOR,2026-08-20,2026-08-20T04:25:57.087993
VRNS,SHORT,CONVICTION,64.4,BEAR_REJECTION_PENDING,43.0,43.6,40.5,36.35,166,4.16,CHOP,42.28,LIMIT,20,MINOR,2026-08-20,2026-08-20T04:27:16.791155
FTI,LONG,CONVICTION,64.4,BULL_BOUNCE_PENDING,76.1,73.41,79.9,,37,1.41,CHOP,77.65,LIMIT,20,MINOR,2026-08-20,2026-08-20T04:42:24.748882
TRI,LONG,CONVICTION,64.4,BULL_BOUNCE_PENDING,102.85,100.9,118.79,112.35,51,8.17,CHOP,104.95,LIMIT,20,COMPRESSION,2026-08-20,2026-08-20T04:51:39.495117
IDCC,LONG,CONVICTION,64.3,BULL_BOUNCE_PENDING,337.96,329.44,352.68,373.21,11,1.73,CHOP,344.86,LIMIT,18,MINOR,2026-08-20,2026-08-20T04:40:10.892879
CNC,SHORT,CONVICTION,64.3,BEAR_REJECTION_PENDING,65.99,68.94,56.45,55.2,33,3.24,CHOP,64.7,LIMIT,20,VACUUM,2026-08-20,2026-08-20T04:45:27.142426
LGIH,SHORT,CONVICTION,64.2,BEAR_REJECTION_PENDING,60.71,63.99,55.2,51.42,30,1.68,CHOP,59.52,LIMIT,20,COMPRESSION,2026-08-20,2026-08-20T04:28:57.251333
EQPT,SHORT,CONVICTION,64.2,BEAR_REJECTION_PENDING,20.14,20.71,18.67,17.42,176,2.61,CHOP,19.75,LIMIT,20,COMPRESSION,2026-08-20,2026-08-20T04:45:36.025436
SKYQ,SHORT,CONVICTION,64.1,BEAR_REJECTION_PENDING,2.66,2.82,2.28,,654,2.5,CHOP,2.61,LIMIT,20,MINOR,2026-08-20,2026-08-20T04:37:55.823083
LOOP,LONG,CONVICTION,64.0,BULL_BOUNCE_PENDING,1.13,1.09,1.27,1.24,2730,3.9,CHOP,1.1503,LIMIT,2,MINOR,2026-08-20,2026-08-20T04:25:48.742984
BLMN,LONG,CONVICTION,64.0,BULL_BOUNCE_PENDING,10.4,9.82,11.35,,171,1.62,CHOP,10.614,LIMIT,20,MINOR,2026-08-20,2026-08-20T04:26:48.623598
CGEM,LONG,CONVICTION,64.0,BULL_BOUNCE_PENDING,21.61,20.74,22.69,,114,1.24,CHOP,22.05,LIMIT,7,MINOR,2026-08-20,2026-08-20T04:27:34.266177
SILC,LONG,CONVICTION,64.0,BULL_BOUNCE,42.79,38.67,50.08,,24,1.77,CHOP,42.79,LIMIT,20,CONVICTION,2026-08-20,2026-08-20T04:29:17.246888
SOC,LONG,CONVICTION,64.0,BULL_BOUNCE_PENDING,4.69,4.3,4.92,,259,0.61,CHOP,4.781,LIMIT,13,MINOR,2026-08-20,2026-08-20T04:30:48.004178
KOS,LONG,CONVICTION,64.0,BULL_BOUNCE,2.85,2.68,3.18,,585,1.93,CHOP,2.85,LIMIT,8,COMPRESSION,2026-08-20,2026-08-20T04:30:49.886178
OPTX,LONG,CONVICTION,64.0,BULL_BOUNCE_CONFIRMED,8.52,7.99,9.45,,190,1.77,CHOP,8.52,LIMIT,20,MINOR,2026-08-20,2026-08-20T04:38:43.443532
BZ,LONG,CONVICTION,64.0,BULL_BOUNCE,16.08,15.44,17.77,18.2,155,2.64,CHOP,16.08,LIMIT,20,COMPRESSION,2026-08-20,2026-08-20T04:41:48.488830
FANG,LONG,CONVICTION,64.0,BULL_BOUNCE,208.53,202.51,218.96,,16,1.73,CHOP,208.53,LIMIT,20,MINOR,2026-08-20,2026-08-20T04:42:14.288867
WFRD,LONG,CONVICTION,64.0,BULL_BOUNCE_PENDING,90.41,86.27,102.69,105.67,24,2.96,CHOP,92.26,LIMIT,19,CONVICTION,2026-08-20,2026-08-20T04:43:41.996629
PBF,LONG,CONVICTION,64.0,BULL_BOUNCE_CONFIRMED,75.0,71.49,78.75,,28,1.07,CHOP,75.0,LIMIT,8,VACUUM,2026-08-20,2026-08-20T04:44:38.520302
AGIO,LONG,CONVICTION,64.0,BULL_BOUNCE,35.12,33.63,37.36,39.71,67,1.5,CHOP,35.12,LIMIT,20,COMPRESSION,2026-08-20,2026-08-20T04:45:07.851336
FRO,LONG,CONVICTION,64.0,BULL_BOUNCE,44.33,42.84,46.55,,67,1.49,CHOP,44.33,LIMIT,12,MINOR,2026-08-20,2026-08-20T04:45:39.866440
ENS,LONG,CONVICTION,64.0,BULL_BOUNCE,193.95,184.32,218.75,221.98,10,2.58,CHOP,193.95,LIMIT,20,CONVICTION,2026-08-20,2026-08-20T04:48:06.874720
CDTG,LONG,CONVICTION,64.0,BULL_BOUNCE,2.9,1.72,6.3,,84,2.88,CHOP,2.9,LIMIT,4,COMPRESSION,2026-08-20,2026-08-20T04:49:33.571338
TTAN,LONG,CONVICTION,63.9,BULL_BOUNCE_PENDING,93.12,91.04,96.37,100.44,48,1.56,CHOP,95.02,LIMIT,7,COMPRESSION,2026-08-20,2026-08-20T04:26:39.885578
AMCX,LONG,CONVICTION,63.9,BULL_BOUNCE_PENDING,11.88,11.25,12.47,,158,0.94,CHOP,12.12,LIMIT,11,MINOR,2026-08-20,2026-08-20T04:28:11.212750
HIMS,LONG,CONVICTION,63.9,BULL_BOUNCE_PENDING,29.74,26.67,31.23,,32,0.48,CHOP,30.3498,LIMIT,20,COMPRESSION,2026-08-20,2026-08-20T04:36:28.043252
DFSC,LONG,CONVICTION,63.9,BULL_BOUNCE_PENDING,1.68,1.39,1.76,,350,0.29,CHOP,1.71,LIMIT,16,MINOR,2026-08-20,2026-08-20T04:48:02.675716
CHWY,LONG,CONVICTION,63.9,BULL_BOUNCE_PENDING,23.51,22.87,25.71,26.77,155,3.42,CHOP,23.99,LIMIT,5,COMPRESSION,2026-08-20,2026-08-20T04:49:33.798339
MAN,LONG,CONVICTION,63.9,BULL_BOUNCE_PENDING,58.7,57.71,62.96,63.2,101,4.33,CHOP,59.42,LIMIT,16,COMPRESSION,2026-08-20,2026-08-20T04:49:41.463348
GPI,SHORT,CONVICTION,63.9,BEAR_REJECTION_PENDING,265.94,269.24,252.83,252.83,30,3.97,CHOP,263.87,LIMIT,20,COMPRESSION,2026-08-20,2026-08-20T04:51:05.237082
LRCX,LONG,CONVICTION,63.8,BULL_BOUNCE_PENDING,300.17,263.19,315.18,,2,0.41,CHOP,306.3,LIMIT,20,CONVICTION,2026-08-20,2026-08-20T04:35:25.728992
HUBS,SHORT,CONVICTION,63.8,BEAR_REJECTION_PENDING,244.53,258.95,207.05,207.67,6,2.6,CHOP,239.74,LIMIT,16,COMPRESSION,2026-08-20,2026-08-20T04:42:32.520892
NOG,LONG,CONVICTION,63.8,BULL_BOUNCE_PENDING,25.63,24.88,27.16,28.06,134,2.07,CHOP,26.15,LIMIT,13,COMPRESSION,2026-08-20,2026-08-20T04:43:03.021462
TSLG,LONG,CONVICTION,63.7,BULL_BOUNCE_PENDING,4.39,4.16,4.93,4.93,433,2.34,CHOP,4.48,LIMIT,20,MINOR,2026-08-20,2026-08-20T04:47:34.281687
AVS,SHORT,CONVICTION,63.7,BEAR_REJECTION_PENDING,8.14,8.3,7.84,7.63,639,1.92,CHOP,8.0,LIMIT,20,MINOR,2026-08-20,2026-08-20T04:47:56.436710
GENI,LONG,CONVICTION,63.7,BULL_BOUNCE_PENDING,7.92,7.03,8.32,,112,0.45,CHOP,8.0827,LIMIT,15,COMPRESSION,2026-08-20,2026-08-20T04:48:10.031726
INOD,LONG,CONVICTION,63.7,BULL_BOUNCE,62.26,57.0,63.76,,19,0.29,CHOP,62.26,LIMIT,19,VACUUM,2026-08-20,2026-08-20T04:48:13.942727
ADSK,LONG,CONVICTION,63.6,BULL_BOUNCE_PENDING,246.17,243.32,275.91,260.0,35,10.45,CHOP,251.1895,LIMIT,20,COMPRESSION,2026-08-20,2026-08-20T04:41:22.496791
APLD,LONG,CONVICTION,63.5,BULL_BOUNCE,28.31,26.0,31.97,,43,1.59,CHOP,28.31,LIMIT,20,VACUUM,2026-08-20,2026-08-20T04:37:43.438099
MUZ,LONG,CONVICTION,63.5,BULL_BOUNCE_PENDING,9.47,8.68,10.76,,126,1.64,CHOP,9.66,LIMIT,20,CONVICTION,2026-08-20,2026-08-20T04:40:21.532898
BCRX,LONG,CONVICTION,63.5,BULL_BOUNCE_PENDING,9.58,8.58,11.15,,99,1.55,CHOP,9.78,LIMIT,19,COMPRESSION,2026-08-20,2026-08-20T04:44:03.181183
DPC,LONG,CONVICTION,63.5,BULL_BOUNCE_PENDING,46.41,43.43,52.69,54.31,33,2.11,CHOP,47.36,LIMIT,20,CONVICTION,2026-08-20,2026-08-20T04:44:11.312193
EPAM,SHORT,CONVICTION,63.5,BEAR_REJECTION_PENDING,108.4,110.55,95.26,99.52,46,6.11,CHOP,107.37,LIMIT,18,VACUUM,2026-08-20,2026-08-20T04:50:44.928004
PRAA,SHORT,CONVICTION,63.4,BEAR_REJECTION_PENDING,19.69,20.05,17.57,18.03,277,5.89,CHOP,19.44,LIMIT,20,COMPRESSION,2026-08-20,2026-08-20T04:29:01.381337
BMY,LONG,CONVICTION,63.4,BULL_BOUNCE_PENDING,66.42,65.72,68.55,68.55,141,3.01,CHOP,67.73,LIMIT,14,MINOR,2026-08-20,2026-08-20T04:33:32.385131
DINO,LONG,CONVICTION,63.4,BULL_BOUNCE_PENDING,94.09,93.01,96.3,96.54,93,2.07,CHOP,94.65,LIMIT,20,MINOR,2026-08-20,2026-08-20T04:46:42.442041
NEM,LONG,CONVICTION,63.3,BULL_BOUNCE_PENDING,122.5,117.72,130.09,,20,1.59,CHOP,125.0,LIMIT,19,MINOR,2026-08-20,2026-08-20T04:32:53.155964
NBIZ,LONG,CONVICTION,63.3,BULL_BOUNCE_PENDING,6.17,4.8,6.48,,73,0.23,CHOP,6.3,LIMIT,10,COMPRESSION,2026-08-20,2026-08-20T04:40:23.637903
CNR,LONG,CONVICTION,63.3,BULL_BOUNCE_PENDING,91.77,90.59,103.67,95.31,85,10.13,CHOP,93.3,LIMIT,20,COMPRESSION,2026-08-20,2026-08-20T04:41:58.404845
DOCN,LONG,CONVICTION,63.3,BULL_BOUNCE_CONFIRMED,119.25,111.91,130.41,,13,1.52,CHOP,119.25,LIMIT,20,MINOR,2026-08-20,2026-08-20T04:42:10.175861
FSM,LONG,CONVICTION,63.3,BULL_BOUNCE_PENDING,11.38,10.52,13.33,,116,2.27,CHOP,11.6087,LIMIT,8,COMPRESSION,2026-08-20,2026-08-20T04:42:17.769872
NGNE,LONG,CONVICTION,63.2,BULL_BOUNCE_PENDING,39.25,38.56,42.74,42.74,144,5.05,CHOP,39.43,LIMIT,8,MINOR,2026-08-20,2026-08-20T04:28:56.587332
RHI,SHORT,CONVICTION,63.1,BEAR_REJECTION_PENDING,44.41,47.56,38.53,37.03,31,1.87,CHOP,43.54,LIMIT,20,COMPRESSION,2026-08-20,2026-08-20T04:26:32.749037
LABU,LONG,CONVICTION,63.1,BULL_BOUNCE_PENDING,339.75,333.44,356.74,,15,2.69,CHOP,341.01,LIMIT,16,VACUUM,2026-08-20,2026-08-20T04:42:42.044905
FIS,SHORT,CONVICTION,63.0,BEAR_REJECTION_PENDING,41.51,43.13,39.03,,61,1.53,CHOP,40.7,LIMIT,20,COMPRESSION,2026-08-20,2026-08-20T04:32:31.559872
BSP,LONG,CONVICTION,63.0,BULL_BOUNCE_PENDING,40.35,36.53,46.83,,26,1.7,CHOP,41.17,LIMIT,9,CONVICTION,2026-08-20,2026-08-20T04:41:45.265825
LFTO,SHORT,CONVICTION,63.0,BEAR_REJECTION_PENDING,19.9,20.9,18.91,,99,0.99,CHOP,19.51,LIMIT,20,COMPRESSION,2026-08-20,2026-08-20T04:48:18.185737
EQX,LONG,CONVICTION,62.9,BULL_BOUNCE_PENDING,12.39,11.57,13.75,14.48,122,1.67,CHOP,12.64,LIMIT,14,COMPRESSION,2026-08-20,2026-08-20T04:31:47.801300
AMD,LONG,CONVICTION,62.9,BULL_BOUNCE,466.5,439.88,520.1,,3,2.01,CHOP,466.5,LIMIT,20,VACUUM,2026-08-20,2026-08-20T04:35:11.822945
KRMN,LONG,CONVICTION,62.9,BULL_BOUNCE_PENDING,57.13,54.54,61.6,65.97,38,1.72,CHOP,58.3,LIMIT,20,CONVICTION,2026-08-20,2026-08-20T04:40:15.183887
V,LONG,CONVICTION,62.9,BULL_BOUNCE_PENDING,365.02,362.68,369.0,,42,1.7,CHOP,365.55,LIMIT,14,MINOR,2026-08-20,2026-08-20T04:52:06.148216
CLPT,LONG,CONVICTION,62.8,BULL_BOUNCE_PENDING,15.64,15.09,17.47,17.47,182,3.33,CHOP,15.96,LIMIT,14,CONVICTION,2026-08-20,2026-08-20T04:27:53.443730
ABT,LONG,CONVICTION,62.8,BULL_BOUNCE_PENDING,112.96,112.12,121.37,115.56,119,10.04,CHOP,114.4142,LIMIT,12,COMPRESSION,2026-08-20,2026-08-20T04:31:20.447741
AG,LONG,CONVICTION,62.8,BULL_BOUNCE_PENDING,20.31,18.91,23.8,,71,2.49,CHOP,20.72,LIMIT,20,CONVICTION,2026-08-20,2026-08-20T04:34:43.349830
ALOY,LONG,CONVICTION,62.8,BULL_BOUNCE_PENDING,12.26,10.42,12.87,,54,0.33,CHOP,12.51,LIMIT,19,COMPRESSION,2026-08-20,2026-08-20T04:47:52.265706
ASPN,LONG,CONVICTION,62.7,BULL_BOUNCE_PENDING,5.34,4.89,6.07,,223,1.63,CHOP,5.4503,LIMIT,20,COMPRESSION,2026-08-20,2026-08-20T04:27:30.792173
NU,LONG,CONVICTION,62.7,BULL_BOUNCE_PENDING,14.37,12.56,15.09,,55,0.4,CHOP,14.66,LIMIT,12,COMPRESSION,2026-08-20,2026-08-20T04:31:18.381739
QTWO,SHORT,CONVICTION,62.7,BEAR_REJECTION_PENDING,64.46,65.42,61.54,55.9,104,3.06,CHOP,64.08,LIMIT,20,COMPRESSION,2026-08-20,2026-08-20T04:47:18.579137
ISRG,LONG,CONVICTION,62.6,BULL_BOUNCE_PENDING,395.19,392.05,446.91,457.56,31,16.47,CHOP,398.0,LIMIT,20,CONVICTION,2026-08-20,2026-08-20T04:33:36.511200
TSHA,LONG,CONVICTION,62.5,BULL_BOUNCE_PENDING,6.3,6.16,6.64,,702,2.38,CHOP,6.43,LIMIT,5,MINOR,2026-08-20,2026-08-20T04:26:06.997007
AMAT,LONG,CONVICTION,62.4,BULL_BOUNCE_PENDING,483.14,461.1,562.54,548.42,4,3.6,CHOP,493.0,LIMIT,20,CONVICTION,2026-08-20,2026-08-20T04:34:57.894845
PATH,LONG,CONVICTION,62.4,BULL_BOUNCE_PENDING,15.4,13.84,16.17,,64,0.5,CHOP,15.71,LIMIT,20,COMPRESSION,2026-08-20,2026-08-20T04:36:47.692895
SM,LONG,CONVICTION,62.3,BULL_BOUNCE_PENDING,35.35,33.39,37.12,,51,0.9,CHOP,36.07,LIMIT,15,COMPRESSION,2026-08-20,2026-08-20T04:43:23.311543
ILMN,SHORT,CONVICTION,62.3,BEAR_REJECTION_PENDING,211.0,214.06,191.01,177.39,32,6.52,CHOP,207.9129,LIMIT,1,VACUUM,2026-08-20,2026-08-20T04:51:08.613086
PLAY,SHORT,CONVICTION,62.2,BEAR_REJECTION_PENDING,10.1,10.28,9.59,,561,2.83,CHOP,10.03,LIMIT,20,COMPRESSION,2026-08-20,2026-08-20T04:38:37.248207
RCEL,LONG,CONVICTION,62.2,BULL_BOUNCE_PENDING,10.13,9.54,10.64,,167,0.85,CHOP,10.34,LIMIT,1,MINOR,2026-08-20,2026-08-20T04:40:35.554096
ACHR,SHORT,CONVICTION,62.1,BEAR_REJECTION_PENDING,6.48,6.65,5.5,5.62,577,5.66,CHOP,6.36,LIMIT,20,COMPRESSION,2026-08-20,2026-08-20T04:31:16.905741
BXSL,SHORT,CONVICTION,62.1,BEAR_REJECTION_PENDING,24.86,25.25,23.16,23.2,259,4.41,CHOP,24.56,LIMIT,20,COMPRESSION,2026-08-20,2026-08-20T04:39:34.374886
AMRX,LONG,CONVICTION,62.1,BULL_BOUNCE_PENDING,17.39,15.09,18.26,,43,0.38,CHOP,17.75,LIMIT,20,MINOR,2026-08-20,2026-08-20T04:45:08.860337
LQDA,SHORT,CONVICTION,62.1,BEAR_REJECTION_PENDING,76.25,77.84,64.97,70.44,62,7.08,CHOP,75.34,LIMIT,20,CONVICTION,2026-08-20,2026-08-20T04:48:20.745734
MAZE,LONG,CONVICTION,62.0,BULL_BOUNCE_PENDING,29.42,28.96,32.65,30.88,215,6.97,CHOP,29.75,LIMIT,11,COMPRESSION,2026-08-20,2026-08-20T04:28:57.744336
ACN,SHORT,CONVICTION,62.0,BEAR_REJECTION_PENDING,185.0,187.38,170.37,156.95,42,6.15,CHOP,183.46,LIMIT,13,CONVICTION,2026-08-20,2026-08-20T04:33:17.349516
GOOG,SHORT,CONVICTION,62.0,BEAR_REJECTION_PENDING,340.83,343.88,324.74,294.7,32,5.27,CHOP,340.6,LIMIT,20,CONVICTION,2026-08-20,2026-08-20T04:33:28.407591
CBRS,SHORT,CONVICTION,62.0,BEAR_REJECTION_PENDING,215.01,222.33,194.84,196.83,13,2.76,CHOP,215.0,LIMIT,20,CONVICTION,2026-08-20,2026-08-20T04:36:20.607232
EMR,LONG,CONVICTION,62.0,BULL_BOUNCE,157.6,153.0,165.48,,21,1.71,CHOP,157.6,LIMIT,20,COMPRESSION,2026-08-20,2026-08-20T04:44:13.051195
MEDP,SHORT,CONVICTION,62.0,BEAR_REJECTION_PENDING,609.54,614.22,600.0,517.87,21,2.04,CHOP,608.27,LIMIT,3,VACUUM,2026-08-20,2026-08-20T04:49:15.860324
CPRT,LONG,CONVICTION,61.9,BULL_BOUNCE_PENDING,32.86,29.2,34.5,,27,0.45,CHOP,33.53,LIMIT,20,COMPRESSION,2026-08-20,2026-08-20T04:33:14.791513
RKLB,SHORT,CONVICTION,61.9,BEAR_REJECTION_PENDING,76.93,78.94,72.8,66.1,49,2.05,CHOP,75.42,LIMIT,20,VACUUM,2026-08-20,2026-08-20T04:35:31.752543
SES,SHORT,CONVICTION,61.9,BEAR_REJECTION_PENDING,0.55,0.57,0.53,,5509,1.53,CHOP,0.5514,LIMIT,20,COMPRESSION,2026-08-20,2026-08-20T04:37:07.851185
TTWO,SHORT,CONVICTION,61.9,BEAR_REJECTION_PENDING,243.0,245.71,217.0,213.01,36,9.61,CHOP,239.0,LIMIT,20,CONVICTION,2026-08-20,2026-08-20T04:41:06.326234
BRUN,LONG,CONVICTION,61.9,BULL_BOUNCE_CONFIRMED,19.23,18.01,21.54,,82,1.9,CHOP,19.23,LIMIT,20,CONVICTION,2026-08-20,2026-08-20T04:45:13.938412
USB,LONG,CONVICTION,61.8,BULL_BOUNCE_PENDING,62.07,61.42,65.19,65.0,154,4.81,CHOP,63.08,LIMIT,20,MINOR,2026-08-20,2026-08-20T04:33:19.774519
LAC,SHORT,CONVICTION,61.8,BEAR_REJECTION_PENDING,3.05,3.17,2.8,2.74,863,2.16,CHOP,3.0,LIMIT,20,COMPRESSION,2026-08-20,2026-08-20T04:36:57.186954
DRAM,LONG,CONVICTION,61.8,BULL_BOUNCE_CONFIRMED,56.61,52.47,63.04,,24,1.55,CHOP,56.61,LIMIT,20,CONVICTION,2026-08-20,2026-08-20T04:46:46.036045
FICO,SHORT,CONVICTION,61.8,BEAR_REJECTION_PENDING,1164.88,1180.97,1087.51,1095.6,6,4.81,CHOP,1161.65,LIMIT,8,MINOR,2026-08-20,2026-08-20T04:46:50.578051
DYN,LONG,CONVICTION,61.7,BULL_BOUNCE_PENDING,26.64,25.87,29.3,30.45,130,3.46,CHOP,27.1821,LIMIT,3,COMPRESSION,2026-08-20,2026-08-20T04:26:28.868031
WEN,LONG,CONVICTION,61.7,BULL_BOUNCE_PENDING,8.73,8.36,9.17,,266,1.16,CHOP,8.91,LIMIT,0,NONE,2026-08-20,2026-08-20T04:37:22.409798
OCTV,SHORT,CONVICTION,61.7,BEAR_REJECTION_PENDING,18.65,19.0,16.72,16.72,282,5.44,CHOP,18.55,LIMIT,20,MINOR,2026-08-20,2026-08-20T04:46:03.649002
HUT,LONG,CONVICTION,61.7,BULL_BOUNCE_CONFIRMED,83.5,79.06,90.4,94.02,22,1.55,CHOP,83.5,LIMIT,20,COMPRESSION,2026-08-20,2026-08-20T04:48:11.022724
PODD,SHORT,CONVICTION,61.7,BEAR_REJECTION_PENDING,156.57,167.83,131.21,131.21,8,2.25,CHOP,153.4994,LIMIT,20,CONVICTION,2026-08-20,2026-08-20T04:49:50.170355
JBIO,LONG,CONVICTION,61.6,BULL_BOUNCE_CONFIRMED,23.0,21.99,24.7,25.82,98,1.68,CHOP,23.0,LIMIT,20,MINOR,2026-08-20,2026-08-20T04:27:25.676166
BBIO,LONG,CONVICTION,61.6,BULL_BOUNCE_PENDING,83.78,82.56,87.97,,81,3.43,CHOP,85.4899,LIMIT,0,NONE,2026-08-20,2026-08-20T04:49:30.374334
PARR,LONG,CONVICTION,61.5,BULL_BOUNCE_PENDING,73.16,71.21,80.27,82.92,51,3.65,CHOP,74.65,LIMIT,20,COMPRESSION,2026-08-20,2026-08-20T04:27:39.937185
OTLK,LONG,CONVICTION,61.5,BULL_BOUNCE_PENDING,0.68,0.58,0.71,,1040,0.35,CHOP,0.689,LIMIT,20,COMPRESSION,2026-08-20,2026-08-20T04:29:49.907581
LEGN,LONG,CONVICTION,61.5,BULL_BOUNCE_CONFIRMED,23.04,21.81,25.56,26.09,81,2.05,CHOP,23.04,LIMIT,15,COMPRESSION,2026-08-20,2026-08-20T04:49:40.392346
JHX,LONG,CONVICTION,61.4,BULL_BOUNCE,30.21,29.16,33.43,32.8,95,3.07,CHOP,30.21,LIMIT,19,MINOR,2026-08-20,2026-08-20T04:29:59.509590
DKNG,LONG,CONVICTION,61.4,BULL_BOUNCE_PENDING,24.8,22.06,26.04,,36,0.45,CHOP,25.3063,LIMIT,18,COMPRESSION,2026-08-20,2026-08-20T04:32:22.920336
REI,LONG,CONVICTION,61.3,BULL_BOUNCE_PENDING,1.4,1.39,1.46,1.47,5274,2.9,CHOP,1.42,LIMIT,6,MINOR,2026-08-20,2026-08-20T04:30:33.148161
STLA,SHORT,CONVICTION,61.3,BEAR_REJECTION_PENDING,5.44,5.57,5.23,,734,1.52,CHOP,5.33,LIMIT,20,COMPRESSION,2026-08-20,2026-08-20T04:36:10.733200
G,LONG,CONVICTION,61.3,BULL_BOUNCE_PENDING,35.67,33.98,38.6,40.55,58,1.73,CHOP,36.4,LIMIT,20,COMPRESSION,2026-08-20,2026-08-20T04:51:00.525078
VOR,LONG,CONVICTION,61.1,BULL_BOUNCE_PENDING,22.54,22.07,23.28,23.77,213,1.57,CHOP,23.0,LIMIT,20,MINOR,2026-08-20,2026-08-20T04:27:09.304612
IREN,SHORT,CONVICTION,61.1,BEAR_REJECTION_PENDING,43.56,45.12,39.47,38.6,63,2.61,CHOP,43.24,LIMIT,19,CONVICTION,2026-08-20,2026-08-20T04:27:33.507176
ENTX,LONG,CONVICTION,61.0,BULL_BOUNCE_PENDING,2.91,2.04,3.06,,114,0.17,CHOP,2.9708,LIMIT,16,MINOR,2026-08-20,2026-08-20T04:25:42.537974
LYFT,SHORT,CONVICTION,61.0,BEAR_REJECTION_PENDING,17.76,18.42,16.02,16.02,150,2.62,CHOP,17.41,LIMIT,20,COMPRESSION,2026-08-20,2026-08-20T04:32:13.969326
MTDR,LONG,CONVICTION,61.0,BULL_BOUNCE,57.81,55.88,61.45,63.54,51,1.89,CHOP,57.8054,LIMIT,10,CONVICTION,2026-08-20,2026-08-20T04:42:54.541922
COHU,LONG,CONVICTION,61.0,BULL_BOUNCE,55.44,50.6,62.91,,20,1.54,CHOP,55.44,LIMIT,20,CONVICTION,2026-08-20,2026-08-20T04:46:39.218040
FDXF,LONG,CONVICTION,61.0,BULL_BOUNCE,139.27,133.51,149.0,157.24,17,1.69,CHOP,139.2665,LIMIT,20,CONVICTION,2026-08-20,2026-08-20T04:46:46.326046
KLAR,LONG,CONVICTION,61.0,CHANNEL_BREAKOUT,14.89,14.6,15.66,16.23,347,2.68,CHOP,14.89,LIMIT,17,CONVICTION,2026-08-20,2026-08-20T04:46:55.495056
FUTU,SHORT,CONVICTION,61.0,BEAR_REJECTION_PENDING,119.98,132.36,100.92,,8,1.54,CHOP,117.63,LIMIT,9,COMPRESSION,2026-08-20,2026-08-20T04:51:49.380127
TTD,SHORT,CONVICTION,60.9,BEAR_REJECTION_PENDING,13.79,14.21,13.1,,236,1.63,CHOP,13.53,LIMIT,13,CONVICTION,2026-08-20,2026-08-20T04:35:25.524992
TSLA,LONG,CONVICTION,60.8,BULL_BOUNCE_PENDING,341.26,334.55,381.78,392.35,14,6.04,CHOP,348.22,LIMIT,20,CONVICTION,2026-08-20,2026-08-20T04:32:50.441420
GNRC,LONG,CONVICTION,60.8,BULL_BOUNCE_PENDING,207.03,200.2,229.38,233.94,14,3.27,CHOP,211.26,LIMIT,20,CONVICTION,2026-08-20,2026-08-20T04:44:22.297746
SKHY,LONG,CONVICTION,60.8,BULL_BOUNCE_CONFIRMED,162.05,154.78,182.09,,13,2.76,CHOP,162.05,LIMIT,19,VACUUM,2026-08-20,2026-08-20T04:47:23.868142
HBM,SHORT,CONVICTION,60.7,BEAR_REJECTION_PENDING,28.04,29.74,25.35,24.11,58,1.58,CHOP,27.49,LIMIT,20,COMPRESSION,2026-08-20,2026-08-20T04:32:31.073877
OPTU,LONG,CONVICTION,60.7,BULL_BOUNCE_PENDING,0.84,0.76,0.88,,1335,0.56,CHOP,0.8549,LIMIT,20,MINOR,2026-08-20,2026-08-20T04:37:20.162265
RYAM,SHORT,CONVICTION,60.6,BEAR_REJECTION_PENDING,8.9,9.07,8.48,7.44,594,2.53,CHOP,8.73,LIMIT,18,COMPRESSION,2026-08-20,2026-08-20T04:27:03.065607
OWL,SHORT,CONVICTION,60.6,BEAR_REJECTION_PENDING,12.04,12.28,10.45,10.45,407,6.47,CHOP,11.8,LIMIT,20,COMPRESSION,2026-08-20,2026-08-20T04:35:55.538154
MDLN,SHORT,CONVICTION,60.6,BEAR_REJECTION_PENDING,34.65,35.23,33.58,,171,1.84,CHOP,34.2381,LIMIT,20,COMPRESSION,2026-08-20,2026-08-20T04:37:42.458566
ASTS,SHORT,CONVICTION,60.5,BEAR_REJECTION_PENDING,67.33,70.97,60.34,58.64,27,1.92,CHOP,66.01,LIMIT,20,COMPRESSION,2026-08-20,2026-08-20T04:32:34.832877
BTQ,SHORT,CONVICTION,60.5,BEAR_REJECTION_PENDING,3.69,3.78,3.4,3.3,1108,3.21,CHOP,3.68,LIMIT,20,COMPRESSION,2026-08-20,2026-08-20T04:38:31.168944
FORM,SHORT,CONVICTION,60.5,BEAR_REJECTION_PENDING,117.3,121.67,101.96,100.42,22,3.51,CHOP,115.0,LIMIT,20,CONVICTION,2026-08-20,2026-08-20T04:44:16.227739
QNST,SHORT,CONVICTION,60.4,BEAR_REJECTION_PENDING,21.48,22.01,19.69,19.75,190,3.41,CHOP,21.06,LIMIT,20,COMPRESSION,2026-08-20,2026-08-20T04:40:35.449097
RPD,SHORT,CONVICTION,60.4,BEAR_REJECTION_PENDING,12.27,12.61,10.67,10.38,291,4.67,CHOP,12.21,LIMIT,20,COMPRESSION,2026-08-20,2026-08-20T04:44:41.287304
ORCU,SHORT,CONVICTION,60.4,BEAR_REJECTION_PENDING,7.71,8.27,6.49,6.44,177,2.17,CHOP,7.56,LIMIT,20,COMPRESSION,2026-08-20,2026-08-20T04:47:07.389598
GRAL,LONG,CONVICTION,60.3,BULL_BOUNCE_PENDING,72.22,70.54,75.2,76.84,59,1.76,CHOP,73.6,LIMIT,19,MINOR,2026-08-20,2026-08-20T04:27:03.874605
OCGN,LONG,CONVICTION,60.3,BULL_BOUNCE_CONFIRMED,1.5,1.44,1.58,,1746,1.31,CHOP,1.5,LIMIT,1,COMPRESSION,2026-08-20,2026-08-20T04:31:09.030729
QURE,LONG,CONVICTION,60.3,BULL_BOUNCE_PENDING,47.92,47.09,50.32,,119,2.87,CHOP,48.9,LIMIT,1,MINOR,2026-08-20,2026-08-20T04:47:18.612147
BITB,SHORT,CONVICTION,60.3,BEAR_REJECTION_PENDING,38.92,40.07,35.26,34.41,87,3.18,CHOP,38.77,LIMIT,20,COMPRESSION,2026-08-20,2026-08-20T04:50:16.525382
GOOGL,LONG,CONVICTION,60.2,BULL_BOUNCE_PENDING,337.51,332.52,360.77,356.72,20,4.66,CHOP,343.89,LIMIT,20,CONVICTION,2026-08-20,2026-08-20T04:33:25.225055
BMRN,LONG,CONVICTION,60.2,BULL_BOUNCE_PENDING,68.35,67.66,70.61,77.53,144,3.28,CHOP,69.4907,LIMIT,9,COMPRESSION,2026-08-20,2026-08-20T04:41:40.377818
BETA,SHORT,CONVICTION,60.2,BEAR_REJECTION_PENDING,27.0,27.95,23.95,23.71,105,3.21,CHOP,26.55,LIMIT,20,COMPRESSION,2026-08-20,2026-08-20T04:44:04.279184
IOND,SHORT,CONVICTION,60.2,BEAR_REJECTION_PENDING,66.0,67.66,57.69,57.69,60,5.0,CHOP,65.4,LIMIT,11,COMPRESSION,2026-08-20,2026-08-20T04:45:47.890450
CAI,SHORT,CONVICTION,60.1,BEAR_REJECTION_PENDING,22.9,23.28,21.92,20.7,266,2.61,CHOP,22.89,LIMIT,16,COMPRESSION,2026-08-20,2026-08-20T04:39:35.081960
OLED,LONG,CONVICTION,60.1,BULL_BOUNCE_PENDING,85.47,84.03,90.72,91.72,69,3.62,CHOP,86.54,LIMIT,20,COMPRESSION,2026-08-20,2026-08-20T04:44:36.580314
CG,LONG,CONVICTION,60.1,BULL_BOUNCE_PENDING,48.91,48.07,52.99,51.74,118,4.85,CHOP,49.91,LIMIT,20,MINOR,2026-08-20,2026-08-20T04:46:37.040045
RBA,SHORT,CONVICTION,60.1,BEAR_REJECTION_PENDING,87.91,90.1,80.99,82.61,45,3.15,CHOP,86.1837,LIMIT,20,COMPRESSION,2026-08-20,2026-08-20T04:49:51.816362
RAPP,LONG,CONVICTION,60.0,BULL_BOUNCE_PENDING,48.14,47.02,50.55,,89,2.15,CHOP,49.07,LIMIT,5,MINOR,2026-08-20,2026-08-20T04:29:21.430891
STX,SHORT,CONVICTION,60.0,BEAR_REJECTION_PENDING,840.0,861.01,805.0,720.81,4,1.67,CHOP,838.99,LIMIT,20,VACUUM,2026-08-20,2026-08-20T04:29:46.514044
MRAM,LONG,CONVICTION,60.0,BULL_BOUNCE,17.46,15.85,19.96,,61,1.55,CHOP,17.46,LIMIT,20,CONVICTION,2026-08-20,2026-08-20T04:38:36.953206
RDGT,SHORT,CONVICTION,60.0,BEAR_REJECTION_PENDING,0.8,0.85,0.72,0.68,2204,1.68,CHOP,0.7938,LIMIT,20,MINOR,2026-08-20,2026-08-20T04:39:10.770389
ESNT,LONG,CONVICTION,60.0,BULL_BOUNCE_PENDING,68.57,67.94,69.82,,158,1.98,CHOP,69.04,LIMIT,17,MINOR,2026-08-20,2026-08-20T04:39:52.990849
ARES,SHORT,CONVICTION,60.0,BEAR_REJECTION_PENDING,145.96,147.76,128.95,141.38,55,9.48,CHOP,143.1,LIMIT,20,CONVICTION,2026-08-20,2026-08-20T04:44:00.331185
PSX,LONG,CONVICTION,60.0,BULL_BOUNCE_PENDING,239.85,236.51,245.37,,30,1.66,CHOP,242.1,LIMIT,20,MINOR,2026-08-20,2026-08-20T04:44:40.928304
CIEN,SHORT,CONVICTION,60.0,BEAR_REJECTION_PENDING,400.55,410.15,359.27,353.0,10,4.3,CHOP,399.94,LIMIT,20,CONVICTION,2026-08-20,2026-08-20T04:45:22.277421
QNT,SHORT,CONVICTION,60.0,BEAR_REJECTION_PENDING,58.43,60.44,52.56,52.56,49,2.92,CHOP,57.28,LIMIT,20,COMPRESSION,2026-08-20,2026-08-20T04:46:11.068008
LRN,LONG,CONVICTION,60.0,BULL_BOUNCE,84.17,80.73,90.91,96.29,29,1.96,CHOP,84.17,LIMIT,20,CONVICTION,2026-08-20,2026-08-20T04:46:56.951058
STRL,SHORT,CONVICTION,60.0,BEAR_REJECTION_PENDING,539.06,551.4,465.0,484.86,8,6.0,CHOP,539.0,LIMIT,20,CONVICTION,2026-08-20,2026-08-20T04:48:44.250761
TNON,LONG,CONVICTION,60.0,BULL_BOUNCE_PENDING,8.04,7.42,8.44,,161,0.65,CHOP,8.2,LIMIT,11,MINOR,2026-08-20,2026-08-20T04:49:59.596365
