ticker,side,tier,fem,mode,entry,stop,t1,t2,shares,rr,last_px,high,low,volume,chg_pct,outcome,result_r,spy_regime,entry_type,n_gaps_above,gap_above_conviction,checked_at,scan_date
FBIN,SHORT,CONVICTION,100.0,BEAR_REJECTION_PENDING,49.36,51.35,45.0,41.44,50,2.2,49.25,49.939998626708984,48.099998474121094,1719800.0,1.19,CLOSED,0.06,HOSTILE,LIMIT,20,CONVICTION,2026-08-21_1723,2026-07-30
GLW,SHORT,CONVICTION,100.0,BEAR_REJECTION_PENDING,126.01,144.08,119.71,,5,0.35,135.22000122070312,136.08999633789062,130.0,18987700.0,8.87,CLOSED_LOSS,-0.51,HOSTILE,LIMIT,7,CONVICTION,2026-08-21_1723,2026-07-30
OI,SHORT,CONVICTION,100.0,BEAR_REJECTION_PENDING,7.79,9.11,7.4,,76,0.3,7.349999904632568,7.889999866485596,7.269999980926514,4686000.0,-5.53,TARGET_HIT,1.5,HOSTILE,LIMIT,10,CONVICTION,2026-08-21_1723,2026-07-30
VRNS,SHORT,CONVICTION,96.4,BEAR_REJECTION_PENDING,41.43,44.89,35.07,,28,1.84,39.93000030517578,41.31999969482422,39.52000045776367,2452700.0,-1.7,NO_FILL,0.0,HOSTILE,LIMIT,20,COMPRESSION,2026-08-21_1723,2026-07-30
ASTS,SHORT,CONVICTION,94.5,BEAR_REJECTION_PENDING,54.52,66.64,51.79,,8,0.22,58.439998626708984,58.5099983215332,54.400001525878906,12852700.0,9.34,CLOSED_LOSS,-0.32,HOSTILE,LIMIT,20,CONVICTION,2026-08-21_1723,2026-07-30
KDP,SHORT,CONVICTION,93.0,BEAR_REJECTION_PENDING,32.07,34.95,27.29,,34,1.66,31.56999969482422,31.65999984741211,30.8700008392334,15206600.0,0.41,NO_FILL,0.0,HOSTILE,LIMIT,15,CONVICTION,2026-08-21_1723,2026-07-30
SPCX,SHORT,CONVICTION,91.6,BEAR_REJECTION_PENDING,113.5,115.89,107.82,,41,2.37,112.19999694824219,118.93000030517578,111.3499984741211,56008000.0,-0.71,STOPPED,-1.0,HOSTILE,LIMIT,20,CONVICTION,2026-08-21_1723,2026-07-30
ABT,SHORT,CONVICTION,91.0,BEAR_REJECTION_PENDING,108.61,121.33,103.18,,7,0.43,105.61000061035156,106.80999755859375,104.4800033569336,8149900.0,-2.41,NO_FILL,0.0,HOSTILE,LIMIT,13,CONVICTION,2026-08-21_1723,2026-07-30
CVX,SHORT,CONVICTION,90.8,BEAR_REJECTION_PENDING,192.89,200.97,179.01,168.28,12,1.72,192.30999755859375,193.1199951171875,189.30999755859375,6645000.0,0.01,CLOSED,0.07,HOSTILE,LIMIT,18,COMPRESSION,2026-08-21_1723,2026-07-30
CTSH,SHORT,CONVICTION,90.5,BEAR_REJECTION_PENDING,56.54,59.1,52.31,48.37,39,1.65,53.900001525878906,54.779998779296875,51.86000061035156,12606100.0,-3.92,NO_FILL,0.0,HOSTILE,LIMIT,12,CONVICTION,2026-08-21_1723,2026-07-30
TREX,SHORT,CONVICTION,88.3,BEAR_REJECTION_PENDING,42.84,44.24,39.43,39.43,71,2.44,43.93000030517578,44.08000183105469,42.38999938964844,2604100.0,4.6,CLOSED_LOSS,-0.78,HOSTILE,LIMIT,20,COMPRESSION,2026-08-21_1723,2026-07-30
BAND,SHORT,CONVICTION,87.0,BEAR_REJECTION_PENDING,37.79,52.51,35.9,,6,0.13,38.83000183105469,39.84000015258789,36.599998474121094,2308000.0,4.8,CLOSED_LOSS,-0.07,HOSTILE,LIMIT,19,CONVICTION,2026-08-21_1723,2026-07-30
NSP,SHORT,CONVICTION,86.8,BEAR_REJECTION_PENDING,54.27,59.88,45.64,,17,1.54,54.029998779296875,55.599998474121094,50.75,1465400.0,1.54,CLOSED,0.04,HOSTILE,LIMIT,20,CONVICTION,2026-08-21_1723,2026-07-30
XOM,SHORT,CONVICTION,86.5,BEAR_REJECTION_PENDING,160.65,170.51,140.92,134.97,10,2.0,156.97000122070312,157.77999877929688,154.52999877929688,12578100.0,-0.34,NO_FILL,0.0,HOSTILE,LIMIT,16,CONVICTION,2026-08-21_1723,2026-07-30
AVGO,SHORT,CONVICTION,86.2,BEAR_REJECTION_PENDING,375.8,380.22,360.94,350.63,22,3.36,387.8399963378906,388.67999267578125,377.5400085449219,23639800.0,4.22,STOPPED,-1.0,HOSTILE,LIMIT,20,VACUUM,2026-08-21_1723,2026-07-30
FEIM,SHORT,CONVICTION,85.0,BEAR_REJECTION_PENDING,59.14,66.79,56.18,,13,0.39,59.88999938964844,60.77000045776367,56.93000030517578,452400.0,3.29,CLOSED_LOSS,-0.1,HOSTILE,LIMIT,20,CONVICTION,2026-08-21_1723,2026-07-30
KR,SHORT,CONVICTION,84.2,BEAR_REJECTION_PENDING,59.08,60.17,52.38,55.19,92,6.18,57.86000061035156,59.56999969482422,57.33000183105469,6709300.0,-1.93,CLOSED,1.12,HOSTILE,LIMIT,20,CONVICTION,2026-08-21_1723,2026-07-30
CBRS,SHORT,CONVICTION,84.1,BEAR_REJECTION_PENDING,172.13,179.19,163.52,,14,1.22,203.07000732421875,204.8699951171875,175.5800018310547,6702900.0,18.13,STOPPED,-1.0,HOSTILE,LIMIT,20,VACUUM,2026-08-21_1723,2026-07-30
AMZN,SHORT,CONVICTION,83.9,BEAR_REJECTION_PENDING,236.26,246.07,205.59,209.79,10,3.13,235.5,239.82000732421875,231.05999755859375,101839800.0,1.33,CLOSED,0.08,HOSTILE,LIMIT,20,CONVICTION,2026-08-21_1723,2026-07-30
INTC,SHORT,CONVICTION,83.4,BEAR_REJECTION_PENDING,82.14,92.13,78.03,,10,0.41,91.12999725341797,94.0999984741211,85.97000122070312,140322600.0,13.16,STOPPED,-1.0,HOSTILE,LIMIT,16,CONVICTION,2026-08-21_1723,2026-07-30
KEY,SHORT,CONVICTION,81.5,BEAR_REJECTION_PENDING,22.42,22.72,21.79,20.57,329,2.08,22.610000610351562,22.670000076293945,22.270000457763672,9885900.0,1.57,CLOSED_LOSS,-0.63,HOSTILE,LIMIT,20,COMPRESSION,2026-08-21_1723,2026-07-30
OMDA,SHORT,CONVICTION,81.0,BEAR_REJECTION_PENDING,20.2,21.13,17.81,17.81,107,2.57,19.690000534057617,19.809999465942383,18.239999771118164,1143100.0,-0.56,NO_FILL,0.0,HOSTILE,LIMIT,20,COMPRESSION,2026-08-21_1723,2026-07-30
OKLO,SHORT,CONVICTION,80.9,BEAR_REJECTION_PENDING,37.84,39.93,34.55,,47,1.58,41.09000015258789,41.56999969482422,37.599998474121094,10050500.0,10.75,STOPPED,-1.0,HOSTILE,LIMIT,20,COMPRESSION,2026-08-21_1723,2026-07-30
FFAI,SHORT,CONVICTION,80.8,BEAR_REJECTION_PENDING,4.98,6.05,4.73,,93,0.23,5.349999904632568,6.429999828338623,4.659999847412109,3029300.0,9.63,STOPPED,-1.0,HOSTILE,LIMIT,20,COMPRESSION,2026-08-21_1723,2026-07-30
EW,SHORT,CONVICTION,80.7,BEAR_REJECTION_PENDING,87.48,88.84,74.69,74.2,73,9.35,86.91999816894531,87.04000091552734,85.05000305175781,3935900.0,1.35,NO_FILL,0.0,HOSTILE,LIMIT,20,COMPRESSION,2026-08-21_1723,2026-07-30
HELE,SHORT,CONVICTION,79.8,BEAR_REJECTION_PENDING,28.29,28.94,27.0,25.5,152,1.97,27.8799991607666,28.1200008392334,27.239999771118164,340400.0,-0.96,NO_FILL,0.0,HOSTILE,LIMIT,20,COMPRESSION,2026-08-21_1723,2026-07-30
PLAY,SHORT,CONVICTION,79.4,BEAR_REJECTION_PENDING,10.25,10.44,9.9,9.62,520,1.82,10.84000015258789,10.859999656677246,10.119999885559082,1057000.0,6.27,STOPPED,-1.0,HOSTILE,LIMIT,20,COMPRESSION,2026-08-21_1723,2026-07-30
PTCT,SHORT,CONVICTION,79.3,BEAR_REJECTION_PENDING,74.85,75.77,73.14,69.54,109,1.86,75.5199966430664,76.18000030517578,73.38999938964844,1373900.0,1.38,STOPPED,-1.0,HOSTILE,LIMIT,20,COMPRESSION,2026-08-21_1723,2026-07-30
WFC,SHORT,CONVICTION,78.8,BEAR_REJECTION_PENDING,85.95,96.43,81.65,,9,0.41,85.43000030517578,85.58000183105469,84.0199966430664,15139000.0,1.38,NO_FILL,0.0,HOSTILE,LIMIT,20,COMPRESSION,2026-08-21_1723,2026-07-30
CMG,SHORT,CONVICTION,78.7,BEAR_REJECTION_PENDING,36.36,37.32,33.51,32.9,104,2.98,38.52000045776367,39.09000015258789,36.25,35584400.0,7.3,STOPPED,-1.0,HOSTILE,LIMIT,11,COMPRESSION,2026-08-21_1723,2026-07-30
NB,SHORT,CONVICTION,78.6,BEAR_REJECTION_PENDING,3.98,4.09,3.38,3.55,919,5.5,4.300000190734863,4.340000152587891,3.931999921798706,3450800.0,10.26,STOPPED,-1.0,HOSTILE,LIMIT,20,MINOR,2026-08-21_1723,2026-07-30
TSLA,SHORT,CONVICTION,78.5,BEAR_REJECTION_PENDING,306.75,312.21,261.69,294.4,18,8.26,308.8500061035156,310.8699951171875,301.3299865722656,38005400.0,2.7,CLOSED_LOSS,-0.38,HOSTILE,LIMIT,20,CONVICTION,2026-08-21_1723,2026-07-30
WAY,SHORT,CONVICTION,78.4,BEAR_REJECTION_PENDING,23.51,24.64,20.0,20.66,88,3.1,20.940000534057617,22.454999923706055,20.141000747680664,6685300.0,-9.74,NO_FILL,0.0,HOSTILE,LIMIT,11,COMPRESSION,2026-08-21_1723,2026-07-30
IBRX,SHORT,CONVICTION,78.3,BEAR_REJECTION_PENDING,7.37,7.55,6.45,6.26,578,5.35,7.449999809265137,7.46999979019165,7.0,11162000.0,3.04,CLOSED_LOSS,-0.44,HOSTILE,LIMIT,20,MINOR,2026-08-21_1723,2026-07-30
ALTO,SHORT,CONVICTION,77.9,BEAR_REJECTION_PENDING,4.43,4.66,4.04,,420,1.63,4.619999885559082,4.710000038146973,4.429999828338623,1402800.0,6.45,STOPPED,-1.0,HOSTILE,LIMIT,14,COMPRESSION,2026-08-21_1723,2026-07-30
NKE,SHORT,CONVICTION,77.5,BEAR_REJECTION_PENDING,43.61,45.43,40.55,39.45,54,1.68,42.290000915527344,42.5,41.22999954223633,16977600.0,-1.08,NO_FILL,0.0,HOSTILE,LIMIT,20,COMPRESSION,2026-08-21_1723,2026-07-30
PR,SHORT,CONVICTION,77.5,BEAR_REJECTION_PENDING,20.77,21.46,19.45,18.31,144,1.9,21.0,21.024999618530273,20.514999389648438,6301700.0,1.3,CLOSED_LOSS,-0.33,HOSTILE,LIMIT,20,COMPRESSION,2026-08-21_1723,2026-07-30
LB,SHORT,CONVICTION,77.4,BEAR_REJECTION_PENDING,75.67,76.71,66.14,70.98,96,9.15,76.5,77.13999938964844,74.18000030517578,198100.0,1.65,STOPPED,-1.0,HOSTILE,LIMIT,20,COMPRESSION,2026-08-21_1723,2026-07-30
KYMR,SHORT,CONVICTION,77.3,BEAR_REJECTION_PENDING,107.36,110.6,92.84,92.84,30,4.47,107.01000213623047,107.81500244140625,104.31500244140625,444400.0,1.67,CLOSED,0.11,HOSTILE,LIMIT,20,VACUUM,2026-08-21_1723,2026-07-30
RARE,SHORT,CONVICTION,77.0,BEAR_REJECTION_PENDING,24.89,26.22,21.58,21.7,75,2.48,26.040000915527344,26.100000381469727,24.545000076293945,2675800.0,6.72,CLOSED_LOSS,-0.86,HOSTILE,LIMIT,20,COMPRESSION,2026-08-21_1723,2026-07-30
NKTR,SHORT,CONVICTION,76.6,BEAR_REJECTION_PENDING,69.87,71.07,62.3,60.27,83,6.29,71.44999694824219,72.79000091552734,70.0199966430664,676800.0,2.66,STOPPED,-1.0,HOSTILE,LIMIT,15,CONVICTION,2026-08-21_1723,2026-07-30
CHRN,SHORT,CONVICTION,76.6,BEAR_REJECTION_PENDING,18.42,19.55,16.55,,88,1.66,21.059999465942383,21.329999923706055,19.09000015258789,124800.0,15.6,STOPPED,-1.0,HOSTILE,LIMIT,20,CONVICTION,2026-08-21_1723,2026-07-30
PFE,SHORT,CONVICTION,76.6,BEAR_REJECTION_PENDING,25.58,26.05,24.28,24.27,213,2.78,24.90999984741211,24.979999542236328,24.549999237060547,44954500.0,-0.91,NO_FILL,0.0,HOSTILE,LIMIT,20,COMPRESSION,2026-08-21_1723,2026-07-30
USAR,SHORT,CONVICTION,76.2,BEAR_REJECTION_PENDING,13.54,14.31,12.28,,129,1.63,14.649999618530273,14.71500015258789,13.619999885559082,11208300.0,10.4,STOPPED,-1.0,HOSTILE,LIMIT,20,COMPRESSION,2026-08-21_1723,2026-07-30
VLN,SHORT,CONVICTION,76.0,BEAR_REJECTION_PENDING,1.55,1.59,1.41,1.4,2600,3.64,1.559999942779541,1.5700000524520874,1.5,659400.0,2.63,CLOSED_LOSS,-0.25,HOSTILE,LIMIT,20,COMPRESSION,2026-08-21_1723,2026-07-30
MNPR,SHORT,CONVICTION,75.9,BEAR_REJECTION_PENDING,108.48,110.84,98.33,92.8,42,4.29,114.66000366210938,116.5199966430664,106.58999633789062,327100.0,6.23,STOPPED,-1.0,HOSTILE,LIMIT,14,MINOR,2026-08-21_1723,2026-07-30
ISRG,SHORT,CONVICTION,75.8,BEAR_REJECTION_PENDING,353.75,359.18,344.0,340.0,18,1.79,352.9700012207031,355.05999755859375,346.45001220703125,2772300.0,-0.22,CLOSED,0.14,HOSTILE,LIMIT,20,CONVICTION,2026-08-21_1723,2026-07-30
DOW,SHORT,CONVICTION,75.7,BEAR_REJECTION_PENDING,30.61,31.05,29.67,27.55,224,2.11,30.09000015258789,30.479999542236328,29.450000762939453,9163500.0,-0.79,NO_FILL,0.0,HOSTILE,LIMIT,20,CONVICTION,2026-08-21_1723,2026-07-30
GRAL,SHORT,CONVICTION,75.4,BEAR_REJECTION_PENDING,63.55,64.74,60.99,58.36,83,2.15,71.13999938964844,71.44999694824219,64.31500244140625,546400.0,12.14,STOPPED,-1.0,HOSTILE,LIMIT,20,MINOR,2026-08-21_1723,2026-07-30
LASR,SHORT,CONVICTION,75.2,BEAR_REJECTION_PENDING,60.73,63.92,55.94,,31,1.5,65.70999908447266,66.0999984741211,62.72999954223633,709400.0,10.36,STOPPED,-1.0,HOSTILE,LIMIT,20,CONVICTION,2026-08-21_1723,2026-07-30
NCLH,SHORT,CONVICTION,75.0,BEAR_REJECTION_PENDING,21.11,24.47,20.06,,29,0.31,18.719999313354492,19.6299991607666,18.6299991607666,36505900.0,-9.57,NO_FILL,0.0,HOSTILE,LIMIT,20,CONVICTION,2026-08-21_1723,2026-07-30
MDLN,SHORT,CONVICTION,75.0,BEAR_REJECTION_PENDING,40.34,43.23,35.44,,34,1.7,39.119998931884766,40.0099983215332,38.619998931884766,3380500.0,-1.09,NO_FILL,0.0,HOSTILE,LIMIT,20,COMPRESSION,2026-08-21_1723,2026-07-30
SPRO,SHORT,CONVICTION,74.6,BEAR_REJECTION_PENDING,1.17,1.22,1.11,,2050,1.2,1.2000000476837158,1.2200000286102295,1.1749999523162842,486600.0,3.45,STOPPED,-1.0,HOSTILE,LIMIT,20,MINOR,2026-08-21_1723,2026-07-30
XMTR,SHORT,CONVICTION,74.5,BEAR_REJECTION_PENDING,82.52,84.62,76.0,76.33,47,3.1,84.91000366210938,85.4749984741211,82.5250015258789,509300.0,4.96,STOPPED,-1.0,HOSTILE,LIMIT,20,COMPRESSION,2026-08-21_1723,2026-07-30
FCEL,SHORT,CONVICTION,74.5,BEAR_REJECTION_PENDING,18.4,21.56,17.48,,31,0.29,23.6200008392334,23.760000228881836,19.579999923706055,12581200.0,30.93,STOPPED,-1.0,HOSTILE,LIMIT,18,CONVICTION,2026-08-21_1723,2026-07-30
CSGP,SHORT,CONVICTION,74.4,BEAR_REJECTION_PENDING,30.55,32.34,26.27,26.27,55,2.39,29.459999084472656,29.56999969482422,28.1299991607666,12134100.0,-1.64,NO_FILL,0.0,HOSTILE,LIMIT,9,COMPRESSION,2026-08-21_1723,2026-07-30
ARIS,SHORT,CONVICTION,74.2,BEAR_REJECTION_PENDING,14.57,14.79,14.02,14.02,460,2.54,14.25,14.539999961853027,13.479999542236328,2707600.0,-1.25,NO_FILL,0.0,HOSTILE,LIMIT,20,COMPRESSION,2026-08-21_1723,2026-07-30
SRXH,SHORT,CONVICTION,74.1,BEAR_REJECTION_PENDING,1.46,1.57,1.39,,909,0.66,1.4800000190734863,1.7200000286102295,1.4600000381469727,1762200.0,3.5,STOPPED,-1.0,HOSTILE,LIMIT,9,MINOR,2026-08-21_1723,2026-07-30
OKTA,SHORT,CONVICTION,74.0,BEAR_REJECTION_PENDING,137.75,140.28,126.74,126.74,39,4.36,140.4199981689453,140.85000610351562,135.78500366210938,2712900.0,2.5,STOPPED,-1.0,HOSTILE,LIMIT,20,CONVICTION,2026-08-21_1723,2026-07-30
NEE,SHORT,CONVICTION,74.0,BEAR_REJECTION_PENDING,89.4,91.28,83.0,79.89,53,3.4,87.93000030517578,89.22000122070312,86.86000061035156,11687700.0,-0.36,NO_FILL,0.0,HOSTILE,LIMIT,20,CONVICTION,2026-08-21_1723,2026-07-30
LITE,SHORT,CONVICTION,74.0,BEAR_REJECTION_PENDING,603.48,625.26,540.0,,4,2.91,693.239990234375,698.280029296875,650.0,5621200.0,15.09,STOPPED,-1.0,HOSTILE,LIMIT,20,CONVICTION,2026-08-21_1723,2026-07-30
COUR,SHORT,CONVICTION,73.8,BEAR_REJECTION_PENDING,5.97,6.05,5.73,5.44,1288,3.09,5.269999980926514,5.400000095367432,5.050000190734863,24714600.0,-11.43,NO_FILL,0.0,HOSTILE,LIMIT,13,MINOR,2026-08-21_1723,2026-07-30
PYPL,SHORT,CONVICTION,73.4,BEAR_REJECTION_PENDING,59.1,65.66,56.14,,15,0.45,57.650001525878906,57.88999938964844,56.654998779296875,11974400.0,-0.5,NO_FILL,0.0,HOSTILE,LIMIT,20,CONVICTION,2026-08-21_1723,2026-07-30
PACS,SHORT,CONVICTION,73.2,BEAR_REJECTION_PENDING,46.65,48.65,42.06,41.34,49,2.29,46.9900016784668,47.88999938964844,46.18000030517578,992300.0,1.12,CLOSED_LOSS,-0.17,HOSTILE,LIMIT,20,VACUUM,2026-08-21_1723,2026-07-30
GIS,SHORT,CONVICTION,73.2,BEAR_REJECTION_PENDING,39.02,40.86,36.24,34.62,54,1.5,36.41999816894531,37.189998626708984,35.939998626708984,8511300.0,-4.78,NO_FILL,0.0,HOSTILE,LIMIT,12,COMPRESSION,2026-08-21_1723,2026-07-30
AMD,SHORT,CONVICTION,73.1,BEAR_REJECTION_PENDING,439.32,464.01,382.5,,4,2.3,485.3900146484375,498.20001220703125,457.67999267578125,36936600.0,12.7,STOPPED,-1.0,HOSTILE,LIMIT,20,VACUUM,2026-08-21_1723,2026-07-30
ELF,SHORT,CONVICTION,73.1,BEAR_REJECTION_PENDING,81.98,84.52,74.75,71.29,39,2.84,82.26000213623047,83.27999877929688,78.0,1740300.0,2.35,CLOSED_LOSS,-0.11,HOSTILE,LIMIT,20,CONVICTION,2026-08-21_1723,2026-07-30
LILAK,SHORT,CONVICTION,73.0,BEAR_REJECTION_PENDING,8.4,9.36,7.98,,104,0.44,7.989999771118164,8.449999809265137,7.809999942779541,1030800.0,-4.65,TARGET_HIT,1.5,HOSTILE,LIMIT,2,COMPRESSION,2026-08-21_1723,2026-07-30
KLAC,SHORT,CONVICTION,72.6,BEAR_REJECTION_PENDING,177.62,191.75,152.28,,7,1.79,180.3300018310547,186.86000061035156,178.86000061035156,17485100.0,3.25,CLOSED_LOSS,-0.19,HOSTILE,LIMIT,14,CONVICTION,2026-08-21_1723,2026-07-30
LRCX,SHORT,CONVICTION,72.5,BEAR_REJECTION_PENDING,275.17,293.07,242.75,232.99,5,1.81,297.7200012207031,319.5,294.25,22085800.0,9.56,STOPPED,-1.0,HOSTILE,LIMIT,20,CONVICTION,2026-08-21_1723,2026-07-30
GOOGL,SHORT,CONVICTION,72.3,BEAR_REJECTION_PENDING,342.29,378.25,325.18,,2,0.48,333.6600036621094,336.510009765625,330.3399963378906,30168000.0,-0.57,NO_FILL,0.0,HOSTILE,LIMIT,20,CONVICTION,2026-08-21_1723,2026-07-30
SYRE,SHORT,CONVICTION,72.0,BEAR_REJECTION_PENDING,99.0,102.53,87.27,90.0,28,3.32,101.5,101.875,97.38999938964844,851500.0,3.49,CLOSED_LOSS,-0.71,HOSTILE,LIMIT,11,VACUUM,2026-08-21_1723,2026-07-30
JPM,SHORT,CONVICTION,72.0,BEAR_REJECTION_PENDING,345.02,349.13,338.34,323.92,24,1.63,350.8500061035156,352.2799987792969,345.3699951171875,7606500.0,2.29,STOPPED,-1.0,HOSTILE,LIMIT,20,MINOR,2026-08-21_1723,2026-07-30
SNOW,SHORT,CONVICTION,72.0,BEAR_REJECTION_PENDING,293.25,297.59,275.0,250.96,23,4.21,298.1000061035156,298.2300109863281,283.0,6453500.0,2.16,STOPPED,-1.0,HOSTILE,LIMIT,6,VACUUM,2026-08-21_1723,2026-07-30
STM,SHORT,CONVICTION,72.0,BEAR_REJECTION_PENDING,50.41,53.34,43.21,,34,2.46,53.060001373291016,53.189998626708984,51.400001525878906,11542200.0,7.06,CLOSED_LOSS,-0.9,HOSTILE,LIMIT,20,CONVICTION,2026-08-21_1723,2026-07-30
FHB,SHORT,CONVICTION,72.0,BEAR_REJECTION_PENDING,28.28,28.79,24.36,26.17,194,7.64,27.920000076293945,28.290000915527344,27.899999618530273,1579400.0,-0.29,CLOSED,0.71,HOSTILE,LIMIT,14,COMPRESSION,2026-08-21_1723,2026-07-30
PTEN,SHORT,CONVICTION,71.9,BEAR_REJECTION_PENDING,9.83,9.97,8.51,8.77,706,9.31,9.850000381469727,9.869999885559082,9.210000038146973,14308100.0,2.18,CLOSED_LOSS,-0.14,HOSTILE,LIMIT,20,COMPRESSION,2026-08-21_1723,2026-07-30
GH,SHORT,CONVICTION,71.8,BEAR_REJECTION_PENDING,145.86,150.75,137.85,133.16,20,1.64,152.35000610351562,155.5500030517578,145.4600067138672,2731800.0,6.54,STOPPED,-1.0,HOSTILE,LIMIT,20,CONVICTION,2026-08-21_1723,2026-07-30
MAN,SHORT,CONVICTION,71.8,BEAR_REJECTION_PENDING,57.35,58.48,54.9,51.58,88,2.17,51.880001068115234,55.09000015258789,51.599998474121094,1078200.0,-7.85,NO_FILL,0.0,HOSTILE,LIMIT,8,COMPRESSION,2026-08-21_1723,2026-07-30
TECK,SHORT,CONVICTION,71.7,BEAR_REJECTION_PENDING,59.04,60.7,52.9,55.18,60,3.69,62.4900016784668,62.599998474121094,60.279998779296875,4549500.0,6.55,STOPPED,-1.0,HOSTILE,LIMIT,20,CONVICTION,2026-08-21_1723,2026-07-30
TMHC,SHORT,CONVICTION,71.4,BEAR_REJECTION_PENDING,73.47,74.24,71.53,71.55,129,2.52,nan,nan,nan,nan,nan,NO_FILL,0.0,HOSTILE,LIMIT,2,COMPRESSION,2026-08-21_1723,2026-07-30
RIVN,SHORT,CONVICTION,71.2,BEAR_REJECTION_PENDING,16.73,17.27,14.36,14.36,185,4.41,16.829999923706055,16.889999389648438,16.155000686645508,26866500.0,2.62,CLOSED_LOSS,-0.19,HOSTILE,LIMIT,20,COMPRESSION,2026-08-21_1723,2026-07-30
DX,SHORT,CONVICTION,71.0,BEAR_REJECTION_PENDING,13.11,14.19,12.45,,92,0.6,12.819999694824219,12.890000343322754,12.640000343322754,5028800.0,-0.23,NO_FILL,0.0,HOSTILE,LIMIT,18,COMPRESSION,2026-08-21_1723,2026-07-30
RCAT,SHORT,CONVICTION,71.0,BEAR_REJECTION_PENDING,7.08,7.55,6.72,,210,0.74,7.380000114440918,7.440000057220459,6.934999942779541,7071900.0,6.34,CLOSED_LOSS,-0.64,HOSTILE,LIMIT,20,COMPRESSION,2026-08-21_1723,2026-07-30
MSFT,SHORT,CONVICTION,71.0,BEAR_REJECTION_PENDING,421.05,425.11,411.74,380.82,24,2.29,451.1000061035156,458.69000244140625,432.44000244140625,110160700.0,7.15,STOPPED,-1.0,HOSTILE,LIMIT,16,CONVICTION,2026-08-21_1723,2026-07-30
CORZ,SHORT,CONVICTION,71.0,CHANNEL_GAP_BREAKDOWN_SHORT,18.43,18.98,16.98,16.12,180,2.62,21.809999465942383,22.549999237060547,19.690000534057617,22588200.0,18.34,STOPPED,-1.0,HOSTILE,LIMIT,20,MINOR,2026-08-21_1723,2026-07-30
NVDA,SHORT,CONVICTION,70.9,BEAR_REJECTION_PENDING,195.3,209.8,172.03,,6,1.6,195.0399932861328,197.25,191.52000427246094,129010200.0,1.86,CLOSED,0.02,HOSTILE,LIMIT,20,VACUUM,2026-08-21_1723,2026-07-30
KOS,SHORT,CONVICTION,70.8,BEAR_REJECTION_PENDING,2.54,2.75,2.17,,467,1.73,2.559999942779541,2.5799999237060547,2.4000000953674316,16014600.0,2.81,CLOSED_LOSS,-0.1,HOSTILE,LIMIT,20,COMPRESSION,2026-08-21_1723,2026-07-30
UBER,SHORT,CONVICTION,70.8,BEAR_REJECTION_PENDING,72.6,74.04,69.11,62.55,69,2.43,70.37000274658203,70.5999984741211,68.69000244140625,14183500.0,-1.14,NO_FILL,0.0,HOSTILE,LIMIT,18,COMPRESSION,2026-08-21_1723,2026-07-30
C,SHORT,CONVICTION,70.6,BEAR_REJECTION_PENDING,130.15,133.13,115.8,121.95,33,4.82,132.32000732421875,132.5800018310547,128.8000030517578,10467700.0,3.7,CLOSED_LOSS,-0.73,HOSTILE,LIMIT,20,COMPRESSION,2026-08-21_1723,2026-07-30
SOC,SHORT,CONVICTION,70.5,BEAR_REJECTION_PENDING,4.43,4.65,4.05,,453,1.74,4.480000019073486,4.494999885559082,4.224999904632568,7398700.0,3.09,CLOSED_LOSS,-0.23,HOSTILE,LIMIT,20,COMPRESSION,2026-08-21_1723,2026-07-30
EQX,SHORT,CONVICTION,70.5,BEAR_REJECTION_PENDING,9.31,9.51,8.16,8.0,513,5.92,9.40999984741211,9.4399995803833,9.03499984741211,13337700.0,3.07,CLOSED_LOSS,-0.5,HOSTILE,LIMIT,20,COMPRESSION,2026-08-21_1723,2026-07-30
PMAX,SHORT,CONVICTION,70.4,BEAR_REJECTION_PENDING,1.53,1.57,1.45,,2228,1.7,1.7200000286102295,1.7899999618530273,1.4299999475479126,149300.0,12.83,STOPPED,-1.0,HOSTILE,LIMIT,20,MINOR,2026-08-21_1723,2026-07-30
RIG,SHORT,CONVICTION,70.1,BEAR_REJECTION_PENDING,5.08,5.27,4.76,4.37,525,1.68,5.079999923706055,5.090000152587891,4.909999847412109,53474500.0,2.01,CLOSED,0.0,HOSTILE,LIMIT,20,COMPRESSION,2026-08-21_1723,2026-07-30
CRVO,SHORT,CONVICTION,70.1,BEAR_REJECTION_PENDING,2.46,2.58,2.24,,862,1.9,2.5199999809265137,2.559999942779541,2.430000066757202,186900.0,4.48,CLOSED_LOSS,-0.5,HOSTILE,LIMIT,20,MINOR,2026-08-21_1723,2026-07-30
VUZI,SHORT,CONVICTION,70.1,BEAR_REJECTION_PENDING,2.22,2.27,1.93,1.88,2165,6.28,2.3299999237060547,2.3399999141693115,2.1700000762939453,973300.0,6.88,STOPPED,-1.0,HOSTILE,LIMIT,20,COMPRESSION,2026-08-21_1723,2026-07-30
GRML,SHORT,CONVICTION,69.9,BEAR_REJECTION_PENDING,0.2,0.21,0.17,,8438,2.0,0.19599999487400055,0.20000000298023224,0.18299999833106995,2605400.0,0.51,CLOSED,0.4,HOSTILE,LIMIT,4,COMPRESSION,2026-08-21_1723,2026-07-30
META,SHORT,CONVICTION,69.8,BEAR_REJECTION_PENDING,539.11,546.1,520.27,491.87,14,2.69,539.030029296875,539.8800048828125,524.489990234375,42271500.0,0.6,CLOSED,0.01,HOSTILE,LIMIT,20,CONVICTION,2026-08-21_1723,2026-07-30
HIMS,SHORT,CONVICTION,69.6,BEAR_REJECTION_PENDING,25.5,29.6,24.22,,24,0.31,27.040000915527344,27.59000015258789,24.239999771118164,17215900.0,8.16,CLOSED_LOSS,-0.38,HOSTILE,LIMIT,20,COMPRESSION,2026-08-21_1723,2026-07-30
BTDR,SHORT,CONVICTION,69.5,BEAR_REJECTION_PENDING,9.4,10.54,8.93,,87,0.41,11.100000381469727,11.420000076293945,9.640000343322754,15311800.0,20.41,STOPPED,-1.0,HOSTILE,LIMIT,20,COMPRESSION,2026-08-21_1723,2026-07-30
ALIT,SHORT,CONVICTION,69.3,BEAR_REJECTION_PENDING,20.29,21.52,18.36,,81,1.57,18.270000457763672,19.81999969482422,17.459999084472656,527700.0,-8.14,NO_FILL,0.0,HOSTILE,LIMIT,20,COMPRESSION,2026-08-21_1723,2026-07-30
ACN,SHORT,CONVICTION,69.3,BEAR_REJECTION_PENDING,173.87,176.21,150.2,165.0,42,10.14,163.2899932861328,166.72999572753906,159.9600067138672,8643800.0,-5.99,NO_FILL,0.0,HOSTILE,LIMIT,20,CONVICTION,2026-08-21_1723,2026-07-30
BULL,SHORT,CONVICTION,69.1,BEAR_REJECTION_PENDING,7.12,7.35,6.7,5.98,426,1.79,7.150000095367432,7.190000057220459,6.929999828338623,6924700.0,2.44,CLOSED_LOSS,-0.13,HOSTILE,LIMIT,20,COMPRESSION,2026-08-21_1723,2026-07-30
SOFI,SHORT,CONVICTION,69.0,BEAR_REJECTION_PENDING,15.5,16.64,14.72,,87,0.68,16.469999313354492,16.479999542236328,15.260000228881836,83365000.0,6.53,CLOSED_LOSS,-0.85,HOSTILE,LIMIT,20,CONVICTION,2026-08-21_1723,2026-07-30
JOBY,SHORT,CONVICTION,68.9,BEAR_REJECTION_PENDING,6.86,7.67,6.52,,123,0.42,7.239999771118164,7.300000190734863,6.800000190734863,27167900.0,7.58,CLOSED_LOSS,-0.47,HOSTILE,LIMIT,20,COMPRESSION,2026-08-21_1723,2026-07-30
CNH,SHORT,CONVICTION,68.7,BEAR_REJECTION_PENDING,10.98,11.45,10.15,9.88,211,1.74,10.319999694824219,10.789999961853027,10.239999771118164,13449600.0,-4.09,NO_FILL,0.0,HOSTILE,LIMIT,20,COMPRESSION,2026-08-21_1723,2026-07-30
ANET,SHORT,CONVICTION,68.7,BEAR_REJECTION_PENDING,163.96,166.86,143.02,153.58,34,7.2,171.02000427246094,171.50999450683594,164.48500061035156,7284700.0,6.4,STOPPED,-1.0,HOSTILE,LIMIT,20,CONVICTION,2026-08-21_1723,2026-07-30
HIVE,SHORT,CONVICTION,68.6,BEAR_REJECTION_PENDING,2.59,2.87,2.16,,358,1.54,3.0,3.059999942779541,2.690000057220459,22416200.0,18.11,STOPPED,-1.0,HOSTILE,LIMIT,20,COMPRESSION,2026-08-21_1723,2026-07-30
CDE,SHORT,CONVICTION,68.5,BEAR_REJECTION_PENDING,14.7,14.98,13.79,13.66,351,3.2,15.399999618530273,15.430000305175781,14.6899995803833,31057800.0,5.05,STOPPED,-1.0,HOSTILE,LIMIT,20,COMPRESSION,2026-08-21_1723,2026-07-30
AI,SHORT,CONVICTION,68.3,BEAR_REJECTION_PENDING,9.04,10.35,8.59,,76,0.34,9.069999694824219,9.079999923706055,8.609999656677246,3676000.0,2.37,CLOSED_LOSS,-0.02,HOSTILE,LIMIT,12,COMPRESSION,2026-08-21_1723,2026-07-30
UPWK,SHORT,CONVICTION,68.0,BEAR_REJECTION_PENDING,9.35,9.53,8.41,8.77,563,5.3,9.25,9.460000038146973,9.039999961853027,3792900.0,0.65,CLOSED,0.56,HOSTILE,LIMIT,20,COMPRESSION,2026-08-21_1723,2026-07-30
DAVE,SHORT,CONVICTION,68.0,BEAR_REJECTION_PENDING,379.36,387.51,354.46,354.46,12,3.05,377.6400146484375,380.9599914550781,364.0,615800.0,-0.36,CLOSED,0.21,HOSTILE,LIMIT,20,CONVICTION,2026-08-21_1723,2026-07-30
OPEN,SHORT,CONVICTION,68.0,BEAR_REJECTION_PENDING,3.7,3.8,3.18,,1029,5.31,3.819999933242798,3.880000114440918,3.619999885559082,40228400.0,3.8,STOPPED,-1.0,HOSTILE,LIMIT,12,MINOR,2026-08-21_1723,2026-07-30
IOVA,SHORT,CONVICTION,68.0,BEAR_REJECTION_PENDING,4.67,4.83,3.97,4.23,624,4.38,4.690000057220459,4.840000152587891,4.510000228881836,14156400.0,2.4,STOPPED,-1.0,HOSTILE,LIMIT,16,COMPRESSION,2026-08-21_1723,2026-07-30
DKNG,SHORT,CONVICTION,68.0,BEAR_REJECTION_PENDING,24.51,24.81,23.6,23.01,332,3.04,23.719999313354492,24.389999389648438,23.299999237060547,10773600.0,-2.67,NO_FILL,0.0,HOSTILE,LIMIT,20,COMPRESSION,2026-08-21_1723,2026-07-30
AAPL,SHORT,CONVICTION,68.0,BEAR_REJECTION_PENDING,339.05,341.85,334.54,317.01,35,1.61,333.42999267578125,334.75,329.5899963378906,74817800.0,-1.65,NO_FILL,0.0,HOSTILE,LIMIT,18,COMPRESSION,2026-08-21_1723,2026-07-30
BKNG,SHORT,CONVICTION,68.0,BEAR_REJECTION_PENDING,201.3,203.69,189.47,180.67,41,4.94,193.24000549316406,199.89999389648438,190.14999389648438,7597000.0,-3.62,NO_FILL,0.0,HOSTILE,LIMIT,15,CONVICTION,2026-08-21_1723,2026-07-30
MVIS,SHORT,CONVICTION,68.0,BEAR_REJECTION_PENDING,0.26,0.27,0.24,,8038,1.85,0.23999999463558197,0.25,0.23000000417232513,5131900.0,-5.51,NO_FILL,0.0,HOSTILE,LIMIT,5,MINOR,2026-08-21_1723,2026-07-30
OPTU,SHORT,CONVICTION,68.0,BEAR_REJECTION_PENDING,0.78,0.81,0.69,,3267,2.79,0.7400000095367432,0.7799999713897705,0.734000027179718,3326900.0,-2.64,NO_FILL,0.0,HOSTILE,LIMIT,20,COMPRESSION,2026-08-21_1723,2026-07-30
TLRY,SHORT,CONVICTION,68.0,BEAR_REJECTION_PENDING,4.0,4.14,3.71,,711,2.06,4.199999809265137,4.25,3.940000057220459,7856900.0,5.53,STOPPED,-1.0,HOSTILE,LIMIT,20,MINOR,2026-08-21_1723,2026-07-30
HAO,SHORT,CONVICTION,68.0,BEAR_REJECTION_PENDING,0.15,0.2,0.14,,2095,0.16,0.15000000596046448,0.15700000524520874,0.1469999998807907,984700.0,1.15,CLOSED_LOSS,-0.0,HOSTILE,LIMIT,12,COMPRESSION,2026-08-21_1723,2026-07-30
SERV,SHORT,CONVICTION,68.0,BEAR_REJECTION_PENDING,4.41,4.51,4.19,,1046,2.31,4.809999942779541,4.829999923706055,4.4629998207092285,2980000.0,9.32,STOPPED,-1.0,HOSTILE,LIMIT,20,COMPRESSION,2026-08-21_1723,2026-07-30
TOI,SHORT,CONVICTION,67.8,BEAR_REJECTION_PENDING,4.82,5.01,4.11,4.37,527,3.77,nan,nan,nan,nan,nan,NO_FILL,0.0,HOSTILE,LIMIT,20,COMPRESSION,2026-08-21_1723,2026-07-30
USB,SHORT,CONVICTION,67.7,BEAR_REJECTION_PENDING,64.01,64.91,62.41,60.48,111,1.78,62.900001525878906,63.34000015258789,62.34000015258789,7182400.0,-1.46,NO_FILL,0.0,HOSTILE,LIMIT,17,MINOR,2026-08-21_1723,2026-07-30
FIG,SHORT,CONVICTION,67.7,BEAR_REJECTION_PENDING,25.25,26.44,23.15,21.89,83,1.75,23.760000228881836,24.3700008392334,22.989999771118164,16209000.0,-4.0,NO_FILL,0.0,HOSTILE,LIMIT,17,COMPRESSION,2026-08-21_1723,2026-07-30
POET,SHORT,CONVICTION,67.6,BEAR_REJECTION_PENDING,6.61,7.09,6.28,,210,0.69,7.28000020980835,7.300000190734863,6.679999828338623,10077000.0,12.35,STOPPED,-1.0,HOSTILE,LIMIT,19,COMPRESSION,2026-08-21_1723,2026-07-30
EVER,SHORT,CONVICTION,67.4,BEAR_REJECTION_PENDING,27.0,27.83,25.42,24.15,119,1.89,25.049999237060547,26.524999618530273,24.625,865500.0,-6.63,NO_FILL,0.0,HOSTILE,LIMIT,20,VACUUM,2026-08-21_1723,2026-07-30
MSTR,SHORT,CONVICTION,67.2,BEAR_REJECTION_PENDING,96.38,101.82,85.67,,18,1.97,97.73999786376953,98.22000122070312,94.33000183105469,13472200.0,3.44,CLOSED_LOSS,-0.25,HOSTILE,LIMIT,20,CONVICTION,2026-08-21_1723,2026-07-30
ORC,SHORT,CONVICTION,67.0,BEAR_REJECTION_PENDING,6.73,7.34,6.39,,163,0.55,6.630000114440918,6.650000095367432,6.53000020980835,7284000.0,0.55,NO_FILL,0.0,HOSTILE,LIMIT,20,COMPRESSION,2026-08-21_1723,2026-07-30
FTRK,SHORT,CONVICTION,67.0,BEAR_REJECTION_PENDING,0.43,0.53,0.41,,978,0.21,nan,nan,nan,nan,nan,NO_FILL,0.0,HOSTILE,LIMIT,8,COMPRESSION,2026-08-21_1723,2026-07-30
NFLX,SHORT,CONVICTION,67.0,BEAR_REJECTION_PENDING,74.42,79.11,63.86,62.2,21,2.25,73.16999816894531,73.31999969482422,70.55000305175781,54261000.0,0.29,NO_FILL,0.0,HOSTILE,LIMIT,17,COMPRESSION,2026-08-21_1723,2026-07-30
DRTS,SHORT,CONVICTION,66.6,BEAR_REJECTION_PENDING,11.02,11.3,10.05,9.75,350,3.4,11.890000343322754,11.949999809265137,11.300000190734863,606200.0,8.09,STOPPED,-1.0,HOSTILE,LIMIT,20,COMPRESSION,2026-08-21_1723,2026-07-30
FA,SHORT,CONVICTION,66.5,BEAR_REJECTION_PENDING,21.89,22.41,20.25,19.78,191,3.14,20.049999237060547,21.260000228881836,19.84000015258789,2003400.0,-6.79,NO_FILL,0.0,HOSTILE,LIMIT,20,COMPRESSION,2026-08-21_1723,2026-07-30
KHC,SHORT,CONVICTION,66.5,BEAR_REJECTION_PENDING,28.05,28.63,23.74,26.72,173,7.47,26.3799991607666,27.110000610351562,26.25,14581800.0,-4.7,NO_FILL,0.0,HOSTILE,LIMIT,10,COMPRESSION,2026-08-21_1723,2026-07-30
SLS,SHORT,CONVICTION,66.5,BEAR_REJECTION_PENDING,10.35,10.89,8.97,8.79,185,2.56,10.289999961853027,10.350000381469727,9.760000228881836,4316300.0,1.28,CLOSED,0.11,HOSTILE,LIMIT,20,COMPRESSION,2026-08-21_1723,2026-07-30
STUB,SHORT,CONVICTION,66.3,BEAR_REJECTION_PENDING,8.42,8.9,8.0,,208,0.88,8.520000457763672,8.65999984741211,8.380000114440918,4532800.0,3.22,CLOSED_LOSS,-0.21,HOSTILE,LIMIT,8,COMPRESSION,2026-08-21_1723,2026-07-30
PENG,SHORT,CONVICTION,66.0,BEAR_REJECTION_PENDING,45.0,47.15,39.99,37.66,46,2.33,51.43000030517578,51.540000915527344,46.20100021362305,2873900.0,16.23,STOPPED,-1.0,HOSTILE,LIMIT,20,CONVICTION,2026-08-21_1723,2026-07-30
DVLT,SHORT,CONVICTION,66.0,BEAR_REJECTION_PENDING,0.33,0.34,0.32,,11904,1.61,0.3499999940395355,0.3499999940395355,0.3199999928474426,12607500.0,7.86,STOPPED,-1.0,HOSTILE,LIMIT,20,MINOR,2026-08-21_1723,2026-07-30
PSKY,SHORT,CONVICTION,65.9,BEAR_REJECTION_PENDING,8.14,8.63,7.73,,204,0.83,7.809999942779541,7.909999847412109,7.659999847412109,13565500.0,-2.13,NO_FILL,0.0,HOSTILE,LIMIT,20,COMPRESSION,2026-08-21_1723,2026-07-30
RAPP,SHORT,CONVICTION,65.8,BEAR_REJECTION_PENDING,41.86,42.77,35.62,37.22,109,6.84,42.779998779296875,42.880001068115234,41.290000915527344,216900.0,3.58,STOPPED,-1.0,HOSTILE,LIMIT,16,MINOR,2026-08-21_1723,2026-07-30
ZETA,SHORT,CONVICTION,65.7,BEAR_REJECTION_PENDING,22.57,25.38,21.44,,35,0.4,21.3700008392334,21.46500015258789,20.829999923706055,4765600.0,-3.43,NO_FILL,0.0,HOSTILE,LIMIT,12,COMPRESSION,2026-08-21_1723,2026-07-30
IAUX,SHORT,CONVICTION,65.5,BEAR_REJECTION_PENDING,1.31,1.35,1.18,1.1,2166,2.72,1.340000033378601,1.340000033378601,1.2799999713897705,4347500.0,4.69,CLOSED_LOSS,-0.75,HOSTILE,LIMIT,20,COMPRESSION,2026-08-21_1723,2026-07-30
JHX,SHORT,CONVICTION,65.4,BEAR_REJECTION_PENDING,26.4,27.0,24.24,23.42,165,3.57,26.469999313354492,26.6299991607666,25.81999969482422,5677300.0,1.81,CLOSED_LOSS,-0.12,HOSTILE,LIMIT,20,COMPRESSION,2026-08-21_1723,2026-07-30
MAT,SHORT,CONVICTION,65.2,BEAR_REJECTION_PENDING,15.5,15.78,14.51,14.34,359,3.55,15.210000038146973,15.279999732971191,14.989999771118164,3470400.0,-1.81,NO_FILL,0.0,HOSTILE,LIMIT,13,COMPRESSION,2026-08-21_1723,2026-07-30
INTR,SHORT,CONVICTION,64.8,BEAR_REJECTION_PENDING,5.51,5.6,4.81,4.83,1138,7.97,5.639999866485596,5.650000095367432,5.449999809265137,4475500.0,2.55,STOPPED,-1.0,HOSTILE,LIMIT,20,COMPRESSION,2026-08-21_1723,2026-07-30
NET,SHORT,CONVICTION,64.6,BEAR_REJECTION_PENDING,277.11,281.21,239.29,259.18,24,9.21,283.3900146484375,285.0,265.0,3145700.0,3.04,STOPPED,-1.0,HOSTILE,LIMIT,14,MINOR,2026-08-21_1723,2026-07-30
TSCO,SHORT,CONVICTION,64.6,BEAR_REJECTION_PENDING,31.62,34.0,30.04,,42,0.66,30.209999084472656,30.5,29.459999084472656,8282700.0,-2.55,NO_FILL,0.0,HOSTILE,LIMIT,20,COMPRESSION,2026-08-21_1723,2026-07-30
OXY,SHORT,CONVICTION,64.6,BEAR_REJECTION_PENDING,57.3,57.89,54.09,55.73,170,5.46,55.95000076293945,55.97999954223633,54.72999954223633,6279100.0,-0.75,NO_FILL,0.0,HOSTILE,LIMIT,20,COMPRESSION,2026-08-21_1723,2026-07-30
HOOD,SHORT,CONVICTION,64.5,BEAR_REJECTION_PENDING,91.26,94.17,84.09,83.0,34,2.46,86.5999984741211,92.56999969482422,86.20999908447266,29692500.0,-3.21,CLOSED,1.5,HOSTILE,LIMIT,20,CONVICTION,2026-08-21_1723,2026-07-30
STLA,SHORT,CONVICTION,64.4,BEAR_REJECTION_PENDING,5.78,6.07,5.49,,344,1.0,5.860000133514404,5.889999866485596,5.579999923706055,42059600.0,1.74,CLOSED_LOSS,-0.28,HOSTILE,LIMIT,20,COMPRESSION,2026-08-21_1723,2026-07-30
DOMO,SHORT,CONVICTION,64.3,BEAR_REJECTION_PENDING,3.7,3.92,3.11,3.11,465,2.76,3.700000047683716,3.7249999046325684,3.5999999046325684,768400.0,1.93,CLOSED_LOSS,-0.0,HOSTILE,LIMIT,20,MINOR,2026-08-21_1723,2026-07-30
TDAY,SHORT,CONVICTION,64.3,BEAR_REJECTION_PENDING,8.86,9.09,8.51,8.02,444,1.55,8.710000038146973,8.819999694824219,8.510000228881836,1135600.0,-1.25,NO_FILL,0.0,HOSTILE,LIMIT,11,MINOR,2026-08-21_1723,2026-07-30
ELPW,SHORT,CONVICTION,64.2,BEAR_REJECTION_PENDING,0.18,0.2,0.17,,4377,0.39,0.19699999690055847,0.20800000429153442,0.17000000178813934,3031700.0,13.41,STOPPED,-1.0,HOSTILE,LIMIT,9,COMPRESSION,2026-08-21_1723,2026-07-30
ALMS,SHORT,CONVICTION,64.2,BEAR_REJECTION_PENDING,26.38,26.94,25.3,24.27,177,1.91,28.950000762939453,29.149999618530273,26.78499984741211,992200.0,10.96,STOPPED,-1.0,HOSTILE,LIMIT,20,COMPRESSION,2026-08-21_1723,2026-07-30
WOK,SHORT,CONVICTION,64.2,BEAR_REJECTION_PENDING,1.87,1.93,1.77,,1635,1.53,1.940000057220459,2.0,1.8329999446868896,105600.0,6.01,STOPPED,-1.0,HOSTILE,LIMIT,19,COMPRESSION,2026-08-21_1723,2026-07-30
DMRA,SHORT,CONVICTION,64.0,BEAR_REJECTION_PENDING,28.34,29.94,24.84,24.69,62,2.17,29.209999084472656,30.020000457763672,28.709999084472656,334000.0,5.15,STOPPED,-1.0,HOSTILE,LIMIT,20,MINOR,2026-08-21_1723,2026-07-30
QLYS,SHORT,CONVICTION,64.0,BEAR_REJECTION_PENDING,137.03,139.61,124.13,129.61,38,5.01,141.7100067138672,143.41000366210938,131.0,1052900.0,4.77,STOPPED,-1.0,HOSTILE,LIMIT,20,VACUUM,2026-08-21_1723,2026-07-30
TSEM,SHORT,CONVICTION,64.0,BEAR_REJECTION_PENDING,195.08,203.3,172.18,170.6,12,2.78,211.16000366210938,215.1699981689453,202.22999572753906,1605100.0,10.41,STOPPED,-1.0,HOSTILE,LIMIT,20,CONVICTION,2026-08-21_1723,2026-07-30
GPUS,SHORT,CONVICTION,64.0,BEAR_REJECTION_PENDING,0.12,0.13,0.12,,17193,1.06,0.11999999731779099,0.11999999731779099,0.11999999731779099,23226000.0,-0.58,NO_FILL,0.0,HOSTILE,LIMIT,20,COMPRESSION,2026-08-21_1723,2026-07-30
ARBE,SHORT,CONVICTION,64.0,BEAR_REJECTION_PENDING,0.62,0.65,0.59,,3005,0.93,0.6000000238418579,0.6230000257492065,0.5989999771118164,1470000.0,-1.02,CLOSED,0.67,HOSTILE,LIMIT,20,MINOR,2026-08-21_1723,2026-07-30
ARI,SHORT,CONVICTION,64.0,BEAR_REJECTION_PENDING,6.75,7.09,6.41,,293,0.99,6.5,6.710000038146973,6.429999828338623,3643800.0,-1.81,NO_FILL,0.0,HOSTILE,LIMIT,20,COMPRESSION,2026-08-21_1723,2026-07-30
CPNG,SHORT,CONVICTION,64.0,BEAR_REJECTION_PENDING,15.59,16.12,14.81,,190,1.49,16.09000015258789,16.34000015258789,15.25,23261500.0,5.25,STOPPED,-1.0,HOSTILE,LIMIT,20,COMPRESSION,2026-08-21_1723,2026-07-30
LAC,SHORT,CONVICTION,64.0,BEAR_REJECTION_PENDING,2.82,2.96,2.67,,668,0.94,2.890000104904175,2.9100000858306885,2.7750000953674316,8335700.0,4.71,CLOSED_LOSS,-0.5,HOSTILE,LIMIT,20,COMPRESSION,2026-08-21_1723,2026-07-30
SES,SHORT,CONVICTION,64.0,BEAR_REJECTION_PENDING,0.54,0.57,0.51,,3223,0.86,0.5410000085830688,0.550000011920929,0.5199999809265137,19348600.0,3.09,CLOSED_LOSS,-0.03,HOSTILE,LIMIT,15,COMPRESSION,2026-08-21_1723,2026-07-30
SHMD,SHORT,CONVICTION,64.0,BEAR_REJECTION_PENDING,3.65,3.94,3.47,,345,0.63,4.039999961853027,4.119999885559082,3.6700000762939453,464900.0,12.85,STOPPED,-1.0,HOSTILE,LIMIT,20,COMPRESSION,2026-08-21_1723,2026-07-30
PGY,SHORT,CONVICTION,64.0,BEAR_REJECTION_PENDING,16.75,17.83,15.11,,92,1.51,17.639999389648438,18.0,15.680000305175781,6614200.0,7.43,STOPPED,-1.0,HOSTILE,LIMIT,20,COMPRESSION,2026-08-21_1723,2026-07-30
OWL,SHORT,CONVICTION,63.9,BEAR_REJECTION_PENDING,9.75,11.28,9.26,,65,0.32,10.15999984741211,10.25,9.26200008392334,40924400.0,6.28,CLOSED_LOSS,-0.27,HOSTILE,LIMIT,19,COMPRESSION,2026-08-21_1723,2026-07-30
VG,SHORT,CONVICTION,63.7,BEAR_REJECTION_PENDING,13.34,13.94,11.2,11.2,166,3.57,13.239999771118164,13.25,12.640000343322754,9531700.0,1.22,NO_FILL,0.0,HOSTILE,LIMIT,20,COMPRESSION,2026-08-21_1723,2026-07-30
KEEL,SHORT,CONVICTION,63.4,BEAR_REJECTION_PENDING,3.29,3.83,3.13,,185,0.31,4.050000190734863,4.28000020980835,3.5399999618530273,66291800.0,25.39,STOPPED,-1.0,HOSTILE,LIMIT,17,COMPRESSION,2026-08-21_1723,2026-07-30
SHPH,SHORT,CONVICTION,63.3,BEAR_REJECTION_PENDING,2.9,3.04,2.62,,701,1.94,3.0899999141693115,3.1500000953674316,2.799999952316284,201100.0,7.27,STOPPED,-1.0,HOSTILE,LIMIT,17,MINOR,2026-08-21_1723,2026-07-30
ZBAO,SHORT,CONVICTION,63.3,BEAR_REJECTION_PENDING,0.16,0.18,0.15,,3770,0.3,0.17299999296665192,0.19300000369548798,0.15700000524520874,5911300.0,11.47,STOPPED,-1.0,HOSTILE,LIMIT,20,COMPRESSION,2026-08-21_1723,2026-07-30
GRPN,SHORT,CONVICTION,63.2,BEAR_REJECTION_PENDING,27.66,28.32,26.31,23.69,151,2.04,27.889999389648438,28.030000686645508,26.65999984741211,1200700.0,1.42,CLOSED_LOSS,-0.35,HOSTILE,LIMIT,20,COMPRESSION,2026-08-21_1723,2026-07-30
RDW,SHORT,CONVICTION,62.9,BEAR_REJECTION_PENDING,8.01,8.84,7.61,,119,0.48,8.470000267028809,8.520000457763672,7.960000038146973,17164700.0,7.9,CLOSED_LOSS,-0.55,HOSTILE,LIMIT,20,COMPRESSION,2026-08-21_1723,2026-07-30
T,SHORT,CONVICTION,62.6,BEAR_REJECTION_PENDING,24.18,25.7,21.38,,65,1.85,23.209999084472656,23.6200008392334,23.139999389648438,49433700.0,-2.1,NO_FILL,0.0,HOSTILE,LIMIT,20,COMPRESSION,2026-08-21_1723,2026-07-30
ULCC,SHORT,CONVICTION,62.6,BEAR_REJECTION_PENDING,6.6,6.97,5.61,5.6,266,2.64,6.980000019073486,6.994999885559082,6.579999923706055,5693800.0,7.88,STOPPED,-1.0,HOSTILE,LIMIT,16,COMPRESSION,2026-08-21_1723,2026-07-30
INIO,SHORT,CONVICTION,62.5,BEAR_REJECTION_PENDING,22.33,25.77,21.21,,29,0.32,24.389999389648438,25.75,23.25,9511600.0,11.42,CLOSED_LOSS,-0.6,HOSTILE,LIMIT,20,COMPRESSION,2026-08-21_1723,2026-07-30
KD,SHORT,CONVICTION,62.5,BEAR_REJECTION_PENDING,13.92,14.12,12.33,13.46,492,7.83,13.510000228881836,13.779999732971191,13.125,4425500.0,-2.6,NO_FILL,0.0,HOSTILE,LIMIT,9,MINOR,2026-08-21_1723,2026-07-30
NU,SHORT,CONVICTION,62.3,BEAR_REJECTION_PENDING,14.35,15.42,12.34,,93,1.87,14.489999771118164,14.529999732971191,14.020000457763672,49370300.0,3.02,CLOSED_LOSS,-0.13,HOSTILE,LIMIT,20,COMPRESSION,2026-08-21_1723,2026-07-30
RXRX,SHORT,CONVICTION,62.3,BEAR_REJECTION_PENDING,3.04,3.33,2.89,,348,0.53,3.0399999618530273,3.0399999618530273,2.950000047683716,10409900.0,2.01,NO_FILL,0.0,HOSTILE,LIMIT,11,COMPRESSION,2026-08-21_1723,2026-07-30
RR,SHORT,CONVICTION,62.1,BEAR_REJECTION_PENDING,1.39,1.45,1.32,,1558,1.08,1.440000057220459,1.4700000286102295,1.3899999856948853,4588900.0,5.94,STOPPED,-1.0,HOSTILE,LIMIT,13,MINOR,2026-08-21_1723,2026-07-30
GLOB,SHORT,CONVICTION,62.0,BEAR_REJECTION_PENDING,38.17,38.82,35.16,33.17,152,4.6,36.38999938964844,37.400001525878906,35.279998779296875,1633600.0,-4.56,NO_FILL,0.0,HOSTILE,LIMIT,20,COMPRESSION,2026-08-21_1723,2026-07-30
BIYA,SHORT,CONVICTION,62.0,BEAR_REJECTION_PENDING,5.7,6.2,5.42,,201,0.58,3.609999895095825,5.590000152587891,3.609999895095825,2770800.0,-36.44,NO_FILL,0.0,HOSTILE,LIMIT,8,MINOR,2026-08-21_1723,2026-07-30
HRI,SHORT,CONVICTION,62.0,BEAR_REJECTION_PENDING,144.66,147.23,132.51,135.71,38,4.73,145.9199981689453,149.72999572753906,143.14999389648438,543600.0,1.89,STOPPED,-1.0,HOSTILE,LIMIT,20,CONVICTION,2026-08-21_1723,2026-07-30
VEEE,SHORT,CONVICTION,62.0,BEAR_REJECTION_PENDING,13.12,16.74,12.47,,27,0.18,12.579999923706055,13.119999885559082,12.0,93000.0,-3.16,NO_FILL,0.0,HOSTILE,LIMIT,20,VACUUM,2026-08-21_1723,2026-07-30
NVRI,SHORT,CONVICTION,62.0,BEAR_REJECTION_PENDING,22.63,22.97,19.6,19.6,298,9.04,22.209999084472656,22.649999618530273,21.850000381469727,205600.0,0.09,CLOSED,1.24,HOSTILE,LIMIT,20,MINOR,2026-08-21_1723,2026-07-30
LHAI,SHORT,CONVICTION,62.0,BEAR_REJECTION_PENDING,0.82,0.88,0.78,,1479,0.6,0.8119999766349792,0.8389999866485596,0.7799999713897705,135500.0,1.49,TARGET_HIT,1.5,HOSTILE,LIMIT,13,MINOR,2026-08-21_1723,2026-07-30
SOBR,SHORT,CONVICTION,62.0,BEAR_REJECTION_PENDING,0.56,0.69,0.53,,803,0.23,0.5600000023841858,0.5799999833106995,0.550000011920929,508900.0,0.0,CLOSED_LOSS,-0.0,HOSTILE,LIMIT,20,MINOR,2026-08-21_1723,2026-07-30
FRMI,SHORT,CONVICTION,62.0,BEAR_REJECTION_PENDING,5.93,6.15,5.3,5.3,468,2.97,6.730000019073486,6.764999866485596,6.050000190734863,18533200.0,13.75,STOPPED,-1.0,HOSTILE,LIMIT,18,COMPRESSION,2026-08-21_1723,2026-07-30
QTEX,SHORT,CONVICTION,62.0,BEAR_REJECTION_PENDING,0.87,0.91,0.82,,2622,1.14,0.8299999833106995,0.8999999761581421,0.828000009059906,1560000.0,-3.49,CLOSED,1.0,HOSTILE,LIMIT,20,MINOR,2026-08-21_1723,2026-07-30
LEDS,SHORT,CONVICTION,62.0,BEAR_REJECTION_PENDING,1.72,1.87,1.47,,677,1.69,1.9500000476837158,2.0399999618530273,1.7300000190734863,186600.0,13.9,STOPPED,-1.0,HOSTILE,LIMIT,20,MINOR,2026-08-21_1723,2026-07-30
ORBS,SHORT,CONVICTION,62.0,BEAR_REJECTION_PENDING,0.59,0.6,0.56,,5917,1.73,0.609000027179718,0.6320000290870667,0.5849999785423279,17060600.0,4.59,STOPPED,-1.0,HOSTILE,LIMIT,20,COMPRESSION,2026-08-21_1723,2026-07-30
VMAR,SHORT,CONVICTION,62.0,BEAR_REJECTION_PENDING,0.77,0.85,0.73,,1147,0.44,0.8149999976158142,0.828000009059906,0.7549999952316284,1080300.0,7.24,CLOSED_LOSS,-0.56,HOSTILE,LIMIT,9,COMPRESSION,2026-08-21_1723,2026-07-30
XE,SHORT,CONVICTION,62.0,BEAR_REJECTION_PENDING,15.3,15.84,13.8,13.8,183,2.75,17.049999237060547,17.350000381469727,15.5600004196167,5496300.0,11.49,STOPPED,-1.0,HOSTILE,LIMIT,20,COMPRESSION,2026-08-21_1723,2026-07-30
FIS,SHORT,CONVICTION,62.0,BEAR_REJECTION_PENDING,46.81,47.28,42.17,43.81,213,9.91,46.0,46.310001373291016,45.31999969482422,8512600.0,-1.1,NO_FILL,0.0,HOSTILE,LIMIT,12,COMPRESSION,2026-08-21_1723,2026-07-30
CPRT,SHORT,CONVICTION,62.0,BEAR_REJECTION_PENDING,30.88,31.29,28.36,27.73,247,6.26,29.56999969482422,30.260000228881836,28.860000610351562,10208800.0,-4.09,NO_FILL,0.0,HOSTILE,LIMIT,20,COMPRESSION,2026-08-21_1723,2026-07-30
PANW,SHORT,CONVICTION,62.0,BEAR_REJECTION_PENDING,322.71,327.37,309.83,287.99,21,2.76,325.67999267578125,326.29998779296875,313.04998779296875,6859300.0,1.27,CLOSED_LOSS,-0.64,HOSTILE,LIMIT,20,MINOR,2026-08-21_1723,2026-07-30
HCA,SHORT,CONVICTION,62.0,BEAR_REJECTION_PENDING,414.36,419.23,383.63,396.22,20,6.31,395.7900085449219,406.760009765625,394.739990234375,1244300.0,-3.23,NO_FILL,0.0,HOSTILE,LIMIT,20,CONVICTION,2026-08-21_1723,2026-07-30
GERN,SHORT,CONVICTION,62.0,BEAR_REJECTION_PENDING,1.43,1.45,1.33,1.29,3946,3.87,1.340000033378601,1.4299999475479126,1.3300000429153442,19461300.0,-4.29,NO_FILL,0.0,HOSTILE,LIMIT,20,MINOR,2026-08-21_1723,2026-07-30
TTD,SHORT,CONVICTION,62.0,BEAR_REJECTION_PENDING,18.97,19.25,18.09,17.79,354,3.11,18.280000686645508,18.649999618530273,18.02400016784668,18545000.0,-3.59,NO_FILL,0.0,HOSTILE,LIMIT,20,MINOR,2026-08-21_1723,2026-07-30
WYFI,SHORT,CONVICTION,62.0,BEAR_REJECTION_PENDING,21.8,25.64,20.71,,25,0.28,26.25,26.364999771118164,22.270000457763672,2216000.0,22.84,STOPPED,-1.0,HOSTILE,LIMIT,19,COMPRESSION,2026-08-21_1723,2026-07-30
HUMA,SHORT,CONVICTION,62.0,BEAR_REJECTION_PENDING,0.65,0.66,0.62,0.62,7309,1.9,0.671999990940094,0.6850000023841858,0.6259999871253967,4087200.0,4.54,STOPPED,-1.0,HOSTILE,LIMIT,20,MINOR,2026-08-21_1723,2026-07-30
BURU,SHORT,CONVICTION,62.0,BEAR_REJECTION_PENDING,0.04,0.04,0.04,,16750,0.31,0.03999999910593033,0.0430000014603138,0.035999998450279236,1942400.0,9.59,STOPPED,-1.0,HOSTILE,LIMIT,9,MINOR,2026-08-21_1723,2026-07-30
TEAM,SHORT,CONVICTION,62.0,BEAR_REJECTION_PENDING,105.0,107.15,98.63,100.0,46,2.97,98.12000274658203,99.177001953125,95.18000030517578,3940500.0,-6.11,NO_FILL,0.0,HOSTILE,LIMIT,18,CONVICTION,2026-08-21_1723,2026-07-30
AHMA,SHORT,CONVICTION,62.0,BEAR_REJECTION_PENDING,1.4,1.48,1.33,,1292,0.9,1.3899999856948853,1.659999966621399,1.3300000429153442,81500.0,-0.0,STOPPED,-1.0,HOSTILE,LIMIT,20,MINOR,2026-08-21_1723,2026-07-30
SAFX,SHORT,CONVICTION,62.0,BEAR_REJECTION_PENDING,0.38,0.39,0.34,,6706,2.24,0.37400001287460327,0.3779999911785126,0.35899999737739563,1579300.0,-0.29,NO_FILL,0.0,HOSTILE,LIMIT,18,MINOR,2026-08-21_1723,2026-07-30
CHAI,SHORT,CONVICTION,62.0,BEAR_REJECTION_PENDING,0.41,0.43,0.39,,4125,0.84,0.42500001192092896,0.44999998807907104,0.40700000524520874,1534600.0,4.09,STOPPED,-1.0,HOSTILE,LIMIT,17,COMPRESSION,2026-08-21_1723,2026-07-30
NCRA,SHORT,CONVICTION,62.0,BEAR_REJECTION_PENDING,2.67,2.78,2.33,,904,3.09,2.380000114440918,2.549999952316284,2.1500000953674316,3485500.0,-9.16,NO_FILL,0.0,HOSTILE,LIMIT,10,MINOR,2026-08-21_1723,2026-07-30
GDC,SHORT,CONVICTION,62.0,BEAR_REJECTION_PENDING,1.53,1.6,1.43,,1533,1.52,1.5700000524520874,1.649999976158142,1.4700000286102295,135100.0,3.97,STOPPED,-1.0,HOSTILE,LIMIT,20,MINOR,2026-08-21_1723,2026-07-30
LCID,SHORT,CONVICTION,61.9,BEAR_REJECTION_PENDING,8.1,8.77,6.88,,149,1.82,8.119999885559082,8.220000267028809,7.460000038146973,14136200.0,2.27,CLOSED_LOSS,-0.03,HOSTILE,LIMIT,6,COMPRESSION,2026-08-21_1723,2026-07-30
GLXY,SHORT,CONVICTION,61.9,BEAR_REJECTION_PENDING,18.65,21.57,17.71,,34,0.32,21.520000457763672,21.80500030517578,19.3799991607666,8212700.0,17.72,STOPPED,-1.0,HOSTILE,LIMIT,20,MINOR,2026-08-21_1723,2026-07-30
SHOP,SHORT,CONVICTION,61.7,BEAR_REJECTION_PENDING,131.8,143.11,110.01,,8,1.93,122.4000015258789,126.61000061035156,122.29000091552734,10710700.0,-5.27,NO_FILL,0.0,HOSTILE,LIMIT,19,CONVICTION,2026-08-21_1723,2026-07-30
BCAX,SHORT,CONVICTION,61.6,SHORT_UPPER_DIRTY,25.59,26.16,24.27,,176,2.34,26.270000457763672,26.889999389648438,25.84000015258789,826600.0,2.66,STOPPED,-1.0,HOSTILE,LIMIT,20,COMPRESSION,2026-08-21_1723,2026-07-30
NGNE,SHORT,CONVICTION,61.5,BEAR_REJECTION_PENDING,34.13,34.88,29.56,31.26,133,6.1,33.599998474121094,34.189998626708984,33.03499984741211,93100.0,-0.18,CLOSED,0.71,HOSTILE,LIMIT,20,COMPRESSION,2026-08-21_1723,2026-07-30
IKT,SHORT,CONVICTION,61.5,BEAR_REJECTION_PENDING,2.21,2.36,2.1,,692,0.77,2.2799999713897705,2.319999933242798,2.184999942779541,402600.0,5.04,CLOSED_LOSS,-0.47,HOSTILE,LIMIT,20,MINOR,2026-08-21_1723,2026-07-30
FRSH,SHORT,CONVICTION,61.5,BEAR_REJECTION_PENDING,11.86,12.51,10.84,10.01,154,1.58,11.260000228881836,11.380000114440918,10.875,11356400.0,-3.18,NO_FILL,0.0,HOSTILE,LIMIT,5,COMPRESSION,2026-08-21_1723,2026-07-30
STTK,SHORT,CONVICTION,61.1,BEAR_REJECTION_PENDING,6.54,6.73,6.0,6.0,527,2.85,7.190000057220459,7.25,6.760000228881836,681700.0,10.11,STOPPED,-1.0,HOSTILE,LIMIT,17,COMPRESSION,2026-08-21_1723,2026-07-30
CCL,SHORT,CONVICTION,60.9,BEAR_REJECTION_PENDING,28.24,28.76,27.2,25.65,191,1.99,27.770000457763672,27.940000534057617,27.15999984741211,23650600.0,-0.14,NO_FILL,0.0,HOSTILE,LIMIT,20,CONVICTION,2026-08-21_1723,2026-07-30
PCG,SHORT,CONVICTION,60.7,BEAR_REJECTION_PENDING,17.9,18.11,17.37,17.2,475,2.52,17.780000686645508,17.829999923706055,17.34000015258789,36486900.0,0.74,NO_FILL,0.0,HOSTILE,LIMIT,20,CONVICTION,2026-08-21_1723,2026-07-30
GRAF,SHORT,CONVICTION,60.7,BEAR_REJECTION_PENDING,11.04,11.41,10.27,10.04,266,2.03,10.824999809265137,10.824999809265137,10.819999694824219,14400.0,0.05,NO_FILL,0.0,HOSTILE,LIMIT,3,MINOR,2026-08-21_1723,2026-07-30
AGNC,SHORT,CONVICTION,60.6,BEAR_REJECTION_PENDING,11.18,12.03,9.79,,117,1.63,10.920000076293945,10.989999771118164,10.8100004196167,24276600.0,-0.36,NO_FILL,0.0,HOSTILE,LIMIT,11,COMPRESSION,2026-08-21_1723,2026-07-30
BTG,SHORT,CONVICTION,60.6,BEAR_REJECTION_PENDING,3.81,3.99,3.47,,576,1.99,3.8499999046325684,3.859999895095825,3.740000009536743,15768200.0,2.94,CLOSED_LOSS,-0.22,HOSTILE,LIMIT,20,COMPRESSION,2026-08-21_1723,2026-07-30
QS,SHORT,CONVICTION,60.6,BEAR_REJECTION_PENDING,5.08,5.9,4.83,,121,0.31,5.230000019073486,5.25,5.005000114440918,25987900.0,5.02,CLOSED_LOSS,-0.18,HOSTILE,LIMIT,9,COMPRESSION,2026-08-21_1723,2026-07-30
SOUN,SHORT,CONVICTION,60.5,BEAR_REJECTION_PENDING,5.92,6.31,5.17,,255,1.9,6.139999866485596,6.190000057220459,5.699999809265137,26689600.0,5.86,CLOSED_LOSS,-0.56,HOSTILE,LIMIT,20,COMPRESSION,2026-08-21_1723,2026-07-30
AUR,SHORT,CONVICTION,60.5,BEAR_REJECTION_PENDING,5.98,6.1,5.15,5.58,815,6.77,6.239999771118164,6.25,5.650000095367432,30522300.0,5.05,STOPPED,-1.0,HOSTILE,LIMIT,20,COMPRESSION,2026-08-21_1723,2026-07-30
CBRL,SHORT,CONVICTION,60.4,BEAR_REJECTION_PENDING,56.95,57.79,54.09,52.73,119,3.42,57.08000183105469,57.43000030517578,55.25,704100.0,1.22,CLOSED_LOSS,-0.15,HOSTILE,LIMIT,6,CONVICTION,2026-08-21_1723,2026-07-30
COTY,SHORT,CONVICTION,60.4,BEAR_REJECTION_PENDING,2.73,2.78,2.42,2.49,2211,6.86,2.690000057220459,2.7100000381469727,2.640000104904175,6276100.0,-0.74,NO_FILL,0.0,HOSTILE,LIMIT,18,COMPRESSION,2026-08-21_1723,2026-07-30
RZLV,SHORT,CONVICTION,60.4,BEAR_REJECTION_PENDING,2.31,2.61,2.19,,324,0.37,2.380000114440918,2.380000114440918,2.2799999713897705,7351000.0,5.31,CLOSED_LOSS,-0.23,HOSTILE,LIMIT,20,COMPRESSION,2026-08-21_1723,2026-07-30
DBRG,SHORT,CONVICTION,60.3,BEAR_REJECTION_PENDING,15.86,15.95,15.28,15.26,1119,6.55,15.850000381469727,15.850000381469727,15.805000305175781,1619800.0,0.13,NO_FILL,0.0,HOSTILE,LIMIT,20,MINOR,2026-08-21_1723,2026-07-30
FPS,SHORT,CONVICTION,60.3,BEAR_REJECTION_PENDING,30.5,32.61,28.97,,47,0.72,33.279998779296875,33.58000183105469,30.649999618530273,12078900.0,11.3,STOPPED,-1.0,HOSTILE,LIMIT,20,COMPRESSION,2026-08-21_1723,2026-07-30
CMND,SHORT,CONVICTION,60.3,BEAR_REJECTION_PENDING,1.49,1.57,1.41,,1306,0.97,1.6200000047683716,1.6299999952316284,1.4500000476837158,169600.0,10.96,STOPPED,-1.0,HOSTILE,LIMIT,8,MINOR,2026-08-21_1723,2026-07-30
SNAP,SHORT,CONVICTION,60.2,BEAR_REJECTION_PENDING,4.82,5.19,4.08,,276,2.06,4.690000057220459,4.71999979019165,4.599999904632568,27239700.0,-0.85,NO_FILL,0.0,HOSTILE,LIMIT,15,COMPRESSION,2026-08-21_1723,2026-07-30
