ticker,setup,side,score,entry,stop,target,secondary_target,shares,rr,spy_regime,rel_vol,current_price,ath_status,pct_from_52w_high,high_52w,float_rotation,float_rotation_label,obv_macro_state,exhaustion_warning,primitives_json,reasons,notes,timestamp
ADPT,BULL_BOUNCE_PENDING,LONG,70.9,23.85,22.22,25.05,,61,0.73,FAVORABLE,1.91,24.34,BLUE_SKY,0.0,24.34,0.0332,3.3% (normal),FALLING,False,"{""structural_anchor_below"": 14.0, ""high_genesis_rank"": 13.9, ""moderate_pullback"": 8.0, ""obv_falling_pending"": -2.0, ""rel_vol_normal+"": 4.0, ""float_rot_quiet"": -2.0, ""regime_favorable"": 5.0}","PENDING: wait for pullback to $22.62 (weekly 17tk COMPRESSION gap body) | 6.7% below — moderate pullback, sweet spot (49% WR) | OBV softer near-term — normal during pullback wait | SPY FAVORABLE",LIMIT BUY @ $23.85 (2% pullback cap; anchor at $22.62 too far). Stop $22.22. Anchor: weekly 17tk.,2026-07-31T05:10:05
UPWK,BULL_BOUNCE_CONFIRMED,LONG,78.0,9.42,8.81,10.41,,162,1.61,FAVORABLE,1.22,9.42,DEEP_BELOW,-0.5876,22.84,0.0307,3.1% (normal),FALLING,False,"{""ascending_channel"": 14.0, ""confirmed_recovery"": 12.0, ""current_anchor_eligible"": 14.0, ""multiple_touches"": 16.0, ""obv_rising"": 8.0, ""vol_normal+"": 4.0, ""regime_favorable"": 5.0, ""rejection_staircase"": 5.0}",ASC channel detected on 5m (score 100) | recovered 2.8% from recent low $9.16 | bounce at 1h 29tk @ $9.28 (None) | 7 prior bull-rail touches | OBV rising — accumulation underneath | SPY FAVORABLE | staircase: 1 prior distinct rejection(s) below — prev = daily 14tk @ $8.91,"Channel: 5m ASC, rails $9.16-$9.23. Recent low $9.16 → now $9.42 (+2.8%)",2026-07-31T05:10:04
UPWK,BULL_BOUNCE_PENDING,LONG,66.4,9.23,8.78,10.41,10.41,219,2.58,FAVORABLE,1.22,9.42,DEEP_BELOW,-0.5876,22.84,0.0307,3.1% (normal),FALLING,False,"{""structural_anchor_below"": 14.0, ""high_genesis_rank"": 13.4, ""moderate_pullback"": 8.0, ""obv_falling_pending"": -2.0, ""float_rot_quiet"": -2.0, ""regime_favorable"": 5.0}","PENDING: wait for pullback to $8.91 (daily 14tk COMPRESSION gap body) | 4.7% below — moderate pullback, sweet spot (49% WR) | OBV softer near-term — normal during pullback wait | SPY FAVORABLE",LIMIT BUY @ $9.23 (2% pullback cap; anchor at $8.91 too far). Stop $8.78. Anchor: daily 14tk.,2026-07-31T05:10:04
WAY,BULL_BOUNCE_PENDING,LONG,85.4,22.48,20.56,23.6,,51,0.58,FAVORABLE,2.34,20.95,DEEP_BELOW,-0.4948,41.47,0.0349,3.5% (normal),RISING,False,"{""structural_anchor_below"": 14.0, ""high_genesis_rank"": 12.4, ""moderate_pullback"": 8.0, ""obv_rising"": 8.0, ""rel_vol_normal+"": 4.0, ""float_rot_quiet"": -2.0, ""breakout_volume_surge"": 6.0, ""regime_favorable"": 5.0, ""breakout_follow_promotion"": 0.0}","BUY-STOP: tape already cleared the $19.95 anchor - enter on strength above today's high, no pullback | 4.5% below — moderate pullback, sweet spot (49% WR) | OBV rising — accumulation underneath | breakout volume surge — real demand active | SPY FAVORABLE | BREAKOUT_FOLLOW: open $21.47 cleared anchor $19.95, 2/4 strength, regime FAVORABLE — buy-stop $22.48, 1.5xATR stop","BUY-STOP @ $22.48 (above today's high $22.45). Stop $20.56 (1.5xATR). Score 85, strength=2/4, regime=FAVORABLE. BREAKOUT_FOLLOW.",2026-07-31T05:10:04
WAY,BEAR_REJECTION_PENDING,SHORT,82.6,21.37,23.66,20.3,,10,0.47,FAVORABLE,2.34,20.95,DEEP_BELOW,-0.4948,41.47,0.0349,3.5% (normal),RISING,False,"{""structural_anchor_above"": 14.0, ""huge_anchor"": 14.0, ""high_genesis_rank"": 14.6, ""conviction_tier"": 10.0, ""near_rally"": 8.0, ""regime_favorable_hurts_short"": -8.0, ""obv_rising_against_short"": 0.0}","PENDING: wait for rally to $21.47 (daily 208tk CONVICTION bear gap) | only 2.5% above current — close rally | SPY FAVORABLE — short is countertrend, lower probability | OBV rising — possible trapped buyers under resistance (neutral) | COUNTER-TREND: opposes dominant LONG read (top score 85) - sized to 1/4 risk",LIMIT SHORT @ $21.37 (2% rally cap; anchor at $21.47 too far). Stop $23.66. Anchor: daily 208tk bear.,2026-07-31T05:10:04
NET,BULL_BOUNCE_PENDING,LONG,67.0,282.7,278.45,296.83,,23,3.33,FAVORABLE,1.05,283.9309,NEAR_HIGH,-0.0243,291.0,0.0089,0.9% (normal),RISING,False,"{""structural_anchor_below"": 14.0, ""large_anchor"": 10.0, ""vacuum_tier"": 6.0, ""near_pullback"": -4.0, ""obv_rising"": 8.0, ""float_rot_quiet"": -2.0, ""regime_favorable"": 5.0}","PENDING: wait for pullback to $282.70 (1m 138tk VACUUM gap body) | only 0.2% below — shallow entry, historically weak (22% WR) | OBV rising — accumulation underneath | SPY FAVORABLE",LIMIT BUY @ $282.70 on pullback (0.2% below current $283.93). Stop $278.45. Anchor: 1m 138tk.,2026-07-31T05:10:03
VSAT,BEAR_REJECTION_PENDING,SHORT,69.2,80.71,84.22,72.78,67.39,28,2.26,FAVORABLE,1.04,79.13,BELOW,-0.1494,93.03,0.016,1.6% (normal),FALLING,False,"{""structural_anchor_above"": 14.0, ""huge_anchor"": 14.0, ""high_genesis_rank"": 13.2, ""vacuum_tier"": 6.0, ""moderate_rally"": 4.0, ""regime_favorable_hurts_short"": -8.0, ""ascending_channel_headwind"": -10.0, ""obv_falling"": 6.0}","PENDING: wait for rally to $81.51 (daily 229tk VACUUM bear gap) | SPY FAVORABLE — short is countertrend, lower probability | ASC channel active (daily) — short fights rising structure | OBV falling — distribution confirms short thesis",LIMIT SHORT @ $80.71 (2% rally cap; anchor at $81.51 too far). Stop $84.22. Anchor: daily 229tk bear.,2026-07-31T05:10:04
FBIN,BULL_BOUNCE_PENDING,LONG,83.8,48.27,45.73,53.1,54.73,39,1.91,FAVORABLE,0.79,49.25,BELOW,-0.2404,64.84,0.0144,1.4% (normal),RISING,False,"{""structural_anchor_below"": 14.0, ""huge_anchor"": 8.0, ""high_genesis_rank"": 14.8, ""conviction_tier"": 10.0, ""near_pullback"": -4.0, ""obv_rising"": 8.0, ""float_rot_quiet"": -2.0, ""regime_favorable"": 5.0}","PENDING: wait for pullback to $47.48 (weekly 305tk CONVICTION gap body) | only 0.5% below — shallow entry, historically weak (22% WR) | OBV rising — accumulation underneath | SPY FAVORABLE",LIMIT BUY @ $48.27 (2% pullback cap; anchor at $47.48 too far). Stop $45.73. Anchor: weekly 305tk.,2026-07-31T05:10:07
FBIN,BEAR_REJECTION_PENDING,SHORT,77.7,49.36,51.35,45.0,44.8,12,2.2,FAVORABLE,0.79,49.25,BELOW,-0.2404,64.84,0.0144,1.4% (normal),RISING,False,"{""structural_anchor_above"": 14.0, ""large_anchor"": 10.0, ""high_genesis_rank"": 13.6, ""conviction_tier"": 10.0, ""near_rally"": 8.0, ""regime_favorable_hurts_short"": -8.0, ""obv_rising_against_short"": 0.0}","PENDING: wait for rally to $49.36 (daily 174tk CONVICTION bear gap) | only 0.2% above current — close rally | SPY FAVORABLE — short is countertrend, lower probability | OBV rising — possible trapped buyers under resistance (neutral) | COUNTER-TREND: opposes dominant LONG read (top score 84) - sized to 1/4 risk",LIMIT SHORT @ $49.36 on rally (0.2% above current $49.25). Stop $51.35. Anchor: daily 174tk bear.,2026-07-31T05:10:07
LILAK,BULL_BOUNCE_CONFIRMED,LONG,73.9,7.99,7.67,8.85,,309,2.64,FAVORABLE,0.71,7.99,NEAR_HIGH,-0.0544,8.45,0.0051,0.5% (normal),RISING,False,"{""ascending_channel"": 14.0, ""confirmed_recovery"": 12.0, ""current_anchor_eligible"": 14.0, ""anchor_high_genesis_rank"": 7.9, ""multiple_touches"": 16.0, ""obv_rising"": 8.0, ""regime_favorable"": 5.0, ""no_prior_staircase"": -3.0}",ASC channel detected on 5m (score 82) | recovered 2.3% from recent low $7.81 | bounce at 1h 13tk @ $7.77 (MINOR) | 6 prior bull-rail touches | OBV rising — accumulation underneath | SPY FAVORABLE | no prior distinct rejection — stop below current anchor,"Channel: 5m ASC, rails $7.98-$8.04. Recent low $7.81 → now $7.99 (+2.3%)",2026-07-31T05:10:04
LILAK,BULL_BOUNCE_PENDING,LONG,62.9,7.83,7.67,8.85,8.4,610,6.2,FAVORABLE,0.71,7.99,NEAR_HIGH,-0.0544,8.45,0.0051,0.5% (normal),RISING,False,"{""structural_anchor_below"": 14.0, ""high_genesis_rank"": 11.9, ""near_pullback"": -4.0, ""obv_rising"": 8.0, ""float_rot_quiet"": -2.0, ""regime_favorable"": 5.0}","PENDING: wait for pullback to $7.77 (1h 13tk MINOR gap body) | only 2.0% below — shallow entry, historically weak (22% WR) | OBV rising — accumulation underneath | SPY FAVORABLE",LIMIT BUY @ $7.83 (2% pullback cap; anchor at $7.77 too far). Stop $7.67. Anchor: 1h 13tk.,2026-07-31T05:10:04
LGCL,CHANNEL_RECLAIM_LONG,LONG,61.0,1.31,1.18,1.38,,777,0.51,FAVORABLE,0.02,1.31,DEEP_BELOW,-0.9504,26.4,0.0028,0.3% (normal),RISING,False,"{""recent_breakdown"": 10.0, ""reclaim_in_progress"": 16.0, ""ascending_channel"": 10.0, ""anchor_held"": 12.0, ""obv_rising"": 8.0, ""regime_favorable"": 5.0}",recent low $1.22 dipped below rail $1.25 | price $1.31 now back inside channel — reclaim attempt | ASC channel (5m) | anchor: 1h 10tk @ $1.27 held | OBV rising — accumulation underneath reclaim | SPY FAVORABLE,"Channel: 5m ASC, breakdown reclaimed. Validated low $1.22 → now $1.31",2026-07-31T05:10:07
IMNM,BULL_BOUNCE_PENDING,LONG,63.8,23.32,22.54,26.16,25.92,127,3.6,FAVORABLE,0.51,23.8,BELOW,-0.1392,27.65,0.0053,0.5% (normal),RISING,False,"{""structural_anchor_below"": 14.0, ""high_genesis_rank"": 0.8, ""moderate_pullback"": 8.0, ""obv_rising"": 8.0, ""float_rot_quiet"": -2.0, ""regime_favorable"": 5.0}","PENDING: wait for pullback to $22.85 (10m 31tk MINOR gap body) | 3.4% below — moderate pullback, sweet spot (49% WR) | OBV rising — accumulation underneath | SPY FAVORABLE",LIMIT BUY @ $23.32 (2% pullback cap; anchor at $22.85 too far). Stop $22.54. Anchor: 10m 31tk.,2026-07-31T05:10:04
MBX,BULL_BOUNCE_PENDING,LONG,68.8,64.68,62.91,67.91,,56,1.83,FAVORABLE,0.72,66.0,BLUE_SKY,-0.0099,66.66,0.0115,1.2% (normal),RISING,False,"{""structural_anchor_below"": 14.0, ""medium_anchor"": 6.0, ""high_genesis_rank"": 11.8, ""near_pullback"": -4.0, ""obv_rising"": 8.0, ""float_rot_quiet"": -2.0, ""regime_favorable"": 5.0}","PENDING: wait for pullback to $64.40 (daily 89tk MINOR gap body) | only 1.8% below — shallow entry, historically weak (22% WR) | OBV rising — accumulation underneath | SPY FAVORABLE",LIMIT BUY @ $64.68 (2% pullback cap; anchor at $64.40 too far). Stop $62.91. Anchor: daily 89tk.,2026-07-31T05:10:04
BVS,BULL_BOUNCE_PENDING,LONG,81.4,13.36,12.52,14.03,,119,0.8,FAVORABLE,0.84,13.18,NEAR_HIGH,-0.0273,13.55,0.0089,0.9% (normal),RISING,False,"{""structural_anchor_below"": 14.0, ""medium_anchor"": 6.0, ""high_genesis_rank"": 12.4, ""moderate_pullback"": 8.0, ""obv_rising"": 8.0, ""float_rot_quiet"": -2.0, ""regime_favorable"": 5.0, ""breakout_follow_promotion"": 0.0}","BUY-STOP: tape already cleared the $12.24 anchor - enter on strength above today's high, no pullback | 4.1% below — moderate pullback, sweet spot (49% WR) | OBV rising — accumulation underneath | SPY FAVORABLE | BREAKOUT_FOLLOW: open $13.13 cleared anchor $12.24, 2/4 strength, regime FAVORABLE — buy-stop $13.36, 1.5xATR stop","BUY-STOP @ $13.36 (above today's high $13.35). Stop $12.52 (1.5xATR). Score 81, strength=2/4, regime=FAVORABLE. BREAKOUT_FOLLOW.",2026-07-31T05:10:03
LGHL,BULL_BOUNCE_PENDING,LONG,68.0,0.96,0.75,1.01,,460,0.22,FAVORABLE,0.23,0.9843,DEEP_BELOW,-0.9971,334.62,1.6722,167.2% (FULL ROTATION — exhaustion signal),RISING,False,"{""structural_anchor_below"": 14.0, ""moderate_pullback"": 8.0, ""obv_rising"": 8.0, ""rel_vol_quiet_pending"": -1.0, ""float_rot_in_play"": 4.0, ""regime_favorable"": 5.0}","PENDING: wait for pullback to $0.93 (15m 1tk MINOR gap body) | 4.7% below — moderate pullback, sweet spot (49% WR) | OBV rising — accumulation underneath | float rotation 1.67x — supply rotating, in play | SPY FAVORABLE",LIMIT BUY @ $0.96 (2% pullback cap; anchor at $0.93 too far). Stop $0.75. Anchor: 15m 1tk.,2026-07-31T05:10:05
BIYA,BULL_BOUNCE_CONFIRMED,LONG,61.0,4.09,2.42,4.29,,59,0.12,FAVORABLE,0.21,4.09,DEEP_BELOW,-0.9797,201.05,0.6445,64.4% (heavy — watch parabolic),RISING,False,"{""ascending_channel"": 14.0, ""confirmed_recovery"": 12.0, ""current_anchor_eligible"": 14.0, ""multiple_touches"": 4.0, ""obv_rising"": 8.0, ""vol_weak"": -6.0, ""regime_favorable"": 5.0, ""rejection_staircase"": 10.0}",ASC channel detected on 4h (score 54) | recovered 2.9% from recent low $3.98 | bounce at 5m 11tk @ $4.00 (MINOR) | 2 prior bull-rail touches | OBV rising — accumulation underneath | today's volume weak — bounce lacks conviction | SPY FAVORABLE | staircase: 2 prior distinct rejection(s) below — prev = daily 51tk @ $2.68,"Channel: 4h ASC, rails $3.90-$6.90. Recent low $3.98 → now $4.09 (+2.9%)",2026-07-31T05:10:03
BIYA,CHANNEL_RECLAIM_LONG,LONG,61.0,4.09,2.63,4.29,,68,0.14,FAVORABLE,0.21,4.09,DEEP_BELOW,-0.9797,201.05,0.6445,64.4% (heavy — watch parabolic),RISING,False,"{""recent_breakdown"": 10.0, ""reclaim_in_progress"": 16.0, ""ascending_channel"": 10.0, ""anchor_held"": 12.0, ""obv_rising"": 8.0, ""regime_favorable"": 5.0}",recent low $2.66 dipped below rail $3.90 | price $4.09 now back inside channel — reclaim attempt | ASC channel (4h) | anchor: 5m 14tk @ $3.91 held | OBV rising — accumulation underneath reclaim | SPY FAVORABLE,"Channel: 4h ASC, breakdown reclaimed. Validated low $2.66 → now $4.09",2026-07-31T05:10:03
DFNS,BULL_BOUNCE,LONG,74.0,53.5,43.68,103.73,,10,5.11,FAVORABLE,1.14,53.5,DEEP_BELOW,-0.8403,335.0,9.5892,958.9% (EXTREME — almost always reverts),RISING,False,"{""ascending_channel"": 18.0, ""at_lower_rail"": 14.0, ""anchor_eligible"": 12.0, ""multiple_touches"": 16.0, ""obv_rising"": 6.0, ""rel_vol_normal+"": 3.0, ""regime_favorable"": 5.0}",ASC channel detected on 30m (score 61) | price at lower rail ($52.64) | anchor: 30m 315tk @ $24.37 | 6 prior bull-rail touches | OBV rising — accumulation underneath | SPY FAVORABLE,"Channel: 30m ASC, rails $52.64-$103.73",2026-07-31T05:10:05
DFNS,BULL_BOUNCE_PENDING,LONG,66.9,52.48,49.54,57.0,60.26,33,1.53,FAVORABLE,1.14,53.5,DEEP_BELOW,-0.8403,335.0,9.5892,958.9% (EXTREME — almost always reverts),RISING,False,"{""structural_anchor_below"": 14.0, ""medium_anchor"": 6.0, ""high_genesis_rank"": 4.9, ""near_pullback"": -4.0, ""obv_rising"": 8.0, ""float_rot_parabolic"": 6.0, ""sector_bottom_quartile"": -3.0, ""regime_favorable"": 5.0}","PENDING: wait for pullback to $52.48 (10m 93tk MINOR gap body) | only 1.0% below — shallow entry, historically weak (22% WR) | OBV rising — accumulation underneath | float rotation 9.59x — parabolic engagement | INDUSTRIAL WEAK (WEAK) — sector headwind | SPY FAVORABLE",LIMIT BUY @ $52.48 on pullback (1.0% below current $53.50). Stop $49.54. Anchor: 10m 93tk.,2026-07-31T05:10:05
DFNS,CHANNEL_RECLAIM_LONG,LONG,61.0,53.5,48.53,56.18,,20,0.54,FAVORABLE,1.14,53.5,DEEP_BELOW,-0.8403,335.0,9.5892,958.9% (EXTREME — almost always reverts),RISING,False,"{""recent_breakdown"": 10.0, ""reclaim_in_progress"": 16.0, ""ascending_channel"": 10.0, ""anchor_held"": 12.0, ""obv_rising"": 8.0, ""regime_favorable"": 5.0}",recent low $49.02 dipped below rail $52.64 | price $53.50 now back inside channel — reclaim attempt | ASC channel (30m) | anchor: 30m 315tk @ $24.37 held | OBV rising — accumulation underneath reclaim | SPY FAVORABLE,"Channel: 30m ASC, breakdown reclaimed. Validated low $49.02 → now $53.50",2026-07-31T05:10:05
GMEX,BULL_BOUNCE_PENDING,LONG,65.0,1.3,1.18,1.51,,815,1.72,FAVORABLE,1.9,1.33,DEEP_BELOW,-0.9876,106.85,6.6745,667.5% (EXTREME — almost always reverts),FALLING,False,"{""structural_anchor_below"": 14.0, ""moderate_pullback"": 8.0, ""obv_falling_pending"": -2.0, ""rel_vol_normal+"": 4.0, ""float_rot_parabolic"": 6.0, ""regime_favorable"": 5.0}","PENDING: wait for pullback to $1.26 (5m 3tk MINOR gap body) | 4.5% below — moderate pullback, sweet spot (49% WR) | OBV softer near-term — normal during pullback wait | float rotation 6.67x — parabolic engagement | SPY FAVORABLE",LIMIT BUY @ $1.30 (2% pullback cap; anchor at $1.26 too far). Stop $1.18. Anchor: 5m 3tk.,2026-07-31T05:10:03
OMH,BULL_BOUNCE_PENDING,LONG,64.0,0.12,0.09,0.13,,3400,0.21,FAVORABLE,0.23,0.1245,DEEP_BELOW,-0.9432,2.19,0.3242,32.4% (active),RISING,False,"{""structural_anchor_below"": 14.0, ""moderate_pullback"": 8.0, ""obv_rising"": 8.0, ""rel_vol_quiet_pending"": -1.0, ""regime_favorable"": 5.0}","PENDING: wait for pullback to $0.12 (45m 1tk MINOR gap body) | 3.7% below — moderate pullback, sweet spot (49% WR) | OBV rising — accumulation underneath | SPY FAVORABLE",LIMIT BUY @ $0.12 (2% pullback cap; anchor at $0.12 too far). Stop $0.09. Anchor: 45m 1tk.,2026-07-31T05:10:04
OTLK,BULL_BOUNCE_PENDING,LONG,63.6,1.01,0.95,1.11,1.16,1602,1.6,FAVORABLE,0.67,1.03,DEEP_BELOW,-0.6962,3.39,0.0531,5.3% (normal),RISING,False,"{""structural_anchor_below"": 14.0, ""high_genesis_rank"": 12.6, ""near_pullback"": -4.0, ""obv_rising"": 8.0, ""float_rot_quiet"": -2.0, ""regime_favorable"": 5.0}","PENDING: wait for pullback to $1.01 (daily 3tk MINOR gap body) | only 1.0% below — shallow entry, historically weak (22% WR) | OBV rising — accumulation underneath | SPY FAVORABLE",LIMIT BUY @ $1.01 on pullback (1.0% below current $1.03). Stop $0.95. Anchor: daily 3tk.,2026-07-31T05:10:04
ZCMD,BULL_BOUNCE_PENDING,LONG,66.0,1.11,0.85,1.17,,384,0.21,FAVORABLE,0.41,1.135,DEEP_BELOW,-0.9988,967.2,0.8696,87.0% (heavy — watch parabolic),RISING,False,"{""structural_anchor_below"": 14.0, ""moderate_pullback"": 8.0, ""obv_rising"": 8.0, ""rel_vol_quiet_pending"": -1.0, ""float_rot_active"": 2.0, ""regime_favorable"": 5.0}","PENDING: wait for pullback to $1.06 (45m 2tk MINOR gap body) | 5.7% below — moderate pullback, sweet spot (49% WR) | OBV rising — accumulation underneath | SPY FAVORABLE",LIMIT BUY @ $1.11 (2% pullback cap; anchor at $1.06 too far). Stop $0.85. Anchor: 45m 2tk.,2026-07-31T05:10:05
ELPW,BULL_BOUNCE_PENDING,LONG,61.0,0.18,0.16,0.19,,4924,0.45,FAVORABLE,0.16,0.1881,DEEP_BELOW,-1.0,5696.0,0.2076,20.8% (active),RISING,False,"{""structural_anchor_below"": 14.0, ""moderate_pullback"": 8.0, ""obv_rising"": 8.0, ""rel_vol_quiet_pending"": -1.0, ""sector_bottom_quartile"": -3.0, ""regime_favorable"": 5.0}","PENDING: wait for pullback to $0.18 (1m 1tk MINOR gap body) | 4.7% below — moderate pullback, sweet spot (49% WR) | OBV rising — accumulation underneath | INDUSTRIAL WEAK (WEAK) — sector headwind | SPY FAVORABLE",LIMIT BUY @ $0.18 (2% pullback cap; anchor at $0.18 too far). Stop $0.16. Anchor: 1m 1tk.,2026-07-31T05:10:04
INTC,BULL_BOUNCE_PENDING,LONG,62.0,95.16,92.76,105.98,109.84,41,4.52,FAVORABLE,1.19,96.65,DEEP_BELOW,-0.321,142.35,0.0278,2.8% (normal),FALLING,False,"{""structural_anchor_below"": 14.0, ""large_anchor"": 10.0, ""high_genesis_rank"": 5.0, ""vacuum_tier"": 6.0, ""near_pullback"": -4.0, ""obv_falling_pending"": -2.0, ""float_rot_quiet"": -2.0, ""regime_favorable"": 5.0}","PENDING: wait for pullback to $95.16 (45m 169tk VACUUM gap body) | only 0.7% below — shallow entry, historically weak (22% WR) | OBV softer near-term — normal during pullback wait | SPY FAVORABLE",LIMIT BUY @ $95.16 on pullback (0.7% below current $96.65). Stop $92.76. Anchor: 45m 169tk.,2026-07-31T05:12:10
SPCX,BULL_BOUNCE_PENDING,LONG,69.3,113.43,111.03,127.43,120.33,41,5.83,FAVORABLE,0.79,114.87,DEEP_BELOW,-0.4909,225.64,0.0043,0.4% (normal),RISING,False,"{""structural_anchor_below"": 14.0, ""large_anchor"": 10.0, ""high_genesis_rank"": 5.3, ""vacuum_tier"": 6.0, ""near_pullback"": -4.0, ""obv_rising"": 8.0, ""float_rot_quiet"": -2.0, ""sector_bottom_quartile"": -3.0, ""regime_favorable"": 5.0}","PENDING: wait for pullback to $113.43 (1h 114tk VACUUM gap body) | only 0.8% below — shallow entry, historically weak (22% WR) | OBV rising — accumulation underneath | INDUSTRIAL WEAK (WEAK) — sector headwind | SPY FAVORABLE",LIMIT BUY @ $113.43 on pullback (0.8% below current $114.87). Stop $111.03. Anchor: 1h 114tk.,2026-07-31T05:11:47
VTAK,BULL_BOUNCE_PENDING,LONG,62.8,0.27,0.21,0.28,,1727,0.23,FAVORABLE,0.04,0.2715,DEEP_BELOW,-0.937,4.31,0.1867,18.7% (active),RISING,False,"{""structural_anchor_below"": 14.0, ""high_genesis_rank"": 2.8, ""far_pullback"": 4.0, ""obv_rising"": 8.0, ""rel_vol_quiet_pending"": -1.0, ""regime_favorable"": 5.0}","PENDING: wait for pullback to $0.24 (1h 1tk MINOR gap body) | 10.2% below — far pullback, patience required but edge is real (52% WR) | OBV rising — accumulation underneath | SPY FAVORABLE",LIMIT BUY @ $0.27 (2% pullback cap; anchor at $0.24 too far). Stop $0.21. Anchor: 1h 1tk.,2026-07-31T05:11:16
COMP,BULL_BOUNCE_PENDING,LONG,61.6,11.26,11.01,12.0,12.18,407,3.01,FAVORABLE,0.55,11.49,BELOW,-0.1766,13.96,0.0092,0.9% (normal),RISING,True,"{""structural_anchor_below"": 14.0, ""high_genesis_rank"": 13.6, ""near_pullback"": -4.0, ""obv_rising"": 8.0, ""exhaustion_warning"": -3.0, ""float_rot_quiet"": -2.0, ""regime_favorable"": 5.0}","PENDING: wait for pullback to $11.23 (daily 34tk COMPRESSION gap body) | only 0.8% below — shallow entry, historically weak (22% WR) | OBV rising — accumulation underneath | exhaustion: +3.5% over 5d on declining volume (-7.8%/day), no capitulation in last 10d, $0.13 (0.2× ATR) to daily 25tk bear gap | SPY FAVORABLE",LIMIT BUY @ $11.26 (2% pullback cap; anchor at $11.23 too far). Stop $11.01. Anchor: daily 34tk.,2026-07-31T05:11:39
DYN,BULL_BOUNCE_PENDING,LONG,77.2,25.38,24.34,29.3,,95,3.74,FAVORABLE,0.7,25.9,BLUE_SKY,-0.0137,26.26,0.0103,1.0% (normal),RISING,False,"{""structural_anchor_below"": 14.0, ""high_genesis_rank"": 14.2, ""moderate_pullback"": 8.0, ""obv_rising"": 8.0, ""float_rot_quiet"": -2.0, ""regime_favorable"": 5.0}","PENDING: wait for pullback to $24.78 (weekly 45tk COMPRESSION gap body) | 3.5% below — moderate pullback, sweet spot (49% WR) | OBV rising — accumulation underneath | SPY FAVORABLE",LIMIT BUY @ $25.38 (2% pullback cap; anchor at $24.78 too far). Stop $24.34. Anchor: weekly 45tk.,2026-07-31T05:11:36
TXG,BULL_BOUNCE_CONFIRMED,LONG,67.0,50.0,47.06,52.5,,34,0.85,FAVORABLE,0.79,49.9997,BLUE_SKY,0.0032,49.84,0.0178,1.8% (normal),RISING,False,"{""ascending_channel"": 14.0, ""confirmed_recovery"": 12.0, ""current_anchor_eligible"": 14.0, ""multiple_touches"": 12.0, ""regime_favorable"": 5.0, ""rejection_staircase"": 10.0}",ASC channel detected on 5m (score 90) | recovered 2.1% from recent low $48.98 | bounce at 1h 98tk @ $49.45 (MINOR) | 4 prior bull-rail touches | SPY FAVORABLE | staircase: 2 prior distinct rejection(s) below — prev = daily 64tk @ $47.61,"Channel: 5m ASC, rails $48.15-$48.58. Recent low $48.98 → now $50.00 (+2.1%)",2026-07-31T05:12:05
CERS,BULL_BOUNCE,LONG,61.0,2.47,2.31,2.78,,612,1.9,FAVORABLE,0.89,2.47,BELOW,-0.2881,3.47,0.0097,1.0% (normal),RISING,False,"{""ascending_channel"": 18.0, ""at_lower_rail"": 14.0, ""anchor_eligible"": 12.0, ""anchor_high_genesis_rank"": 0.0, ""multiple_touches"": 12.0, ""regime_favorable"": 5.0}",ASC channel detected on 5m (score 66) | price at lower rail ($2.41) | anchor: 10m 5tk @ $2.43 | 4 prior bull-rail touches | SPY FAVORABLE,"Channel: 5m ASC, rails $2.41-$2.94",2026-07-31T05:11:10
ACHC,BULL_BOUNCE_PENDING,LONG,71.1,27.69,24.56,29.08,,31,0.44,FAVORABLE,1.06,28.26,BELOW,-0.2113,35.83,0.037,3.7% (normal),RISING,False,"{""structural_anchor_below"": 14.0, ""high_genesis_rank"": 12.1, ""far_pullback"": 4.0, ""obv_rising"": 8.0, ""float_rot_quiet"": -2.0, ""regime_favorable"": 5.0}","PENDING: wait for pullback to $25.16 (daily 42tk COMPRESSION gap body) | 10.2% below — far pullback, patience required but edge is real (52% WR) | OBV rising — accumulation underneath | SPY FAVORABLE",LIMIT BUY @ $27.69 (2% pullback cap; anchor at $25.16 too far). Stop $24.56. Anchor: daily 42tk.,2026-07-31T05:11:34
RLAY,BULL_BOUNCE_PENDING,LONG,63.0,19.06,18.2,20.69,,116,1.89,FAVORABLE,0.68,19.45,NEAR_HIGH,-0.0645,20.79,0.0086,0.9% (normal),RISING,False,"{""structural_anchor_below"": 14.0, ""moderate_pullback"": 8.0, ""obv_rising"": 8.0, ""float_rot_quiet"": -2.0, ""regime_favorable"": 5.0}","PENDING: wait for pullback to $18.54 (5m 22tk MINOR gap body) | 4.2% below — moderate pullback, sweet spot (49% WR) | OBV rising — accumulation underneath | SPY FAVORABLE",LIMIT BUY @ $19.06 (2% pullback cap; anchor at $18.54 too far). Stop $18.2. Anchor: 5m 22tk.,2026-07-31T05:12:11
NEO,BULL_BOUNCE,LONG,78.0,16.05,11.67,28.26,,22,2.79,FAVORABLE,1.7,16.05,BLUE_SKY,-0.0074,16.17,0.0413,4.1% (normal),RISING,False,"{""ascending_channel"": 18.0, ""at_lower_rail"": 14.0, ""anchor_eligible"": 12.0, ""anchor_high_genesis_rank"": 10.0, ""multiple_touches"": 16.0, ""rel_vol_normal+"": 3.0, ""regime_favorable"": 5.0}",ASC channel detected on daily (score 63) | price at lower rail ($11.85) | anchor: daily 187tk @ $14.34 | 8 prior bull-rail touches | SPY FAVORABLE,"Channel: daily ASC, rails $11.85-$28.26",2026-07-31T05:11:36
GH,BULL_BOUNCE_PENDING,LONG,71.0,158.2,155.63,171.08,171.87,38,5.0,FAVORABLE,1.26,160.95,NEAR_HIGH,-0.0754,174.08,0.0206,2.1% (normal),RISING,False,"{""structural_anchor_below"": 14.0, ""huge_anchor"": 8.0, ""high_genesis_rank"": 6.0, ""vacuum_tier"": 6.0, ""near_pullback"": -4.0, ""obv_rising"": 8.0, ""float_rot_quiet"": -2.0, ""regime_favorable"": 5.0}","PENDING: wait for pullback to $158.20 (10m 360tk VACUUM gap body) | only 0.6% below — shallow entry, historically weak (22% WR) | OBV rising — accumulation underneath | SPY FAVORABLE",LIMIT BUY @ $158.20 on pullback (0.6% below current $160.95). Stop $155.63. Anchor: 10m 360tk.,2026-07-31T05:11:46
UA,BULL_BOUNCE_PENDING,LONG,63.0,6.66,6.35,7.28,,327,2.04,FAVORABLE,0.88,6.7929,BELOW,-0.1409,7.91,0.0051,0.5% (normal),RISING,False,"{""structural_anchor_below"": 14.0, ""moderate_pullback"": 8.0, ""obv_rising"": 8.0, ""float_rot_quiet"": -2.0, ""regime_favorable"": 5.0}","PENDING: wait for pullback to $6.46 (15m 9tk MINOR gap body) | 4.3% below — moderate pullback, sweet spot (49% WR) | OBV rising — accumulation underneath | SPY FAVORABLE",LIMIT BUY @ $6.66 (2% pullback cap; anchor at $6.46 too far). Stop $6.35. Anchor: 15m 9tk.,2026-07-31T05:11:43
VRNS,BULL_BOUNCE_PENDING,LONG,93.8,39.92,37.92,45.48,45.3,50,2.79,FAVORABLE,1.15,39.92,DEEP_BELOW,-0.3753,63.9,0.0214,2.1% (normal),RISING,False,"{""structural_anchor_below"": 14.0, ""large_anchor"": 10.0, ""high_genesis_rank"": 14.8, ""conviction_tier"": 10.0, ""far_pullback"": 4.0, ""obv_rising"": 8.0, ""float_rot_quiet"": -2.0, ""regime_favorable"": 5.0}","MARKET: score 94 CONVICTION - take entry now at $39.92, not waiting for the $35.69 pullback | 8.9% below — far pullback, patience required but edge is real (52% WR) | OBV rising — accumulation underneath | SPY FAVORABLE",MARKET BUY @ ~$39.92 (CONVICTION score 94). Stop $37.92. Anchor: daily 133tk @ $35.69.,2026-07-31T05:12:00
STTK,BULL_BOUNCE_PENDING,LONG,63.0,7.07,6.5,7.42,,175,0.62,FAVORABLE,0.53,7.21,BELOW,-0.1345,8.33,0.0071,0.7% (normal),RISING,False,"{""structural_anchor_below"": 14.0, ""moderate_pullback"": 8.0, ""obv_rising"": 8.0, ""float_rot_quiet"": -2.0, ""regime_favorable"": 5.0}","PENDING: wait for pullback to $6.70 (1h 34tk MINOR gap body) | 4.9% below — moderate pullback, sweet spot (49% WR) | OBV rising — accumulation underneath | SPY FAVORABLE",LIMIT BUY @ $7.07 (2% pullback cap; anchor at $6.70 too far). Stop $6.5. Anchor: 1h 34tk.,2026-07-31T05:11:46
OMDA,BEAR_REJECTION_PENDING,SHORT,68.4,20.39,21.13,17.81,17.81,135,3.51,FAVORABLE,0.91,19.99,BELOW,-0.2573,26.91,0.0192,1.9% (normal),RISING,False,"{""structural_anchor_above"": 14.0, ""medium_anchor"": 6.0, ""high_genesis_rank"": 12.4, ""near_rally"": 8.0, ""regime_favorable_hurts_short"": -8.0, ""obv_falling"": 6.0}","PENDING: wait for rally to $20.51 (4h 51tk MINOR bear gap) | only 2.6% above current — close rally | SPY FAVORABLE — short is countertrend, lower probability | OBV falling — distribution confirms short thesis",LIMIT SHORT @ $20.39 (2% rally cap; anchor at $20.51 too far). Stop $21.13. Anchor: 4h 51tk bear.,2026-07-31T05:12:07
MAN,BULL_BOUNCE_PENDING,LONG,61.1,53.23,49.01,59.91,,23,1.58,FAVORABLE,0.67,54.3146,NEAR_HIGH,-0.0484,57.08,0.0232,2.3% (normal),RISING,False,"{""structural_anchor_below"": 14.0, ""high_genesis_rank"": 2.1, ""far_pullback"": 4.0, ""obv_rising"": 8.0, ""float_rot_quiet"": -2.0, ""regime_favorable"": 5.0}","PENDING: wait for pullback to $50.09 (1h 28tk MINOR gap body) | 7.5% below — far pullback, patience required but edge is real (52% WR) | OBV rising — accumulation underneath | SPY FAVORABLE",LIMIT BUY @ $53.23 (2% pullback cap; anchor at $50.09 too far). Stop $49.01. Anchor: 1h 28tk.,2026-07-31T05:11:44
XMTR,BEAR_REJECTION_PENDING,SHORT,66.3,86.71,98.93,82.37,,8,0.35,FAVORABLE,0.6,85.01,BELOW,-0.1986,106.08,0.0092,0.9% (normal),RISING,False,"{""structural_anchor_above"": 14.0, ""huge_anchor"": 14.0, ""high_genesis_rank"": 14.3, ""conviction_tier"": 10.0, ""far_rally"": -4.0, ""regime_favorable_hurts_short"": -8.0, ""ascending_channel_headwind"": -10.0, ""obv_falling"": 6.0}","PENDING: wait for rally to $95.64 (daily 280tk CONVICTION bear gap) | SPY FAVORABLE — short is countertrend, lower probability | ASC channel active (daily) — short fights rising structure | OBV falling — distribution confirms short thesis",LIMIT SHORT @ $86.71 (2% rally cap; anchor at $95.64 too far). Stop $98.93. Anchor: daily 280tk bear.,2026-07-31T05:11:51
TWST,BULL_BOUNCE_PENDING,LONG,73.8,90.29,85.66,102.4,102.54,21,2.62,FAVORABLE,1.22,92.13,BELOW,-0.1265,105.47,0.0266,2.7% (normal),RISING,False,"{""structural_anchor_below"": 14.0, ""high_genesis_rank"": 10.8, ""moderate_pullback"": 8.0, ""obv_rising"": 8.0, ""float_rot_quiet"": -2.0, ""regime_favorable"": 5.0}","PENDING: wait for pullback to $87.58 (daily 35tk COMPRESSION gap body) | 4.8% below — moderate pullback, sweet spot (49% WR) | OBV rising — accumulation underneath | SPY FAVORABLE",LIMIT BUY @ $90.29 (2% pullback cap; anchor at $87.58 too far). Stop $85.66. Anchor: daily 35tk.,2026-07-31T05:12:57
TWST,BEAR_REJECTION_PENDING,SHORT,68.8,93.97,99.74,79.35,79.35,4,2.54,FAVORABLE,1.22,92.13,BELOW,-0.1265,105.47,0.0266,2.7% (normal),RISING,False,"{""structural_anchor_above"": 14.0, ""huge_anchor"": 14.0, ""high_genesis_rank"": 14.8, ""conviction_tier"": 10.0, ""moderate_rally"": 4.0, ""regime_favorable_hurts_short"": -8.0, ""ascending_channel_headwind"": -10.0}","PENDING: wait for rally to $96.80 (weekly 244tk CONVICTION bear gap) | SPY FAVORABLE — short is countertrend, lower probability | ASC channel active (30m) — short fights rising structure | COUNTER-TREND: opposes dominant LONG read (top score 74) - sized to 1/4 risk",LIMIT SHORT @ $93.97 (2% rally cap; anchor at $96.80 too far). Stop $99.74. Anchor: weekly 244tk bear.,2026-07-31T05:12:57
FA,BULL_BOUNCE_PENDING,LONG,66.6,19.65,18.88,21.89,22.18,129,2.9,FAVORABLE,1.07,20.05,BELOW,-0.1198,22.78,0.0117,1.2% (normal),RISING,False,"{""structural_anchor_below"": 14.0, ""medium_anchor"": 6.0, ""high_genesis_rank"": 9.6, ""near_pullback"": -4.0, ""obv_rising"": 8.0, ""float_rot_quiet"": -2.0, ""regime_favorable"": 5.0}","PENDING: wait for pullback to $19.44 (45m 95tk MINOR gap body) | only 0.7% below — shallow entry, historically weak (22% WR) | OBV rising — accumulation underneath | SPY FAVORABLE",LIMIT BUY @ $19.65 (2% pullback cap; anchor at $19.44 too far). Stop $18.88. Anchor: 45m 95tk.,2026-07-31T05:12:47
GRPN,BULL_BOUNCE_PENDING,LONG,71.8,28.06,25.68,29.46,,42,0.59,FAVORABLE,0.8,27.5,DEEP_BELOW,-0.3617,43.08,0.0316,3.2% (normal),RISING,False,"{""structural_anchor_below"": 14.0, ""medium_anchor"": 6.0, ""high_genesis_rank"": 14.8, ""near_pullback"": -4.0, ""obv_rising"": 8.0, ""float_rot_quiet"": -2.0, ""regime_favorable"": 5.0, ""breakout_follow_promotion"": 0.0}","BUY-STOP: tape already cleared the $26.27 anchor - enter on strength above today's high, no pullback | only 2.8% below — shallow entry, historically weak (22% WR) | OBV rising — accumulation underneath | SPY FAVORABLE | BREAKOUT_FOLLOW: open $27.67 cleared anchor $26.27, 2/4 strength, regime FAVORABLE — buy-stop $28.06, 1.5xATR stop","BUY-STOP @ $28.06 (above today's high $28.03). Stop $25.68 (1.5xATR). Score 72, strength=2/4, regime=FAVORABLE. BREAKOUT_FOLLOW.",2026-07-31T05:13:42
GPRE,BULL_BOUNCE_PENDING,LONG,64.1,16.93,16.1,18.28,19.01,119,1.61,FAVORABLE,1.21,17.28,BELOW,-0.1204,19.64,0.0225,2.3% (normal),RISING,False,"{""structural_anchor_below"": 14.0, ""high_genesis_rank"": 1.1, ""moderate_pullback"": 8.0, ""obv_rising"": 8.0, ""float_rot_quiet"": -2.0, ""regime_favorable"": 5.0}","PENDING: wait for pullback to $16.41 (45m 9tk MINOR gap body) | 4.8% below — moderate pullback, sweet spot (49% WR) | OBV rising — accumulation underneath | SPY FAVORABLE",LIMIT BUY @ $16.93 (2% pullback cap; anchor at $16.41 too far). Stop $16.1. Anchor: 45m 9tk.,2026-07-31T05:13:01
PACS,BULL_BOUNCE_PENDING,LONG,81.6,47.94,44.96,50.34,,33,0.8,FAVORABLE,1.14,47.3,BLUE_SKY,-0.0146,48.0,0.0063,0.6% (normal),RISING,False,"{""structural_anchor_below"": 14.0, ""medium_anchor"": 6.0, ""high_genesis_rank"": 12.6, ""moderate_pullback"": 8.0, ""obv_rising"": 8.0, ""float_rot_quiet"": -2.0, ""regime_favorable"": 5.0, ""breakout_follow_promotion"": 0.0}","BUY-STOP: tape already cleared the $45.15 anchor - enter on strength above today's high, no pullback | 3.8% below — moderate pullback, sweet spot (49% WR) | OBV rising — accumulation underneath | SPY FAVORABLE | BREAKOUT_FOLLOW: open $46.93 cleared anchor $45.15, 2/4 strength, regime FAVORABLE — buy-stop $47.94, 1.5xATR stop","BUY-STOP @ $47.94 (above today's high $47.89). Stop $44.96 (1.5xATR). Score 82, strength=2/4, regime=FAVORABLE. BREAKOUT_FOLLOW.",2026-07-31T05:13:25
NRIX,BULL_BOUNCE_PENDING,LONG,63.9,23.48,23.13,26.5,27.11,282,8.53,FAVORABLE,1.06,23.75,NEAR_HIGH,-0.0532,25.09,0.012,1.2% (normal),RISING,False,"{""structural_anchor_below"": 14.0, ""high_genesis_rank"": 12.9, ""near_pullback"": -4.0, ""obv_rising"": 8.0, ""float_rot_quiet"": -2.0, ""regime_favorable"": 5.0}","PENDING: wait for pullback to $23.48 (weekly 20tk COMPRESSION gap body) | only 0.7% below — shallow entry, historically weak (22% WR) | OBV rising — accumulation underneath | SPY FAVORABLE",LIMIT BUY @ $23.48 on pullback (0.7% below current $23.75). Stop $23.13. Anchor: weekly 20tk.,2026-07-31T05:13:22
ZGN,BULL_BOUNCE,LONG,69.4,14.85,14.27,15.59,,171,1.27,FAVORABLE,0.76,14.85,NEAR_HIGH,-0.0382,15.44,0.0036,0.4% (normal),FALLING,False,"{""ascending_channel"": 18.0, ""at_lower_rail"": 14.0, ""anchor_eligible"": 12.0, ""anchor_high_genesis_rank"": 2.4, ""multiple_touches"": 12.0, ""obv_rising"": 6.0, ""regime_favorable"": 5.0}",ASC channel detected on 5m (score 90) | price at lower rail ($14.86) | anchor: 45m 18tk @ $14.67 | 4 prior bull-rail touches | OBV rising — accumulation underneath | SPY FAVORABLE,"Channel: 5m ASC, rails $14.86-$15.03",2026-07-31T05:12:55
CBRL,BEAR_REJECTION_PENDING,SHORT,64.7,56.69,60.12,49.66,48.62,29,2.05,FAVORABLE,0.73,55.5798,BELOW,-0.1433,64.88,0.0315,3.2% (normal),RISING,True,"{""structural_anchor_above"": 14.0, ""large_anchor"": 10.0, ""high_genesis_rank"": 14.7, ""conviction_tier"": 10.0, ""moderate_rally"": 4.0, ""regime_favorable_hurts_short"": -8.0, ""ascending_channel_headwind"": -10.0}","PENDING: wait for rally to $58.29 (daily 154tk CONVICTION bear gap) | SPY FAVORABLE — short is countertrend, lower probability | ASC channel active (5m) — short fights rising structure",LIMIT SHORT @ $56.69 (2% rally cap; anchor at $58.29 too far). Stop $60.12. Anchor: daily 154tk bear.,2026-07-31T05:13:20
CBRL,BULL_BOUNCE_PENDING,LONG,64.3,54.47,53.14,58.29,58.52,18,2.89,FAVORABLE,0.73,55.5798,BELOW,-0.1433,64.88,0.0315,3.2% (normal),RISING,True,"{""structural_anchor_below"": 14.0, ""high_genesis_rank"": 13.3, ""near_pullback"": -4.0, ""obv_rising"": 8.0, ""exhaustion_warning"": -3.0, ""float_rot_quiet"": -2.0, ""sector_top_quartile"": 3.0, ""regime_favorable"": 5.0}","PENDING: wait for pullback to $53.95 (daily 29tk COMPRESSION gap body) | only 2.7% below — shallow entry, historically weak (22% WR) | OBV rising — accumulation underneath | exhaustion: +6.3% over 5d on declining volume (-6.2%/day), no capitulation in last 10d, $2.71 (1.0× ATR) to daily 154tk bear gap | CONS_DISC STRONG (STRONG) — sector tailwind | SPY FAVORABLE | COUNTER-TREND: opposes dominant SHORT read (top score 65) - sized to 1/4 risk",LIMIT BUY @ $54.47 (2% pullback cap; anchor at $53.95 too far). Stop $53.14. Anchor: daily 29tk.,2026-07-31T05:13:20
AVTX,BULL_BOUNCE_PENDING,LONG,69.0,18.73,17.11,19.66,,61,0.58,FAVORABLE,0.93,19.11,BELOW,-0.2126,24.27,0.0177,1.8% (normal),FALLING,False,"{""structural_anchor_below"": 14.0, ""large_anchor"": 10.0, ""vacuum_tier"": 6.0, ""moderate_pullback"": 8.0, ""obv_falling_pending"": -2.0, ""float_rot_quiet"": -2.0, ""regime_favorable"": 5.0}","PENDING: wait for pullback to $17.85 (1h 131tk VACUUM gap body) | 3.2% below — moderate pullback, sweet spot (49% WR) | OBV softer near-term — normal during pullback wait | SPY FAVORABLE",LIMIT BUY @ $18.73 (2% pullback cap; anchor at $17.85 too far). Stop $17.11. Anchor: 1h 131tk.,2026-07-31T05:13:05
COAG,BULL_BOUNCE,LONG,74.0,48.2,43.4,56.45,,20,1.72,FAVORABLE,1.99,48.2,NEAR_HIGH,-0.0757,52.15,0.0176,1.8% (normal),RISING,False,"{""ascending_channel"": 18.0, ""at_lower_rail"": 14.0, ""anchor_eligible"": 12.0, ""multiple_touches"": 16.0, ""obv_rising"": 6.0, ""rel_vol_normal+"": 3.0, ""regime_favorable"": 5.0}",ASC channel detected on 15m (score 66) | price at lower rail ($47.60) | anchor: 15m 61tk @ $37.55 | 10 prior bull-rail touches | OBV rising — accumulation underneath | SPY FAVORABLE,"Channel: 15m ASC, rails $47.60-$56.45",2026-07-31T05:12:58
COAG,CHANNEL_RECLAIM_LONG,LONG,67.0,48.2,44.02,50.61,,23,0.58,FAVORABLE,1.99,48.2,NEAR_HIGH,-0.0757,52.15,0.0176,1.8% (normal),RISING,False,"{""recent_breakdown"": 10.0, ""reclaim_in_progress"": 16.0, ""ascending_channel"": 10.0, ""anchor_held"": 12.0, ""obv_rising"": 8.0, ""rel_vol_strong"": 6.0, ""regime_favorable"": 5.0}",recent low $44.47 dipped below rail $47.60 | price $48.20 now back inside channel — reclaim attempt | ASC channel (15m) | anchor: 15m 61tk @ $37.55 held | OBV rising — accumulation underneath reclaim | relative volume 1.985x — conviction in reclaim | SPY FAVORABLE,"Channel: 15m ASC, breakdown reclaimed. Validated low $44.47 → now $48.20",2026-07-31T05:12:58
COAG,BULL_BOUNCE_PENDING,LONG,64.2,47.24,45.26,50.63,,50,1.72,FAVORABLE,1.99,48.2,NEAR_HIGH,-0.0757,52.15,0.0176,1.8% (normal),RISING,False,"{""structural_anchor_below"": 14.0, ""high_genesis_rank"": 9.2, ""near_pullback"": -4.0, ""obv_rising"": 8.0, ""rel_vol_normal+"": 4.0, ""float_rot_quiet"": -2.0, ""regime_favorable"": 5.0}","PENDING: wait for pullback to $46.70 (10m 36tk MINOR gap body) | only 2.7% below — shallow entry, historically weak (22% WR) | OBV rising — accumulation underneath | SPY FAVORABLE",LIMIT BUY @ $47.24 (2% pullback cap; anchor at $46.70 too far). Stop $45.26. Anchor: 10m 36tk.,2026-07-31T05:12:58
ACRS,CHANNEL_GAP_BREAKDOWN_SHORT,SHORT,71.3,5.32,5.48,4.55,4.91,626,4.82,FAVORABLE,1.09,5.32,NEAR_HIGH,-0.0952,5.88,0.0136,1.4% (normal),RISING,False,"{""confluence_quality"": 28.3, ""confluence_dirty_anchor"": 10.0, ""confluence_high_genesis"": 6.0, ""bear_built_above"": 8.0, ""bull_built_below"": -6.0, ""current_vol_expanding"": 5.0, ""level_well_tested"": 3.0, ""channel_gap_breakdown_short"": 12.0, ""regime_favorable"": 5.0}",channel-gap confluence score 94 (co_aligned_breakout) | anchor gap is DIRTY (unfinished auction business) | anchor gap high genesis (2144848) | 17 fresh bear gap(s) above — distribution active | 32 fresh bull gap(s) below — buyers building | current vol 9.02× avg — expanding into the test | level tagged 27× before — established | DESC channel falling into gap top @ $4.99 (~3d ahead) | SPY FAVORABLE,"CHANNEL-GAP BREAKDOWN: DESC 10m channel projecting into 45m gap top @ $4.99 (~3d). Short $5.32, target $4.55.",2026-07-31T05:13:10
LASR,BEAR_REJECTION_PENDING,SHORT,61.0,68.34,72.16,58.92,59.3,26,2.46,FAVORABLE,0.64,67.0,BELOW,-0.2294,86.95,0.0126,1.3% (normal),FALLING,False,"{""structural_anchor_above"": 14.0, ""large_anchor"": 10.0, ""high_genesis_rank"": 9.0, ""vacuum_tier"": 6.0, ""moderate_rally"": 4.0, ""regime_favorable_hurts_short"": -8.0, ""ascending_channel_headwind"": -10.0, ""obv_falling"": 6.0}","PENDING: wait for rally to $70.32 (1h 119tk VACUUM bear gap) | SPY FAVORABLE — short is countertrend, lower probability | ASC channel active (daily) — short fights rising structure | OBV falling — distribution confirms short thesis",LIMIT SHORT @ $68.34 (2% rally cap; anchor at $70.32 too far). Stop $72.16. Anchor: 1h 119tk bear.,2026-07-31T05:13:59
WNC,BULL_BOUNCE_PENDING,LONG,71.4,12.15,11.59,14.1,13.65,177,3.46,FAVORABLE,0.92,12.4,BELOW,-0.1341,14.32,0.0347,3.5% (normal),RISING,False,"{""structural_anchor_below"": 14.0, ""high_genesis_rank"": 11.4, ""moderate_pullback"": 8.0, ""obv_rising"": 8.0, ""float_rot_quiet"": -2.0, ""sector_bottom_quartile"": -3.0, ""regime_favorable"": 5.0}","PENDING: wait for pullback to $11.84 (15m 19tk MINOR gap body) | 3.7% below — moderate pullback, sweet spot (49% WR) | OBV rising — accumulation underneath | INDUSTRIAL WEAK (WEAK) — sector headwind | SPY FAVORABLE",LIMIT BUY @ $12.15 (2% pullback cap; anchor at $11.84 too far). Stop $11.59. Anchor: 15m 19tk.,2026-07-31T05:13:06
CLYM,BULL_BOUNCE_PENDING,LONG,71.7,12.8,11.39,13.44,,71,0.45,FAVORABLE,1.5,12.1,BELOW,-0.1606,14.41,0.0314,3.1% (normal),RISING,False,"{""structural_anchor_below"": 14.0, ""high_genesis_rank"": 4.7, ""moderate_pullback"": 8.0, ""obv_rising"": 8.0, ""rel_vol_normal+"": 4.0, ""float_rot_quiet"": -2.0, ""regime_favorable"": 5.0, ""breakout_follow_promotion"": 0.0}","BUY-STOP: tape already cleared the $11.48 anchor - enter on strength above today's high, no pullback | 4.8% below — moderate pullback, sweet spot (49% WR) | OBV rising — accumulation underneath | SPY FAVORABLE | BREAKOUT_FOLLOW: open $12.39 cleared anchor $11.48, 2/4 strength, regime FAVORABLE — buy-stop $12.80, 1.5xATR stop","BUY-STOP @ $12.80 (above today's high $12.79). Stop $11.39 (1.5xATR). Score 72, strength=2/4, regime=FAVORABLE. BREAKOUT_FOLLOW.",2026-07-31T05:13:26
XNCR,BULL_BOUNCE_PENDING,LONG,75.7,21.06,20.09,22.83,23.68,103,1.83,FAVORABLE,1.51,21.49,BLUE_SKY,-0.0124,21.76,0.0218,2.2% (normal),RISING,False,"{""structural_anchor_below"": 14.0, ""high_genesis_rank"": 8.7, ""moderate_pullback"": 8.0, ""obv_rising"": 8.0, ""rel_vol_normal+"": 4.0, ""float_rot_quiet"": -2.0, ""regime_favorable"": 5.0}","PENDING: wait for pullback to $20.53 (10m 13tk MINOR gap body) | 4.2% below — moderate pullback, sweet spot (49% WR) | OBV rising — accumulation underneath | SPY FAVORABLE",LIMIT BUY @ $21.06 (2% pullback cap; anchor at $20.53 too far). Stop $20.09. Anchor: 10m 13tk.,2026-07-31T05:13:45
KYMR,BEAR_REJECTION_PENDING,SHORT,63.1,108.78,110.6,92.84,92.84,54,8.73,FAVORABLE,0.73,107.01,BELOW,-0.1772,130.05,0.0054,0.5% (normal),RISING,False,"{""structural_anchor_above"": 14.0, ""large_anchor"": 10.0, ""high_genesis_rank"": 13.1, ""vacuum_tier"": 6.0, ""near_rally"": 8.0, ""regime_favorable_hurts_short"": -8.0, ""ascending_channel_headwind"": -10.0}","PENDING: wait for rally to $108.78 (daily 128tk VACUUM bear gap) | only 1.6% above current — close rally | SPY FAVORABLE — short is countertrend, lower probability | ASC channel active (daily) — short fights rising structure",LIMIT SHORT @ $108.78 on rally (1.6% above current $107.01). Stop $110.6. Anchor: daily 128tk bear.,2026-07-31T05:13:33
DMRA,BULL_BOUNCE_PENDING,LONG,80.9,30.05,27.64,31.55,,41,0.62,FAVORABLE,0.66,29.17,BELOW,-0.1639,34.89,0.0054,0.5% (normal),RISING,False,"{""structural_anchor_below"": 14.0, ""large_anchor"": 10.0, ""high_genesis_rank"": 13.9, ""vacuum_tier"": 6.0, ""near_pullback"": -4.0, ""obv_rising"": 8.0, ""float_rot_quiet"": -2.0, ""regime_favorable"": 5.0, ""breakout_follow_promotion"": 0.0}","BUY-STOP: tape already cleared the $28.41 anchor - enter on strength above today's high, no pullback | only 0.4% below — shallow entry, historically weak (22% WR) | OBV rising — accumulation underneath | SPY FAVORABLE | BREAKOUT_FOLLOW: open $29.05 cleared anchor $28.41, 2/4 strength, regime FAVORABLE — buy-stop $30.05, 1.5xATR stop","BUY-STOP @ $30.05 (above today's high $30.02). Stop $27.64 (1.5xATR). Score 81, strength=2/4, regime=FAVORABLE. BREAKOUT_FOLLOW.",2026-07-31T05:13:04
NVEC,BEAR_REJECTION_PENDING,SHORT,65.3,118.0,121.1,107.36,107.36,32,3.43,FAVORABLE,0.77,116.71,BELOW,-0.1355,135.0,0.0472,4.7% (normal),FALLING,False,"{""structural_anchor_above"": 14.0, ""huge_anchor"": 14.0, ""high_genesis_rank"": 5.3, ""vacuum_tier"": 6.0, ""near_rally"": 8.0, ""regime_favorable_hurts_short"": -8.0, ""ascending_channel_headwind"": -10.0, ""obv_falling"": 6.0}","PENDING: wait for rally to $118.00 (15m 235tk VACUUM bear gap) | only 1.1% above current — close rally | SPY FAVORABLE — short is countertrend, lower probability | ASC channel active (daily) — short fights rising structure | OBV falling — distribution confirms short thesis",LIMIT SHORT @ $118.00 on rally (1.1% above current $116.71). Stop $121.1. Anchor: 15m 235tk bear.,2026-07-31T05:13:30
NSP,BULL_BOUNCE_PENDING,LONG,80.2,55.66,53.2,59.82,,40,1.69,FAVORABLE,2.15,54.06,BELOW,-0.1193,61.38,0.0384,3.8% (normal),RISING,False,"{""structural_anchor_below"": 14.0, ""medium_anchor"": 6.0, ""high_genesis_rank"": 13.2, ""near_pullback"": -4.0, ""obv_rising"": 8.0, ""rel_vol_normal+"": 4.0, ""float_rot_quiet"": -2.0, ""breakout_volume_surge"": 6.0, ""regime_favorable"": 5.0, ""breakout_follow_promotion"": 0.0}","BUY-STOP: tape already cleared the $53.75 anchor - enter on strength above today's high, no pullback | only 0.1% below — shallow entry, historically weak (22% WR) | OBV rising — accumulation underneath | breakout volume surge — real demand active | SPY FAVORABLE | BREAKOUT_FOLLOW: open $55.57 cleared anchor $53.75, 3/4 strength, regime FAVORABLE — buy-stop $55.66, 1.5xATR stop","BUY-STOP @ $55.66 (above today's high $55.60). Stop $53.2 (1.5xATR). Score 80, strength=3/4, regime=FAVORABLE. BREAKOUT_FOLLOW.",2026-07-31T05:14:53
NSP,BEAR_REJECTION_PENDING,SHORT,68.8,55.14,59.88,46.55,,5,1.81,FAVORABLE,2.15,54.06,BELOW,-0.1193,61.38,0.0384,3.8% (normal),RISING,False,"{""structural_anchor_above"": 14.0, ""huge_anchor"": 14.0, ""high_genesis_rank"": 14.8, ""conviction_tier"": 10.0, ""moderate_rally"": 4.0, ""regime_favorable_hurts_short"": -8.0, ""ascending_channel_headwind"": -10.0, ""obv_rising_against_short"": 0.0}","PENDING: wait for rally to $55.85 (daily 373tk CONVICTION bear gap) | SPY FAVORABLE — short is countertrend, lower probability | ASC channel active (15m) — short fights rising structure | OBV rising — possible trapped buyers under resistance (neutral) | COUNTER-TREND: opposes dominant LONG read (top score 80) - sized to 1/4 risk",LIMIT SHORT @ $55.14 (2% rally cap; anchor at $55.85 too far). Stop $59.88. Anchor: daily 373tk bear.,2026-07-31T05:14:53
BCAX,BULL_BOUNCE_PENDING,LONG,63.0,26.17,25.42,30.25,29.72,133,5.44,FAVORABLE,1.43,26.7,BELOW,-0.1384,30.99,0.0126,1.3% (normal),RISING,False,"{""structural_anchor_below"": 14.0, ""high_genesis_rank"": 12.0, ""near_pullback"": -4.0, ""obv_rising"": 8.0, ""float_rot_quiet"": -2.0, ""regime_favorable"": 5.0}","PENDING: wait for pullback to $25.83 (daily 39tk COMPRESSION gap body) | only 2.5% below — shallow entry, historically weak (22% WR) | OBV rising — accumulation underneath | SPY FAVORABLE",LIMIT BUY @ $26.17 (2% pullback cap; anchor at $25.83 too far). Stop $25.42. Anchor: daily 39tk.,2026-07-31T05:14:00
CDNA,BULL_BOUNCE_PENDING,LONG,71.0,40.65,39.89,42.25,42.48,132,2.12,FAVORABLE,1.57,41.41,BLUE_SKY,0.0232,40.47,0.0337,3.4% (normal),RISING,False,"{""structural_anchor_below"": 14.0, ""large_anchor"": 10.0, ""vacuum_tier"": 6.0, ""near_pullback"": -4.0, ""obv_rising"": 8.0, ""rel_vol_normal+"": 4.0, ""float_rot_quiet"": -2.0, ""regime_favorable"": 5.0}","PENDING: wait for pullback to $40.65 (1m 111tk VACUUM gap body) | only 0.5% below — shallow entry, historically weak (22% WR) | OBV rising — accumulation underneath | SPY FAVORABLE",LIMIT BUY @ $40.65 on pullback (0.5% below current $41.41). Stop $39.89. Anchor: 1m 111tk.,2026-07-31T05:14:57
URGN,BULL_BOUNCE_PENDING,LONG,67.0,40.27,39.37,42.52,44.0,111,2.51,FAVORABLE,1.05,41.09,NEAR_HIGH,-0.0646,43.93,0.016,1.6% (normal),RISING,False,"{""structural_anchor_below"": 14.0, ""large_anchor"": 10.0, ""vacuum_tier"": 6.0, ""near_pullback"": -4.0, ""obv_rising"": 8.0, ""float_rot_quiet"": -2.0, ""regime_favorable"": 5.0}","PENDING: wait for pullback to $40.23 (45m 134tk VACUUM gap body) | only 0.5% below — shallow entry, historically weak (22% WR) | OBV rising — accumulation underneath | SPY FAVORABLE",LIMIT BUY @ $40.27 (2% pullback cap; anchor at $40.23 too far). Stop $39.37. Anchor: 45m 134tk.,2026-07-31T05:14:55
PESI,BULL_BOUNCE_CONFIRMED,LONG,64.5,16.51,15.47,17.34,,96,0.8,FAVORABLE,0.44,16.51,BELOW,-0.1027,18.4,0.011,1.1% (normal),RISING,False,"{""ascending_channel"": 14.0, ""confirmed_recovery"": 12.0, ""current_anchor_eligible"": 14.0, ""anchor_high_genesis_rank"": 6.5, ""multiple_touches"": 4.0, ""vol_weak"": -6.0, ""regime_favorable"": 5.0, ""rejection_staircase"": 15.0}",ASC channel detected on 45m (score 72) | recovered 2.9% from recent low $16.04 | bounce at 4h 19tk @ $15.96 (MINOR) | 2 prior bull-rail touches | today's volume weak — bounce lacks conviction | SPY FAVORABLE | staircase: 3 prior distinct rejection(s) below — prev = 1h 67tk @ $15.88,"Channel: 45m ASC, rails $15.90-$16.50. Recent low $16.04 → now $16.51 (+2.9%)",2026-07-31T05:14:37
MAX,BULL_BOUNCE_CONFIRMED,LONG,71.9,13.54,12.79,14.22,,132,0.9,FAVORABLE,1.51,13.54,NEAR_HIGH,-0.0789,14.7,0.0267,2.7% (normal),RISING,False,"{""ascending_channel"": 14.0, ""confirmed_recovery"": 12.0, ""current_anchor_eligible"": 14.0, ""anchor_high_genesis_rank"": 1.9, ""multiple_touches"": 16.0, ""vol_normal+"": 4.0, ""regime_favorable"": 5.0, ""rejection_staircase"": 5.0}",ASC channel detected on 10m (score 70) | recovered 2.0% from recent low $13.27 | bounce at 1h 42tk @ $13.06 (MINOR) | 5 prior bull-rail touches | SPY FAVORABLE | staircase: 1 prior distinct rejection(s) below — prev = 45m 39tk @ $13.04,"Channel: 10m ASC, rails $13.88-$14.04. Recent low $13.27 → now $13.54 (+2.0%)",2026-07-31T05:14:28
HRI,BEAR_REJECTION_PENDING,SHORT,68.8,146.82,149.36,134.0,138.77,39,5.05,FAVORABLE,0.94,145.92,BELOW,-0.2253,188.35,0.0163,1.6% (normal),FALLING,False,"{""structural_anchor_above"": 14.0, ""large_anchor"": 10.0, ""high_genesis_rank"": 2.8, ""vacuum_tier"": 6.0, ""near_rally"": 8.0, ""regime_favorable_hurts_short"": -8.0, ""obv_falling"": 6.0}","PENDING: wait for rally to $146.82 (10m 132tk VACUUM bear gap) | only 0.6% above current — close rally | SPY FAVORABLE — short is countertrend, lower probability | OBV falling — distribution confirms short thesis",LIMIT SHORT @ $146.82 on rally (0.6% above current $145.92). Stop $149.36. Anchor: 10m 132tk bear.,2026-07-31T05:14:42
HELE,BEAR_REJECTION_PENDING,SHORT,62.2,28.29,28.94,27.0,25.5,152,1.97,FAVORABLE,0.57,27.88,NEAR_HIGH,-0.0913,30.68,0.0146,1.5% (normal),RISING,False,"{""structural_anchor_above"": 14.0, ""medium_anchor"": 6.0, ""high_genesis_rank"": 12.2, ""near_rally"": 8.0, ""regime_favorable_hurts_short"": -8.0}","PENDING: wait for rally to $28.29 (daily 52tk COMPRESSION bear gap) | only 1.5% above current — close rally | SPY FAVORABLE — short is countertrend, lower probability",LIMIT SHORT @ $28.29 on rally (1.5% above current $27.88). Stop $28.94. Anchor: daily 52tk bear.,2026-07-31T05:15:04
ETON,BULL_BOUNCE_PENDING,LONG,63.0,49.94,46.47,52.44,,28,0.72,FAVORABLE,1.11,50.96,BLUE_SKY,0.0155,50.18,0.0221,2.2% (normal),RISING,False,"{""structural_anchor_below"": 14.0, ""moderate_pullback"": 8.0, ""obv_rising"": 8.0, ""float_rot_quiet"": -2.0, ""regime_favorable"": 5.0}","PENDING: wait for pullback to $47.27 (1m 27tk MINOR gap body) | 7.0% below — moderate pullback, sweet spot (49% WR) | OBV rising — accumulation underneath | SPY FAVORABLE",LIMIT BUY @ $49.94 (2% pullback cap; anchor at $47.27 too far). Stop $46.47. Anchor: 1m 27tk.,2026-07-31T05:15:29
EVER,BULL_BOUNCE,LONG,64.0,24.83,23.41,27.15,28.14,70,1.64,FAVORABLE,1.35,24.83,BELOW,-0.1357,28.73,0.0245,2.4% (normal),RISING,False,"{""ascending_channel"": 18.0, ""at_lower_rail"": 14.0, ""anchor_eligible"": 12.0, ""multiple_touches"": 12.0, ""rel_vol_normal+"": 3.0, ""regime_favorable"": 5.0}",ASC channel detected on 5m (score 90) | price at lower rail ($24.84) | anchor: 5m 52tk @ $24.45 | 4 prior bull-rail touches | SPY FAVORABLE,"Channel: 5m ASC, rails $24.84-$25.20",2026-07-31T05:15:03
ELVN,BULL_BOUNCE_PENDING,LONG,65.0,52.92,50.74,55.57,,45,1.22,FAVORABLE,0.8,54.0,NEAR_HIGH,-0.0321,55.79,0.0091,0.9% (normal),RISING,False,"{""structural_anchor_below"": 14.0, ""huge_anchor"": 8.0, ""vacuum_tier"": 6.0, ""near_pullback"": -4.0, ""obv_rising"": 8.0, ""float_rot_quiet"": -2.0, ""regime_favorable"": 5.0}","PENDING: wait for pullback to $52.39 (1h 278tk VACUUM gap body) | only 0.4% below — shallow entry, historically weak (22% WR) | OBV rising — accumulation underneath | SPY FAVORABLE",LIMIT BUY @ $52.92 (2% pullback cap; anchor at $52.39 too far). Stop $50.74. Anchor: 1h 278tk.,2026-07-31T05:14:52
GRAL,BULL_BOUNCE,LONG,66.2,71.14,60.57,111.43,,9,3.81,FAVORABLE,1.1,71.14,DEEP_BELOW,-0.4014,118.84,0.0127,1.3% (normal),FALLING,False,"{""ascending_channel"": 18.0, ""at_lower_rail"": 14.0, ""anchor_eligible"": 12.0, ""anchor_high_genesis_rank"": 8.2, ""multiple_touches"": 16.0, ""obv_falling"": -10.0, ""rel_vol_normal+"": 3.0, ""regime_favorable"": 5.0}",ASC channel detected on daily (score 66) | price at lower rail ($61.49) | anchor: daily 150tk @ $64.30 | 15 prior bull-rail touches | OBV falling — distribution; careful | SPY FAVORABLE,"Channel: daily ASC, rails $61.49-$111.43",2026-07-31T05:15:19
FEIM,BEAR_REJECTION_PENDING,SHORT,75.0,60.89,66.79,57.85,,16,0.52,FAVORABLE,1.01,59.7,BELOW,-0.2585,80.52,0.0459,4.6% (normal),FALLING,False,"{""structural_anchor_above"": 14.0, ""huge_anchor"": 14.0, ""high_genesis_rank"": 15.0, ""conviction_tier"": 10.0, ""moderate_rally"": 4.0, ""regime_favorable_hurts_short"": -8.0, ""ascending_channel_headwind"": -10.0, ""obv_falling"": 6.0}","PENDING: wait for rally to $63.68 (daily 278tk CONVICTION bear gap) | SPY FAVORABLE — short is countertrend, lower probability | ASC channel active (weekly) — short fights rising structure | OBV falling — distribution confirms short thesis",LIMIT SHORT @ $60.89 (2% rally cap; anchor at $63.68 too far). Stop $66.79. Anchor: daily 278tk bear.,2026-07-31T05:15:09
ATEX,BULL_BOUNCE_PENDING,LONG,70.7,93.54,87.59,103.0,107.23,16,1.59,FAVORABLE,0.67,95.45,BELOW,-0.1553,113.0,0.0132,1.3% (normal),RISING,False,"{""structural_anchor_below"": 14.0, ""medium_anchor"": 6.0, ""high_genesis_rank"": 1.7, ""moderate_pullback"": 8.0, ""obv_rising"": 8.0, ""float_rot_quiet"": -2.0, ""regime_favorable"": 5.0}","PENDING: wait for pullback to $89.87 (1m 65tk MINOR gap body) | 5.5% below — moderate pullback, sweet spot (49% WR) | OBV rising — accumulation underneath | SPY FAVORABLE",LIMIT BUY @ $93.54 (2% pullback cap; anchor at $89.87 too far). Stop $87.59. Anchor: 1m 65tk.,2026-07-31T05:16:00
ANRO,BULL_BOUNCE_PENDING,LONG,69.0,28.11,26.81,29.51,,77,1.08,FAVORABLE,0.6,28.68,BLUE_SKY,-0.0059,28.85,0.009,0.9% (normal),RISING,False,"{""structural_anchor_below"": 14.0, ""medium_anchor"": 6.0, ""moderate_pullback"": 8.0, ""obv_rising"": 8.0, ""float_rot_quiet"": -2.0, ""regime_favorable"": 5.0}","PENDING: wait for pullback to $27.41 (1m 61tk MINOR gap body) | 3.4% below — moderate pullback, sweet spot (49% WR) | OBV rising — accumulation underneath | SPY FAVORABLE",LIMIT BUY @ $28.11 (2% pullback cap; anchor at $27.41 too far). Stop $26.81. Anchor: 1m 61tk.,2026-07-31T05:15:21
LB,BULL_BOUNCE_PENDING,LONG,61.8,74.97,69.65,84.99,,18,1.88,FAVORABLE,0.77,76.5,BELOW,-0.1063,85.6,0.0071,0.7% (normal),FALLING,False,"{""structural_anchor_below"": 14.0, ""huge_anchor"": 8.0, ""high_genesis_rank"": 6.8, ""vacuum_tier"": 6.0, ""near_pullback"": -4.0, ""obv_falling_pending"": -2.0, ""float_rot_quiet"": -2.0, ""regime_favorable"": 5.0}","PENDING: wait for pullback to $72.60 (5m 521tk VACUUM gap body) | only 1.7% below — shallow entry, historically weak (22% WR) | OBV softer near-term — normal during pullback wait | SPY FAVORABLE",LIMIT BUY @ $74.97 (2% pullback cap; anchor at $72.60 too far). Stop $69.65. Anchor: 5m 521tk.,2026-07-31T05:15:44
NVCT,BULL_BOUNCE_PENDING,LONG,64.7,22.82,22.43,23.97,,250,2.86,FAVORABLE,1.02,23.2,BELOW,-0.2075,29.27,0.0095,1.0% (normal),RISING,False,"{""structural_anchor_below"": 14.0, ""high_genesis_rank"": 13.6, ""near_pullback"": -4.0, ""obv_rising"": 8.0, ""float_rot_quiet"": -2.0, ""regime_favorable"": 5.0}","PENDING: wait for pullback to $22.82 (4h 36tk COMPRESSION gap body) | only 0.9% below — shallow entry, historically weak (22% WR) | OBV rising — accumulation underneath | SPY FAVORABLE",LIMIT BUY @ $22.82 on pullback (0.9% below current $23.20). Stop $22.43. Anchor: 4h 36tk.,2026-07-31T05:16:01
DAVE,BULL_BOUNCE_PENDING,LONG,67.0,376.41,368.29,395.61,420.52,12,2.37,FAVORABLE,1.32,377.17,BELOW,-0.1769,458.25,0.0484,4.8% (normal),RISING,False,"{""structural_anchor_below"": 14.0, ""large_anchor"": 10.0, ""vacuum_tier"": 6.0, ""near_pullback"": -4.0, ""obv_rising"": 8.0, ""float_rot_quiet"": -2.0, ""regime_favorable"": 5.0}","PENDING: wait for pullback to $376.41 (1m 102tk VACUUM gap body) | only 0.1% below — shallow entry, historically weak (22% WR) | OBV rising — accumulation underneath | SPY FAVORABLE",LIMIT BUY @ $376.41 on pullback (0.1% below current $377.17). Stop $368.29. Anchor: 1m 102tk.,2026-07-31T05:16:11
DAVE,BEAR_REJECTION_PENDING,SHORT,65.8,377.64,385.75,354.46,354.46,3,2.86,FAVORABLE,1.32,377.17,BELOW,-0.1769,458.25,0.0484,4.8% (normal),RISING,False,"{""structural_anchor_above"": 14.0, ""large_anchor"": 10.0, ""high_genesis_rank"": 11.8, ""conviction_tier"": 10.0, ""near_rally"": 8.0, ""regime_favorable_hurts_short"": -8.0, ""ascending_channel_headwind"": -10.0}","PENDING: wait for rally to $377.64 (daily 136tk CONVICTION bear gap) | only 0.1% above current — close rally | SPY FAVORABLE — short is countertrend, lower probability | ASC channel active (weekly) — short fights rising structure | COUNTER-TREND: opposes dominant LONG read (top score 67) - sized to 1/4 risk",LIMIT SHORT @ $377.64 on rally (0.1% above current $377.17). Stop $385.75. Anchor: daily 136tk bear.,2026-07-31T05:16:11
MNPR,BULL_BOUNCE_CONFIRMED,LONG,68.0,114.47,104.37,120.19,,9,0.57,FAVORABLE,1.19,114.47,BLUE_SKY,-0.0186,116.64,0.0488,4.9% (normal),RISING,False,"{""ascending_channel"": 14.0, ""confirmed_recovery"": 12.0, ""current_anchor_eligible"": 14.0, ""multiple_touches"": 16.0, ""obv_falling"": -12.0, ""vol_normal+"": 4.0, ""regime_favorable"": 5.0, ""rejection_staircase"": 15.0}",ASC channel detected on 15m (score 96) | recovered 3.5% from recent low $110.62 | bounce at 5m 74tk @ $109.97 (MINOR) | 5 prior bull-rail touches | OBV falling — distribution; bounce may fail | SPY FAVORABLE | staircase: 3 prior distinct rejection(s) below — prev = 5m 77tk @ $105.27,"Channel: 15m ASC, rails $105.64-$109.21. Recent low $110.62 → now $114.47 (+3.5%)",2026-07-31T05:15:55
ATLC,BULL_BOUNCE_PENDING,LONG,68.8,105.37,103.75,110.41,112.06,61,3.12,FAVORABLE,0.73,106.05,NEAR_HIGH,-0.0583,112.61,0.0084,0.8% (normal),RISING,True,"{""structural_anchor_below"": 14.0, ""medium_anchor"": 6.0, ""high_genesis_rank"": 14.8, ""near_pullback"": -4.0, ""obv_rising"": 8.0, ""exhaustion_warning"": -3.0, ""float_rot_quiet"": -2.0, ""regime_favorable"": 5.0}","PENDING: wait for pullback to $105.37 (daily 96tk COMPRESSION gap body) | only 0.2% below — shallow entry, historically weak (22% WR) | OBV rising — accumulation underneath | exhaustion: +6.6% over 5d on declining volume (-6.7%/day), no capitulation in last 10d, $2.80 (0.5× ATR) to 1h 157tk bear gap | SPY FAVORABLE",LIMIT BUY @ $105.37 on pullback (0.2% below current $106.05). Stop $103.75. Anchor: daily 96tk.,2026-07-31T05:16:12
ATLC,BEAR_REJECTION_PENDING,SHORT,67.7,108.17,110.96,100.0,96.5,8,2.93,FAVORABLE,0.73,106.05,NEAR_HIGH,-0.0583,112.61,0.0084,0.8% (normal),RISING,True,"{""structural_anchor_above"": 14.0, ""large_anchor"": 10.0, ""high_genesis_rank"": 13.6, ""conviction_tier"": 10.0, ""near_rally"": 8.0, ""regime_favorable_hurts_short"": -8.0, ""ascending_channel_headwind"": -10.0, ""obv_rising_against_short"": 0.0}","PENDING: wait for rally to $108.85 (1h 157tk CONVICTION bear gap) | only 2.6% above current — close rally | SPY FAVORABLE — short is countertrend, lower probability | ASC channel active (4h) — short fights rising structure | OBV rising — possible trapped buyers under resistance (neutral) | COUNTER-TREND: opposes dominant LONG read (top score 69) - sized to 1/4 risk",LIMIT SHORT @ $108.17 (2% rally cap; anchor at $108.85 too far). Stop $110.96. Anchor: 1h 157tk bear.,2026-07-31T05:16:12
FBRX,BULL_BOUNCE_PENDING,LONG,93.4,76.35,72.53,80.17,,26,1.0,FAVORABLE,1.02,76.35,BLUE_SKY,-0.011,77.2,0.1156,11.6% (active),RISING,False,"{""structural_anchor_below"": 14.0, ""huge_anchor"": 8.0, ""high_genesis_rank"": 14.4, ""conviction_tier"": 10.0, ""far_pullback"": 4.0, ""obv_rising"": 8.0, ""regime_favorable"": 5.0}","MARKET: score 93 CONVICTION - take entry now at $76.35, not waiting for the $60.43 pullback | 13.5% below — far pullback, patience required but edge is real (52% WR) | OBV rising — accumulation underneath | SPY FAVORABLE",MARKET BUY @ ~$76.35 (CONVICTION score 93). Stop $72.53. Anchor: 4h 1130tk @ $60.43.,2026-07-31T05:16:13
DELL,BULL_BOUNCE_CONFIRMED,LONG,82.3,415.0,391.55,472.78,472.78,4,2.46,FAVORABLE,0.91,415.0,BELOW,-0.116,469.47,0.0096,1.0% (normal),RISING,False,"{""ascending_channel"": 14.0, ""confirmed_recovery"": 12.0, ""current_anchor_eligible"": 14.0, ""anchor_high_genesis_rank"": 6.3, ""multiple_touches"": 16.0, ""regime_favorable"": 5.0, ""rejection_staircase"": 15.0}",ASC channel detected on 5m (score 96) | recovered 2.6% from recent low $404.63 | bounce at 45m 874tk @ $403.67 (VACUUM) | 5 prior bull-rail touches | SPY FAVORABLE | staircase: 3 prior distinct rejection(s) below — prev = 1m 149tk @ $394.26,"Channel: 5m ASC, rails $404.00-$408.10. Recent low $404.63 → now $415.00 (+2.6%)",2026-07-31T05:16:20
DELL,BULL_BOUNCE_PENDING,LONG,64.0,413.5,402.79,435.49,443.32,9,2.05,FAVORABLE,0.91,415.0,BELOW,-0.116,469.47,0.0096,1.0% (normal),RISING,False,"{""structural_anchor_below"": 14.0, ""large_anchor"": 10.0, ""vacuum_tier"": 6.0, ""near_pullback"": -4.0, ""obv_rising"": 8.0, ""float_rot_quiet"": -2.0, ""sector_bottom_quartile"": -3.0, ""regime_favorable"": 5.0}","PENDING: wait for pullback to $413.50 (30m 100tk VACUUM gap body) | only 0.2% below — shallow entry, historically weak (22% WR) | OBV rising — accumulation underneath | INDUSTRIAL WEAK (WEAK) — sector headwind | SPY FAVORABLE",LIMIT BUY @ $413.50 on pullback (0.2% below current $415.00). Stop $402.79. Anchor: 30m 100tk.,2026-07-31T05:16:20
