date,ticker,clock_hour,gap_above_size,gap_above_atr_mult,gap_above_conviction,gap_above_tick_width,gap_above_distance_pct,gap_below_size,gap_below_atr_mult,gap_below_conviction,gap_below_tick_width,gap_below_distance_pct,n_gaps_above,n_gaps_below,setup_fired,side,score,tier,spy_regime,atr_14_daily,obv_state
2026-07-28,ADPT,6.0,,,,,,0.23,0.177,COMPRESSION,24,494.0,0,27,CHANNEL_BREAKDOWN_SHORT,SHORT,28.0,MARGINAL,HOSTILE,1.2964,RISING
2026-07-28,DXC,6.0,0.005,0.01,MINOR,1,82.0,0.1,0.197,COMPRESSION,10,203.0,5,68,BEAR_REJECTION_PENDING,SHORT,59.7,MARGINAL,HOSTILE,0.5079,NEUTRAL
2026-07-28,UPWK,,0.175,0.404,MINOR,18,1064.0,0.08,0.185,COMPRESSION,9,1062.0,7,47,BEAR_REJECTION_PENDING,SHORT,58.0,MARGINAL,HOSTILE,0.4332,FALLING
2026-07-28,WAY,6.0,0.19,0.179,COMPRESSION,20,910.0,0.1,0.094,COMPRESSION,11,1351.0,22,71,BEAR_REJECTION_PENDING,SHORT,70.5,CONVICTION,HOSTILE,1.0623,FALLING
2026-07-28,GLOB,6.0,0.09,0.046,COMPRESSION,10,1458.0,0.55,0.279,COMPRESSION,55,116.0,27,45,BEAR_REJECTION_PENDING,SHORT,52.0,MARGINAL,HOSTILE,1.97,RISING
2026-07-28,NET,6.0,0.125,0.01,MINOR,13,21.0,2.05,0.156,CONVICTION,205,996.0,26,38,BEAR_REJECTION_PENDING,SHORT,74.0,CONVICTION,HOSTILE,13.1387,FALLING
2026-07-28,FBIN,6.0,0.57,0.269,MINOR,58,1024.0,3.05,1.437,CONVICTION,305,480.0,11,51,BEAR_REJECTION_PENDING,SHORT,46.0,MARGINAL,HOSTILE,2.1218,FALLING
2026-07-28,VSAT,6.0,2.29,0.467,VACUUM,229,871.0,1.08,0.22,CONVICTION,108,293.0,15,28,BEAR_REJECTION_PENDING,SHORT,72.9,CONVICTION,HOSTILE,4.8985,RISING
2026-07-28,LILAK,,0.0454,0.183,COMPRESSION,5,1297.0,0.005,0.02,COMPRESSION,1,498.0,5,24,BEAR_REJECTION_PENDING,SHORT,58.5,MARGINAL,HOSTILE,0.2486,NEUTRAL
2026-07-28,LGCL,6.0,0.005,0.019,MINOR,1,606.0,0.0087,0.034,MINOR,1,152.0,21,5,BEAR_REJECTION_PENDING,SHORT,62.0,CONVICTION,HOSTILE,0.2569,RISING
2026-07-28,WIX,6.0,2.23,0.718,VACUUM,223,465.0,1.51,0.486,CONVICTION,152,579.0,27,51,BEAR_REJECTION_PENDING,SHORT,70.8,CONVICTION,HOSTILE,3.1043,RISING
2026-07-28,ARIS,6.0,0.35,0.441,COMPRESSION,35,611.0,0.01,0.013,COMPRESSION,1,41.0,23,36,BEAR_REJECTION_PENDING,SHORT,73.6,CONVICTION,HOSTILE,0.7936,RISING
2026-07-28,IMNM,6.0,0.49,0.435,MINOR,49,1479.0,0.19,0.169,COMPRESSION,19,1076.0,21,31,BEAR_REJECTION_PENDING,SHORT,48.0,MARGINAL,HOSTILE,1.1261,NEUTRAL
2026-07-28,MBX,6.0,0.1,0.02,MINOR,11,133.0,0.325,0.064,COMPRESSION,33,1357.0,25,25,BEAR_REJECTION_PENDING,SHORT,52.0,MARGINAL,HOSTILE,5.0388,NEUTRAL
2026-07-28,BVS,6.0,,,,,,0.14,0.236,COMPRESSION,15,114.0,0,37,,,,NONE,HOSTILE,0.5928,NEUTRAL
2026-07-28,ISSC,6.0,0.14,0.194,COMPRESSION,15,127.0,0.04,0.055,COMPRESSION,4,212.0,38,23,BEAR_REJECTION_PENDING,SHORT,33.5,MARGINAL,HOSTILE,0.7208,RISING
2026-07-28,LGHL,6.0,0.0002,0.0,MINOR,1,693.0,0.01,0.013,MINOR,2,792.0,9,11,BEAR_REJECTION_PENDING,SHORT,48.0,MARGINAL,HOSTILE,0.7699,RISING
2026-07-28,BIYA,6.0,0.02,0.012,MINOR,3,23.0,0.011,0.007,MINOR,2,930.0,3,2,BEAR_REJECTION_PENDING,SHORT,56.0,MARGINAL,HOSTILE,1.633,FALLING
2026-07-28,GMEX,6.0,0.06,0.237,MINOR,7,237.0,0.015,0.059,COMPRESSION,2,1361.0,5,12,BEAR_REJECTION_PENDING,SHORT,52.0,MARGINAL,HOSTILE,0.2536,RISING
2026-07-28,DFNS,,0.85,0.233,MINOR,86,642.0,0.03,0.008,MINOR,3,730.0,9,1,BEAR_REJECTION_PENDING,SHORT,66.4,CONVICTION,HOSTILE,3.6488,RISING
2026-07-28,OMH,6.0,,,,,,,,,,,0,0,,,,NONE,HOSTILE,0.3085,RISING
2026-07-28,ZCMD,6.0,0.05,0.037,COMPRESSION,5,227.0,0.06,0.045,MINOR,7,530.0,4,7,BEAR_REJECTION_PENDING,SHORT,74.8,CONVICTION,HOSTILE,1.3462,RISING
2026-07-28,OTLK,6.0,0.01,0.047,MINOR,2,374.0,0.038,0.178,COMPRESSION,4,1327.0,17,4,BEAR_REJECTION_PENDING,SHORT,40.0,MARGINAL,HOSTILE,0.2139,NEUTRAL
2026-07-28,INTC,6.0,3.4789,0.478,VACUUM,348,995.0,1.13,0.155,CONVICTION,113,531.0,20,12,BEAR_REJECTION_PENDING,SHORT,34.0,MARGINAL,HOSTILE,7.2811,FALLING
2026-07-28,ELPW,6.0,0.002,0.019,MINOR,1,135.0,,,,,,23,0,BEAR_REJECTION_PENDING,SHORT,62.0,CONVICTION,HOSTILE,0.1053,NEUTRAL
2026-07-28,VTAK,6.0,0.0049,0.021,MINOR,1,909.0,0.0037,0.016,MINOR,1,1135.0,8,11,BEAR_REJECTION_PENDING,SHORT,52.0,MARGINAL,HOSTILE,0.2345,NEUTRAL
2026-07-28,STAK,6.0,0.0246,0.013,MINOR,3,147.0,,,,,,8,0,BEAR_REJECTION_PENDING,SHORT,52.0,MARGINAL,HOSTILE,1.967,RISING
2026-07-28,SPCX,6.0,1.57,0.206,CONVICTION,157,258.0,0.025,0.003,MINOR,3,87.0,55,3,BEAR_REJECTION_PENDING,SHORT,82.7,CONVICTION,HOSTILE,7.6314,FALLING
2026-07-28,COMP,6.0,0.18,0.287,COMPRESSION,18,127.0,0.33,0.526,COMPRESSION,34,380.0,27,16,BEAR_REJECTION_PENDING,SHORT,46.0,MARGINAL,HOSTILE,0.6278,FALLING
2026-07-28,CERS,6.0,0.0598,0.377,MINOR,6,256.0,0.03,0.189,COMPRESSION,3,543.0,7,21,BEAR_REJECTION_PENDING,SHORT,63.1,CONVICTION,HOSTILE,0.1588,NEUTRAL
2026-07-28,DYN,6.0,0.2,0.134,COMPRESSION,20,1261.0,0.44,0.295,COMPRESSION,45,392.0,2,55,BEAR_REJECTION_PENDING,SHORT,57.5,MARGINAL,HOSTILE,1.4921,NEUTRAL
2026-07-28,ACHC,6.0,0.26,0.158,COMPRESSION,26,341.0,0.512,0.312,COMPRESSION,52,501.0,21,18,BEAR_REJECTION_PENDING,SHORT,60.6,CONVICTION,HOSTILE,1.6418,NEUTRAL
2026-07-28,TXG,6.0,0.625,0.211,MINOR,63,240.0,0.24,0.081,COMPRESSION,25,1486.0,11,34,BEAR_REJECTION_PENDING,SHORT,73.6,CONVICTION,HOSTILE,2.9557,FALLING
2026-07-28,NEO,6.0,0.07,0.101,COMPRESSION,8,1484.0,0.18,0.259,COMPRESSION,18,1134.0,23,9,BEAR_REJECTION_PENDING,SHORT,58.0,MARGINAL,HOSTILE,0.695,FALLING
2026-07-28,RLAY,6.0,0.4088,0.347,MINOR,41,267.0,0.26,0.221,COMPRESSION,26,1369.0,27,22,BEAR_REJECTION_PENDING,SHORT,52.0,MARGINAL,HOSTILE,1.1771,NEUTRAL
2026-07-28,MRVI,6.0,0.015,0.041,MINOR,2,314.0,0.1,0.274,COMPRESSION,10,496.0,12,22,BEAR_REJECTION_PENDING,SHORT,52.0,MARGINAL,HOSTILE,0.3644,NEUTRAL
2026-07-28,GH,6.0,1.85,0.242,CONVICTION,186,1055.0,0.89,0.116,COMPRESSION,89,367.0,45,14,BEAR_REJECTION_PENDING,SHORT,71.3,CONVICTION,HOSTILE,7.6459,NEUTRAL
2026-07-28,UA,6.0,0.1,0.3,COMPRESSION,10,566.0,0.08,0.24,MINOR,9,421.0,15,29,BEAR_REJECTION_PENDING,SHORT,62.9,CONVICTION,HOSTILE,0.333,NEUTRAL
2026-07-28,BHVN,6.0,2.73,2.804,CONVICTION,274,1330.0,0.5,0.514,COMPRESSION,50,500.0,26,30,BEAR_REJECTION_PENDING,SHORT,58.0,MARGINAL,HOSTILE,0.9736,NEUTRAL
2026-07-28,LXRX,6.0,0.005,0.036,MINOR,1,90.0,0.025,0.179,MINOR,3,1256.0,22,11,BEAR_REJECTION_PENDING,SHORT,52.0,MARGINAL,HOSTILE,0.14,NEUTRAL
2026-07-28,STTK,6.0,0.06,0.094,COMPRESSION,6,479.0,0.07,0.11,MINOR,8,417.0,10,20,BEAR_REJECTION_PENDING,SHORT,61.1,CONVICTION,HOSTILE,0.6376,RISING
2026-07-28,VRNS,6.0,0.02,0.009,MINOR,3,279.0,0.165,0.073,COMPRESSION,17,1330.0,16,51,BEAR_REJECTION_PENDING,SHORT,58.0,MARGINAL,HOSTILE,2.2512,NEUTRAL
2026-07-28,OMDA,6.0,0.29,0.289,COMPRESSION,29,361.0,0.17,0.169,COMPRESSION,17,1438.0,43,19,BEAR_REJECTION_PENDING,SHORT,71.5,CONVICTION,HOSTILE,1.0032,NEUTRAL
2026-07-28,REAL,6.0,0.06,0.102,MINOR,7,581.0,0.2,0.34,COMPRESSION,21,564.0,17,53,BEAR_REJECTION_PENDING,SHORT,60.9,CONVICTION,HOSTILE,0.5879,RISING
2026-07-28,MAN,6.0,0.06,0.018,COMPRESSION,7,788.0,0.25,0.076,COMPRESSION,25,430.0,3,32,BEAR_REJECTION_PENDING,SHORT,67.8,CONVICTION,HOSTILE,3.3009,NEUTRAL
2026-07-28,ALMS,6.0,0.21,0.108,COMPRESSION,22,262.0,0.08,0.041,MINOR,8,89.0,47,7,BEAR_REJECTION_PENDING,SHORT,65.5,CONVICTION,HOSTILE,1.9436,NEUTRAL
2026-07-28,TNDM,6.0,0.05,0.05,COMPRESSION,6,221.0,0.01,0.01,COMPRESSION,1,23.0,19,27,BEAR_REJECTION_PENDING,SHORT,40.0,MARGINAL,HOSTILE,0.9952,RISING
2026-07-28,XMTR,6.0,2.796,0.488,CONVICTION,280,1132.0,1.13,0.197,CONVICTION,113,282.0,32,21,BEAR_REJECTION_PENDING,SHORT,52.0,MARGINAL,HOSTILE,5.7243,NEUTRAL
2026-07-28,TWST,6.0,2.44,0.384,CONVICTION,244,1355.0,3.18,0.5,CONVICTION,318,692.0,26,26,BEAR_REJECTION_PENDING,SHORT,48.0,MARGINAL,HOSTILE,6.3554,NEUTRAL
2026-07-28,FA,6.0,0.41,0.426,COMPRESSION,42,940.0,0.14,0.146,COMPRESSION,15,115.0,42,44,BEAR_REJECTION_PENDING,SHORT,54.5,MARGINAL,HOSTILE,0.9617,NEUTRAL
2026-07-28,GPRE,6.0,0.49,0.5,COMPRESSION,49,12.0,0.01,0.01,COMPRESSION,1,815.0,42,21,BEAR_REJECTION_PENDING,SHORT,67.0,CONVICTION,HOSTILE,0.9793,RISING
2026-07-28,GRPN,6.0,0.32,0.146,COMPRESSION,33,838.0,0.91,0.415,COMPRESSION,92,353.0,21,48,BEAR_REJECTION_PENDING,SHORT,50.1,MARGINAL,HOSTILE,2.1933,NEUTRAL
2026-07-28,PACS,6.0,0.6615,0.329,MINOR,67,289.0,0.17,0.085,COMPRESSION,18,984.0,14,47,BEAR_REJECTION_PENDING,SHORT,58.0,MARGINAL,HOSTILE,2.0103,RISING
2026-07-28,NKTR,6.0,2.24,0.635,CONVICTION,224,1163.0,0.275,0.078,COMPRESSION,28,49.0,27,57,BEAR_REJECTION_PENDING,SHORT,73.6,CONVICTION,HOSTILE,3.5264,RISING
2026-07-28,NRIX,6.0,0.36,0.29,MINOR,36,1310.0,0.07,0.056,COMPRESSION,8,102.0,16,14,BEAR_REJECTION_PENDING,SHORT,52.6,MARGINAL,HOSTILE,1.2431,NEUTRAL
2026-07-28,ZGN,6.0,0.055,0.088,MINOR,6,44.0,0.48,0.766,COMPRESSION,49,60.0,6,56,BEAR_REJECTION_PENDING,SHORT,52.8,MARGINAL,HOSTILE,0.6264,RISING
2026-07-28,COAG,6.0,0.1,0.022,MINOR,10,123.0,0.47,0.106,COMPRESSION,47,507.0,1,36,BEAR_REJECTION_PENDING,SHORT,52.0,MARGINAL,HOSTILE,4.4474,RISING
2026-07-28,AVTX,6.0,0.015,0.012,MINOR,2,10.0,0.17,0.141,COMPRESSION,18,764.0,2,34,BEAR_REJECTION_PENDING,SHORT,52.0,MARGINAL,HOSTILE,1.207,NEUTRAL
2026-07-28,CBRL,6.0,1.53,0.57,CONVICTION,154,1090.0,0.155,0.058,COMPRESSION,16,551.0,36,40,BEAR_REJECTION_PENDING,SHORT,62.0,CONVICTION,HOSTILE,2.6845,NEUTRAL
2026-07-28,SYRE,6.0,0.02,0.003,MINOR,3,60.0,0.64,0.104,COMPRESSION,65,1446.0,5,37,BEAR_REJECTION_PENDING,SHORT,52.0,MARGINAL,HOSTILE,6.1522,NEUTRAL
2026-07-28,ACRS,6.0,0.11,0.352,MINOR,12,92.0,0.035,0.112,MINOR,4,183.0,18,12,BEAR_REJECTION_PENDING,SHORT,62.5,CONVICTION,HOSTILE,0.3127,NEUTRAL
2026-07-28,WNC,6.0,0.11,0.155,MINOR,12,905.0,0.04,0.056,COMPRESSION,5,1183.0,11,23,BEAR_REJECTION_PENDING,SHORT,68.0,CONVICTION,HOSTILE,0.7106,FALLING
2026-07-28,LASR,6.0,0.27,0.041,COMPRESSION,27,531.0,2.02,0.304,CONVICTION,203,939.0,22,47,BEAR_REJECTION_PENDING,SHORT,58.0,MARGINAL,HOSTILE,6.6423,FALLING
2026-07-28,CLYM,6.0,0.9855,0.925,MINOR,99,578.0,0.01,0.009,COMPRESSION,1,1055.0,41,23,BEAR_REJECTION_PENDING,SHORT,64.0,CONVICTION,HOSTILE,1.065,NEUTRAL
2026-07-28,XNCR,6.0,0.6,0.424,MINOR,61,1495.0,0.042,0.03,COMPRESSION,5,190.0,19,20,BEAR_REJECTION_PENDING,SHORT,57.7,MARGINAL,HOSTILE,1.4137,RISING
2026-07-28,CYRX,6.0,0.9,1.087,MINOR,90,627.0,0.08,0.097,COMPRESSION,9,706.0,28,38,BEAR_REJECTION_PENDING,SHORT,52.0,MARGINAL,HOSTILE,0.8281,NEUTRAL
2026-07-28,VCYT,6.0,1.2744,0.476,VACUUM,128,680.0,0.09,0.034,COMPRESSION,9,390.0,55,42,BEAR_REJECTION_PENDING,SHORT,55.6,MARGINAL,HOSTILE,2.6786,FALLING
2026-07-28,DMRA,6.0,0.05,0.018,COMPRESSION,5,1084.0,0.09,0.032,COMPRESSION,9,1135.0,38,17,BEAR_REJECTION_PENDING,SHORT,63.5,CONVICTION,HOSTILE,2.7783,NEUTRAL
2026-07-28,KYMR,6.0,1.65,0.304,VACUUM,165,37.0,2.41,0.444,CONVICTION,241,1404.0,44,10,BEAR_REJECTION_PENDING,SHORT,76.0,CONVICTION,HOSTILE,5.4253,NEUTRAL
2026-07-28,ZBIO,6.0,0.07,0.035,MINOR,8,3.0,0.52,0.256,COMPRESSION,52,633.0,2,30,BEAR_REJECTION_PENDING,SHORT,55.4,MARGINAL,HOSTILE,2.0286,RISING
2026-07-28,ANDG,6.0,0.01,0.004,MINOR,1,77.0,0.14,0.053,COMPRESSION,15,779.0,3,33,BEAR_REJECTION_PENDING,SHORT,52.0,MARGINAL,HOSTILE,2.6478,RISING
2026-07-28,NVEC,6.0,3.5,0.363,CONVICTION,350,1118.0,20.68,2.147,CONVICTION,2068,854.0,16,42,BEAR_REJECTION_PENDING,SHORT,86.9,CONVICTION,HOSTILE,9.6311,FALLING
2026-07-28,QLYS,6.0,1.02,0.116,VACUUM,103,382.0,0.86,0.098,COMPRESSION,86,791.0,37,22,BEAR_REJECTION_PENDING,SHORT,64.0,CONVICTION,HOSTILE,8.8066,FALLING
2026-07-28,BCAX,6.0,0.05,0.034,MINOR,5,169.0,0.385,0.264,COMPRESSION,39,642.0,48,10,BEAR_REJECTION_PENDING,SHORT,48.0,MARGINAL,HOSTILE,1.4576,NEUTRAL
2026-07-28,BLLN,6.0,0.25,0.034,MINOR,25,101.0,1.21,0.167,CONVICTION,122,1488.0,7,27,BEAR_REJECTION_PENDING,SHORT,58.2,MARGINAL,HOSTILE,7.2467,NEUTRAL
2026-07-28,NSP,6.0,0.22,0.086,COMPRESSION,22,945.0,1.04,0.406,CONVICTION,104,736.0,19,49,BEAR_REJECTION_PENDING,SHORT,78.8,CONVICTION,HOSTILE,2.5629,NEUTRAL
2026-07-28,CDNA,6.0,0.055,0.026,MINOR,6,190.0,0.48,0.224,MINOR,49,792.0,47,3,BEAR_REJECTION_PENDING,SHORT,40.0,MARGINAL,HOSTILE,2.1448,NEUTRAL
2026-07-28,MAX,6.0,0.07,0.11,COMPRESSION,8,405.0,0.09,0.142,COMPRESSION,9,1179.0,14,48,BEAR_REJECTION_PENDING,SHORT,52.0,MARGINAL,HOSTILE,0.6351,NEUTRAL
2026-07-28,PESI,6.0,0.22,0.169,COMPRESSION,23,415.0,0.04,0.031,COMPRESSION,5,1358.0,35,17,BEAR_REJECTION_PENDING,SHORT,59.8,MARGINAL,HOSTILE,1.3021,RISING
2026-07-28,URGN,6.0,0.13,0.062,MINOR,13,256.0,0.08,0.038,COMPRESSION,8,99.0,25,34,BEAR_REJECTION_PENDING,SHORT,52.0,MARGINAL,HOSTILE,2.1083,RISING
2026-07-28,HRI,6.0,28.07,3.884,CONVICTION,2808,792.0,1.79,0.248,CONVICTION,180,518.0,17,63,BEAR_REJECTION_PENDING,SHORT,52.0,MARGINAL,HOSTILE,7.2267,RISING
2026-07-28,HELE,6.0,0.74,0.405,COMPRESSION,74,1283.0,0.115,0.063,MINOR,12,134.0,19,53,BEAR_REJECTION_PENDING,SHORT,52.0,MARGINAL,HOSTILE,1.8294,NEUTRAL
2026-07-28,ETON,6.0,0.86,0.38,MINOR,86,423.0,0.26,0.115,MINOR,26,241.0,25,18,BEAR_REJECTION_PENDING,SHORT,52.0,MARGINAL,HOSTILE,2.2651,RISING
2026-07-28,EVER,6.0,0.3,0.217,COMPRESSION,31,141.0,0.38,0.275,COMPRESSION,39,316.0,16,68,BEAR_REJECTION_PENDING,SHORT,66.7,CONVICTION,HOSTILE,1.3821,NEUTRAL
2026-07-28,MEI,6.0,0.0321,0.026,MINOR,4,1152.0,0.21,0.17,MINOR,22,1230.0,22,25,BEAR_REJECTION_PENDING,SHORT,57.4,MARGINAL,HOSTILE,1.2385,NEUTRAL
2026-07-28,ELVN,6.0,0.2,0.079,MINOR,21,392.0,0.15,0.059,COMPRESSION,15,1465.0,21,13,BEAR_REJECTION_PENDING,SHORT,52.0,MARGINAL,HOSTILE,2.5439,NEUTRAL
2026-07-28,PLSE,6.0,0.045,0.022,MINOR,5,41.0,0.06,0.029,COMPRESSION,6,804.0,8,55,BEAR_REJECTION_PENDING,SHORT,52.9,MARGINAL,HOSTILE,2.0645,RISING
2026-07-28,DRTS,6.0,0.05,0.054,MINOR,5,108.0,0.045,0.049,COMPRESSION,5,911.0,54,11,BEAR_REJECTION_PENDING,SHORT,65.7,CONVICTION,HOSTILE,0.9178,FALLING
2026-07-28,GRAL,6.0,0.385,0.093,MINOR,39,379.0,0.72,0.174,COMPRESSION,72,263.0,25,14,BEAR_REJECTION_PENDING,SHORT,54.0,MARGINAL,HOSTILE,4.147,FALLING
2026-07-28,SEZL,6.0,4.27,0.314,CONVICTION,428,841.0,5.0,0.367,CONVICTION,500,1217.0,42,44,BEAR_REJECTION_PENDING,SHORT,64.6,CONVICTION,HOSTILE,13.6064,NEUTRAL
2026-07-28,FEIM,6.0,1.92,0.289,VACUUM,193,1113.0,0.075,0.011,COMPRESSION,8,660.0,46,35,BEAR_REJECTION_PENDING,SHORT,58.0,MARGINAL,HOSTILE,6.6543,RISING
2026-07-28,LBRX,6.0,0.28,0.124,MINOR,29,127.0,0.95,0.422,COMPRESSION,95,437.0,15,57,BEAR_REJECTION_PENDING,SHORT,52.0,MARGINAL,HOSTILE,2.2495,RISING
2026-07-28,ALIT,6.0,0.48,0.257,COMPRESSION,49,608.0,0.37,0.198,COMPRESSION,37,248.0,46,26,BEAR_REJECTION_PENDING,SHORT,52.0,MARGINAL,HOSTILE,1.8648,FALLING
2026-07-28,CGEM,6.0,0.1,0.113,MINOR,11,614.0,0.24,0.271,COMPRESSION,25,1239.0,15,17,BEAR_REJECTION_PENDING,SHORT,56.9,MARGINAL,HOSTILE,0.8857,FALLING
2026-07-28,ATEX,6.0,0.99,0.135,COMPRESSION,99,946.0,0.09,0.012,MINOR,10,36.0,36,37,BEAR_REJECTION_PENDING,SHORT,52.0,MARGINAL,HOSTILE,7.3385,NEUTRAL
2026-07-28,ANRO,6.0,0.055,0.026,MINOR,6,252.0,0.85,0.395,MINOR,86,1061.0,3,19,BEAR_REJECTION_PENDING,SHORT,52.0,MARGINAL,HOSTILE,2.1539,NEUTRAL
2026-07-28,FTK,6.0,0.03,0.018,COMPRESSION,3,579.0,0.15,0.09,COMPRESSION,16,690.0,53,25,SHORT_UPPER_DIRTY,SHORT,48.0,MARGINAL,HOSTILE,1.6583,FALLING
2026-07-28,VEEE,6.0,0.055,0.005,MINOR,6,440.0,0.61,0.051,COMPRESSION,62,897.0,6,37,BEAR_REJECTION_PENDING,SHORT,62.0,CONVICTION,HOSTILE,11.8557,NEUTRAL
2026-07-28,RAPP,6.0,0.025,0.009,MINOR,3,224.0,1.215,0.444,VACUUM,122,1171.0,5,14,BEAR_REJECTION_PENDING,SHORT,52.0,MARGINAL,HOSTILE,2.7339,NEUTRAL
2026-07-28,LB,6.0,0.66,0.211,COMPRESSION,66,810.0,1.02,0.326,CONVICTION,102,551.0,20,28,BEAR_REJECTION_PENDING,SHORT,65.3,CONVICTION,HOSTILE,3.1273,FALLING
2026-07-28,NVCT,6.0,6.3,5.254,CONVICTION,631,652.0,0.06,0.05,COMPRESSION,7,95.0,19,43,BEAR_REJECTION_PENDING,SHORT,52.0,MARGINAL,HOSTILE,1.1992,RISING
2026-07-28,MNPR,6.0,1.62,0.181,VACUUM,163,37.0,0.54,0.06,MINOR,54,1097.0,7,31,BEAR_REJECTION_PENDING,SHORT,74.0,CONVICTION,HOSTILE,8.9631,FALLING
2026-07-28,DAVE,6.0,3.14,0.129,CONVICTION,315,367.0,5.75,0.236,CONVICTION,575,1262.0,52,28,BEAR_REJECTION_PENDING,SHORT,52.0,MARGINAL,HOSTILE,24.4,NEUTRAL
2026-07-28,NVRI,6.0,0.08,0.085,MINOR,9,443.0,0.3,0.318,COMPRESSION,31,1131.0,11,14,BEAR_REJECTION_PENDING,SHORT,52.0,MARGINAL,HOSTILE,0.9441,NEUTRAL
2026-07-28,CLSK,6.0,0.01,0.008,COMPRESSION,1,514.0,0.47,0.371,COMPRESSION,48,95.0,50,20,SHORT_UPPER_DIRTY,SHORT,32.2,MARGINAL,HOSTILE,1.2657,RISING
2026-07-28,CHRN,6.0,1.44,0.393,VACUUM,145,1461.0,0.31,0.085,COMPRESSION,31,5.0,17,17,BEAR_REJECTION_PENDING,SHORT,48.0,MARGINAL,HOSTILE,3.6676,NEUTRAL
2026-07-28,ATLC,6.0,0.08,0.014,COMPRESSION,8,595.0,0.52,0.09,COMPRESSION,52,404.0,16,73,BEAR_REJECTION_PENDING,SHORT,61.7,CONVICTION,HOSTILE,5.7668,NEUTRAL
2026-07-28,LIFE,6.0,0.38,0.288,COMPRESSION,38,1029.0,0.06,0.046,COMPRESSION,6,1135.0,28,12,BEAR_REJECTION_PENDING,SHORT,28.0,MARGINAL,HOSTILE,1.318,NEUTRAL
2026-07-28,NGNE,6.0,0.35,0.12,COMPRESSION,36,497.0,0.46,0.158,COMPRESSION,46,1459.0,30,34,BEAR_REJECTION_PENDING,SHORT,52.0,MARGINAL,HOSTILE,2.9143,NEUTRAL
2026-07-28,CTRN,6.0,0.08,0.027,MINOR,8,230.0,0.22,0.075,COMPRESSION,22,1098.0,15,51,BEAR_REJECTION_PENDING,SHORT,52.0,MARGINAL,HOSTILE,2.9457,NEUTRAL
2026-07-28,AMD,6.0,11.3919,0.313,VACUUM,1140,27.0,13.99,0.384,VACUUM,1400,1058.0,60,13,BEAR_REJECTION_PENDING,SHORT,78.5,CONVICTION,HOSTILE,36.4225,NEUTRAL
2026-07-28,FBRX,6.0,,,,,,21.63,2.815,CONVICTION,2163,51.0,0,49,CHANNEL_TOP_REJECT,SHORT,32.0,MARGINAL,HOSTILE,7.684,RISING
2026-07-28,LHAI,6.0,0.02,0.119,COMPRESSION,3,1052.0,0.0077,0.046,MINOR,1,287.0,22,15,BEAR_REJECTION_PENDING,SHORT,62.0,CONVICTION,HOSTILE,0.1679,NEUTRAL
2026-07-28,DELL,6.0,2.01,0.064,VACUUM,201,443.0,10.19,0.323,CONVICTION,1019,64.0,45,23,BEAR_REJECTION_PENDING,SHORT,58.0,MARGINAL,HOSTILE,31.5138,NEUTRAL
2026-07-28,SHPH,6.0,0.06,0.118,MINOR,7,34.0,0.02,0.039,MINOR,3,137.0,24,12,BEAR_REJECTION_PENDING,SHORT,70.1,CONVICTION,HOSTILE,0.5065,NEUTRAL
2026-07-28,SOBR,6.0,0.0001,0.0,MINOR,1,772.0,0.0001,0.0,COMPRESSION,1,1405.0,23,3,BEAR_REJECTION_PENDING,SHORT,50.0,MARGINAL,HOSTILE,0.4182,NEUTRAL
2026-07-28,TGB,6.0,0.21,0.403,MINOR,21,351.0,0.11,0.211,COMPRESSION,12,14.0,24,27,BEAR_REJECTION_PENDING,SHORT,52.2,MARGINAL,HOSTILE,0.5214,FALLING
2026-07-28,SPCE,6.0,0.04,0.231,MINOR,5,437.0,0.0038,0.022,MINOR,1,20.0,24,6,BEAR_REJECTION_PENDING,SHORT,50.0,MARGINAL,HOSTILE,0.173,NEUTRAL
2026-07-28,TSEM,6.0,0.475,0.022,MINOR,48,177.0,3.96,0.181,CONVICTION,396,560.0,69,9,BEAR_REJECTION_PENDING,SHORT,63.4,CONVICTION,HOSTILE,21.8664,FALLING
2026-07-28,MBGL,6.0,0.02,0.018,COMPRESSION,2,59.0,0.29,0.266,COMPRESSION,29,49.0,22,9,BEAR_REJECTION_PENDING,SHORT,54.5,MARGINAL,HOSTILE,1.0903,
2026-07-28,RXT,6.0,0.01,0.014,COMPRESSION,1,261.0,1.06,1.513,CONVICTION,106,809.0,28,7,BEAR_REJECTION_PENDING,SHORT,28.0,MARGINAL,HOSTILE,0.7007,NEUTRAL
2026-07-28,AREC,6.0,0.01,0.073,COMPRESSION,2,95.0,0.06,0.435,MINOR,6,543.0,25,20,BEAR_REJECTION_PENDING,SHORT,40.0,MARGINAL,HOSTILE,0.1379,RISING
2026-07-28,JHX,6.0,0.14,0.14,COMPRESSION,14,788.0,0.05,0.05,COMPRESSION,6,296.0,11,37,BEAR_REJECTION_PENDING,SHORT,67.4,CONVICTION,HOSTILE,1.0007,NEUTRAL
2026-07-28,DNN,6.0,0.05,0.304,COMPRESSION,6,893.0,0.04,0.243,MINOR,5,69.0,39,13,BEAR_REJECTION_PENDING,SHORT,48.0,MARGINAL,HOSTILE,0.1646,RISING
2026-07-28,AMKR,6.0,0.2075,0.04,MINOR,21,136.0,1.61,0.308,CONVICTION,161,1486.0,38,9,BEAR_REJECTION_PENDING,SHORT,46.0,MARGINAL,HOSTILE,5.2345,FALLING
2026-07-28,FRMI,6.0,0.05,0.076,COMPRESSION,6,1330.0,0.02,0.03,COMPRESSION,2,806.0,30,26,BEAR_REJECTION_PENDING,SHORT,44.7,MARGINAL,HOSTILE,0.6571,RISING
2026-07-28,NXE,6.0,0.13,0.321,COMPRESSION,14,183.0,0.16,0.395,COMPRESSION,17,74.0,37,27,BEAR_REJECTION_PENDING,SHORT,60.8,CONVICTION,HOSTILE,0.4047,FALLING
2026-07-28,IAUX,6.0,0.06,0.793,COMPRESSION,7,1078.0,0.01,0.132,COMPRESSION,2,1227.0,28,16,BEAR_REJECTION_PENDING,SHORT,48.0,MARGINAL,HOSTILE,0.0757,RISING
2026-07-28,TOI,6.0,0.08,0.19,COMPRESSION,9,394.0,0.0438,0.104,MINOR,5,32.0,34,15,BEAR_REJECTION_PENDING,SHORT,69.6,CONVICTION,HOSTILE,0.4215,FALLING
2026-07-28,QTEX,6.0,0.17,1.248,MINOR,17,837.0,0.0001,0.001,MINOR,1,391.0,22,17,BEAR_REJECTION_PENDING,SHORT,62.0,CONVICTION,HOSTILE,0.1362,NEUTRAL
2026-07-28,EXK,6.0,0.35,0.755,COMPRESSION,35,217.0,0.27,0.583,COMPRESSION,27,64.0,60,18,BEAR_REJECTION_PENDING,SHORT,28.0,MARGINAL,HOSTILE,0.4633,RISING
2026-07-28,EOSE,6.0,0.02,0.053,COMPRESSION,3,482.0,0.0016,0.004,MINOR,1,99.0,21,2,BEAR_REJECTION_PENDING,SHORT,58.0,MARGINAL,HOSTILE,0.378,FALLING
2026-07-28,MBLY,6.0,0.1,0.151,COMPRESSION,10,1267.0,0.15,0.226,COMPRESSION,15,1103.0,34,17,CHANNEL_BREAKDOWN_SHORT,SHORT,46.0,MARGINAL,HOSTILE,0.6629,FALLING
2026-07-28,QXO,6.0,0.08,0.094,COMPRESSION,9,302.0,0.09,0.105,COMPRESSION,9,101.0,36,10,BEAR_REJECTION_PENDING,SHORT,52.0,MARGINAL,HOSTILE,0.8539,RISING
2026-07-28,LEDS,6.0,0.05,0.102,MINOR,6,1005.0,0.1,0.203,COMPRESSION,10,1457.0,27,19,BEAR_REJECTION_PENDING,SHORT,64.5,CONVICTION,HOSTILE,0.4916,NEUTRAL
2026-07-28,B,6.0,0.27,0.219,COMPRESSION,28,57.0,1.61,1.307,CONVICTION,161,596.0,27,34,BEAR_REJECTION_PENDING,SHORT,28.0,MARGINAL,HOSTILE,1.2321,RISING
2026-07-28,U,6.0,0.01,0.006,COMPRESSION,1,246.0,0.65,0.389,COMPRESSION,65,324.0,8,67,BEAR_REJECTION_PENDING,SHORT,52.0,MARGINAL,HOSTILE,1.6721,NEUTRAL
2026-07-28,UUUU,6.0,0.3,0.446,MINOR,31,407.0,0.17,0.253,COMPRESSION,17,685.0,52,11,BEAR_REJECTION_PENDING,SHORT,62.0,CONVICTION,HOSTILE,0.6721,RISING
2026-07-28,DX,,0.09,0.325,COMPRESSION,9,1056.0,0.04,0.144,COMPRESSION,5,433.0,36,18,BEAR_REJECTION_PENDING,SHORT,39.6,MARGINAL,HOSTILE,0.277,FALLING
2026-07-28,GRML,6.0,0.0039,0.098,COMPRESSION,1,1343.0,0.0004,0.01,MINOR,1,415.0,19,9,BEAR_REJECTION_PENDING,SHORT,76.5,CONVICTION,HOSTILE,0.04,FALLING
2026-07-28,NUAI,6.0,0.005,0.009,MINOR,1,540.0,0.13,0.227,COMPRESSION,13,421.0,22,15,BEAR_REJECTION_PENDING,SHORT,52.0,MARGINAL,HOSTILE,0.5729,RISING
2026-07-28,FAST,6.0,0.43,0.3,COMPRESSION,43,237.0,0.12,0.084,COMPRESSION,13,521.0,9,56,BEAR_REJECTION_PENDING,SHORT,66.2,CONVICTION,HOSTILE,1.4321,RISING
2026-07-28,QUBT,6.0,0.16,0.313,COMPRESSION,17,883.0,0.325,0.636,COMPRESSION,33,275.0,42,25,BEAR_REJECTION_PENDING,SHORT,51.8,MARGINAL,HOSTILE,0.5111,NEUTRAL
2026-07-28,JOBY,6.0,0.09,0.217,COMPRESSION,9,371.0,0.16,0.387,MINOR,17,660.0,24,12,BEAR_REJECTION_PENDING,SHORT,62.0,CONVICTION,HOSTILE,0.4139,RISING
2026-07-28,GPUS,6.0,0.0058,0.784,COMPRESSION,1,715.0,0.0003,0.041,MINOR,1,82.0,30,1,BEAR_REJECTION_PENDING,SHORT,46.0,MARGINAL,HOSTILE,0.0074,NEUTRAL
2026-07-28,ORC,6.0,0.01,0.068,COMPRESSION,2,198.0,0.13,0.882,COMPRESSION,13,443.0,43,13,BEAR_REJECTION_PENDING,SHORT,57.0,MARGINAL,HOSTILE,0.1474,FALLING
2026-07-28,BTE,6.0,0.25,1.691,COMPRESSION,25,502.0,0.08,0.541,COMPRESSION,9,72.0,35,13,BEAR_REJECTION_PENDING,SHORT,52.0,MARGINAL,HOSTILE,0.1478,RISING
2026-07-28,NXXT,6.0,0.0011,0.022,MINOR,1,1142.0,0.0162,0.329,COMPRESSION,2,46.0,15,9,BEAR_REJECTION_PENDING,SHORT,62.0,CONVICTION,HOSTILE,0.0493,NEUTRAL
2026-07-28,FTRK,6.0,0.0105,0.105,MINOR,2,881.0,0.0003,0.003,MINOR,1,561.0,10,5,BEAR_REJECTION_PENDING,SHORT,62.0,CONVICTION,HOSTILE,0.1003,NEUTRAL
2026-07-28,BTBT,6.0,0.005,0.041,COMPRESSION,1,1333.0,0.001,0.008,MINOR,1,585.0,19,4,BEAR_REJECTION_PENDING,SHORT,58.0,MARGINAL,HOSTILE,0.1211,FALLING
2026-07-28,LCID,6.0,0.119,0.134,COMPRESSION,12,359.0,0.05,0.056,COMPRESSION,5,669.0,40,12,BEAR_REJECTION_PENDING,SHORT,50.0,MARGINAL,HOSTILE,0.8909,RISING
2026-07-28,REI,6.0,0.02,0.313,COMPRESSION,3,603.0,0.02,0.313,COMPRESSION,3,86.0,26,8,BEAR_REJECTION_PENDING,SHORT,50.2,MARGINAL,HOSTILE,0.064,RISING
2026-07-28,FFAI,6.0,0.02,0.005,MINOR,3,821.0,0.0001,0.0,MINOR,1,278.0,29,1,BEAR_REJECTION_PENDING,SHORT,68.0,CONVICTION,HOSTILE,3.6796,FALLING
2026-07-28,ARBE,6.0,0.0008,0.012,MINOR,1,866.0,0.0255,0.398,COMPRESSION,3,668.0,51,15,BEAR_REJECTION_PENDING,SHORT,68.0,CONVICTION,HOSTILE,0.0641,FALLING
2026-07-28,ORBS,6.0,0.0064,0.122,COMPRESSION,1,1157.0,0.0111,0.212,MINOR,2,188.0,19,7,BEAR_REJECTION_PENDING,SHORT,62.0,CONVICTION,HOSTILE,0.0524,NEUTRAL
2026-07-28,RR,6.0,0.02,0.215,COMPRESSION,3,1448.0,0.1,1.076,COMPRESSION,11,774.0,18,4,BEAR_REJECTION_PENDING,SHORT,58.0,MARGINAL,HOSTILE,0.0929,FALLING
2026-07-28,GPRO,6.0,0.0095,0.207,COMPRESSION,1,736.0,0.0079,0.172,COMPRESSION,1,195.0,30,18,BEAR_REJECTION_PENDING,SHORT,62.0,CONVICTION,HOSTILE,0.0458,RISING
2026-07-28,SPRO,6.0,0.02,0.123,MINOR,3,770.0,0.0036,0.022,MINOR,1,745.0,24,8,BEAR_REJECTION_PENDING,SHORT,68.0,CONVICTION,HOSTILE,0.1626,FALLING
2026-07-28,PLUG,6.0,0.03,0.202,MINOR,3,680.0,0.01,0.067,MINOR,2,1214.0,12,3,BEAR_REJECTION_PENDING,SHORT,54.6,MARGINAL,HOSTILE,0.1482,RISING
2026-07-28,SLB,6.0,0.21,0.142,COMPRESSION,22,781.0,2.02,1.37,CONVICTION,203,251.0,40,43,BEAR_REJECTION_PENDING,SHORT,59.5,MARGINAL,HOSTILE,1.4745,RISING
2026-07-28,ZBAO,6.0,0.0152,0.127,COMPRESSION,2,457.0,0.0001,0.001,MINOR,1,1230.0,15,5,BEAR_REJECTION_PENDING,SHORT,62.0,CONVICTION,HOSTILE,0.12,RISING
2026-07-28,LUMN,6.0,0.11,0.39,MINOR,11,375.0,0.17,0.603,COMPRESSION,17,86.0,42,4,BEAR_REJECTION_PENDING,SHORT,44.0,MARGINAL,HOSTILE,0.282,FALLING
2026-07-28,MVST,6.0,0.0101,0.138,MINOR,2,125.0,0.03,0.411,COMPRESSION,4,125.0,32,11,BEAR_REJECTION_PENDING,SHORT,75.1,CONVICTION,HOSTILE,0.073,FALLING
2026-07-28,DNLI,6.0,0.05,0.036,COMPRESSION,6,51.0,0.2,0.145,COMPRESSION,20,658.0,20,31,BEAR_REJECTION_PENDING,SHORT,52.0,MARGINAL,HOSTILE,1.3825,NEUTRAL
2026-07-28,NXTC,6.0,0.0308,0.024,MINOR,4,89.0,0.04,0.031,MINOR,5,1406.0,15,19,BEAR_REJECTION_PENDING,SHORT,52.0,MARGINAL,HOSTILE,1.27,NEUTRAL
2026-07-28,COTY,6.0,0.005,0.035,MINOR,1,1328.0,0.03,0.208,COMPRESSION,4,111.0,1,34,,,,NONE,HOSTILE,0.1439,RISING
2026-07-28,SOC,6.0,0.14,0.387,COMPRESSION,14,205.0,0.135,0.373,COMPRESSION,14,170.0,24,10,BEAR_REJECTION_PENDING,SHORT,62.0,CONVICTION,HOSTILE,0.3622,RISING
2026-07-28,VMAR,6.0,0.0172,0.053,MINOR,2,566.0,0.0101,0.031,MINOR,2,15.0,42,5,BEAR_REJECTION_PENDING,SHORT,62.0,CONVICTION,HOSTILE,0.3222,RISING
2026-07-28,KOS,6.0,0.15,0.766,COMPRESSION,15,1240.0,0.07,0.358,COMPRESSION,7,1033.0,29,25,BEAR_REJECTION_PENDING,SHORT,62.0,CONVICTION,HOSTILE,0.1957,RISING
2026-07-28,CMCSA,6.0,0.04,0.048,MINOR,4,83.0,0.13,0.157,COMPRESSION,13,207.0,13,23,BEAR_REJECTION_PENDING,SHORT,46.0,MARGINAL,HOSTILE,0.8281,FALLING
2026-07-28,KTOS,6.0,0.28,0.103,COMPRESSION,29,1159.0,0.5,0.183,COMPRESSION,50,304.0,11,18,BEAR_REJECTION_PENDING,SHORT,49.7,MARGINAL,HOSTILE,2.7259,RISING
2026-07-28,LAES,6.0,0.05,0.32,COMPRESSION,5,1355.0,0.11,0.705,MINOR,11,709.0,33,6,BEAR_REJECTION_PENDING,SHORT,52.6,MARGINAL,HOSTILE,0.1561,RISING
2026-07-28,VIVK,6.0,0.52,0.293,COMPRESSION,52,766.0,0.02,0.011,MINOR,3,360.0,5,6,BEAR_REJECTION_PENDING,SHORT,52.0,MARGINAL,HOSTILE,1.7737,RISING
2026-07-28,GLXY,6.0,0.02,0.011,COMPRESSION,2,146.0,0.02,0.011,MINOR,2,1062.0,34,17,BEAR_REJECTION_PENDING,SHORT,38.0,MARGINAL,HOSTILE,1.8084,NEUTRAL
2026-07-28,CNH,6.0,0.185,0.543,COMPRESSION,19,721.0,0.03,0.088,COMPRESSION,4,62.0,11,54,BEAR_REJECTION_PENDING,SHORT,64.4,CONVICTION,HOSTILE,0.3407,RISING
2026-07-28,OPEN,6.0,0.1,0.289,MINOR,10,1175.0,0.0018,0.005,MINOR,1,131.0,22,1,BEAR_REJECTION_PENDING,SHORT,65.0,CONVICTION,HOSTILE,0.3457,FALLING
2026-07-28,TE,6.0,0.03,0.052,MINOR,4,482.0,0.08,0.139,COMPRESSION,9,1069.0,53,2,BEAR_REJECTION_PENDING,SHORT,34.8,MARGINAL,HOSTILE,0.5746,FALLING
2026-07-28,GRAB,6.0,0.09,0.63,COMPRESSION,9,866.0,0.01,0.07,MINOR,2,328.0,24,11,BEAR_REJECTION_PENDING,SHORT,56.0,MARGINAL,HOSTILE,0.1429,FALLING
2026-07-28,IOVA,6.0,0.04,0.1,COMPRESSION,5,385.0,0.0099,0.025,MINOR,1,283.0,7,12,BEAR_REJECTION_PENDING,SHORT,58.2,MARGINAL,HOSTILE,0.3999,RISING
2026-07-28,BYND,,0.0019,0.059,MINOR,1,782.0,0.0001,0.003,MINOR,1,18.0,22,3,BEAR_REJECTION_PENDING,SHORT,43.3,MARGINAL,HOSTILE,0.0324,RISING
2026-07-28,WMT,6.0,0.28,0.114,COMPRESSION,29,125.0,0.04,0.016,COMPRESSION,5,639.0,24,75,BEAR_REJECTION_PENDING,SHORT,87.7,CONVICTION,HOSTILE,2.4461,FALLING
2026-07-28,SNAP,6.0,0.09,0.479,COMPRESSION,10,222.0,0.06,0.319,COMPRESSION,7,933.0,27,13,BEAR_REJECTION_PENDING,SHORT,56.0,MARGINAL,HOSTILE,0.1879,FALLING
2026-07-28,OCGN,6.0,0.01,0.138,COMPRESSION,2,800.0,0.059,0.814,COMPRESSION,6,968.0,39,14,BEAR_REJECTION_PENDING,SHORT,34.0,MARGINAL,HOSTILE,0.0725,FALLING
2026-07-28,AEG,6.0,0.03,0.221,COMPRESSION,3,88.0,0.13,0.957,COMPRESSION,13,287.0,15,60,BEAR_REJECTION_PENDING,SHORT,52.0,MARGINAL,HOSTILE,0.1359,RISING
2026-07-28,PFE,6.0,0.339,0.758,COMPRESSION,34,336.0,0.11,0.246,COMPRESSION,11,190.0,21,28,BEAR_REJECTION_PENDING,SHORT,62.5,CONVICTION,HOSTILE,0.4474,RISING
2026-07-28,KO,6.0,0.08,0.048,MINOR,8,103.0,0.825,0.496,COMPRESSION,83,169.0,3,85,BEAR_REJECTION_PENDING,SHORT,68.0,CONVICTION,HOSTILE,1.6639,FALLING
2026-07-28,COUR,6.0,0.0034,0.015,COMPRESSION,1,935.0,0.01,0.045,COMPRESSION,2,251.0,18,27,BEAR_REJECTION_PENDING,SHORT,58.0,MARGINAL,HOSTILE,0.2211,FALLING
2026-07-28,T,6.0,0.05,0.071,COMPRESSION,6,81.0,0.25,0.357,COMPRESSION,25,1291.0,15,74,BEAR_REJECTION_PENDING,SHORT,60.2,CONVICTION,HOSTILE,0.7004,RISING
2026-07-28,SBET,6.0,0.195,0.524,COMPRESSION,20,732.0,0.23,0.618,COMPRESSION,24,66.0,38,47,BEAR_REJECTION_PENDING,SHORT,62.0,CONVICTION,HOSTILE,0.3721,RISING
2026-07-28,TSHA,6.0,0.05,0.109,COMPRESSION,5,1252.0,0.17,0.369,MINOR,17,215.0,34,14,BEAR_REJECTION_PENDING,SHORT,52.0,MARGINAL,HOSTILE,0.4606,NEUTRAL
2026-07-28,ACHR,6.0,0.07,0.207,MINOR,7,514.0,0.03,0.089,COMPRESSION,4,123.0,22,10,BEAR_REJECTION_PENDING,SHORT,44.0,MARGINAL,HOSTILE,0.3388,FALLING
2026-07-28,KDP,6.0,2.33,2.938,CONVICTION,233,745.0,0.09,0.113,COMPRESSION,9,391.0,21,15,BEAR_REJECTION_PENDING,SHORT,85.0,CONVICTION,HOSTILE,0.7931,FALLING
2026-07-28,NU,6.0,0.04,0.082,MINOR,4,214.0,0.16,0.328,COMPRESSION,17,172.0,11,43,BEAR_REJECTION_PENDING,SHORT,46.7,MARGINAL,HOSTILE,0.4875,RISING
2026-07-28,PURR,6.0,0.01,0.02,COMPRESSION,1,793.0,0.02,0.04,COMPRESSION,3,372.0,49,15,CHANNEL_BREAKDOWN_SHORT,SHORT,46.0,MARGINAL,HOSTILE,0.5025,FALLING
2026-07-28,XE,6.0,0.33,0.25,COMPRESSION,33,797.0,0.25,0.189,COMPRESSION,25,80.0,36,23,BEAR_REJECTION_PENDING,SHORT,50.0,MARGINAL,HOSTILE,1.3205,RISING
2026-07-28,ABT,6.0,12.12,3.937,CONVICTION,1213,320.0,1.03,0.335,CONVICTION,104,109.0,16,78,BEAR_REJECTION_PENDING,SHORT,87.0,CONVICTION,HOSTILE,3.0782,RISING
2026-07-28,GIS,6.0,0.12,0.102,COMPRESSION,12,339.0,0.21,0.179,COMPRESSION,22,101.0,44,32,BEAR_REJECTION_PENDING,SHORT,68.0,CONVICTION,HOSTILE,1.1764,FALLING
2026-07-28,BULL,6.0,0.08,0.199,COMPRESSION,9,640.0,0.02,0.05,COMPRESSION,3,187.0,45,22,BEAR_REJECTION_PENDING,SHORT,48.8,MARGINAL,HOSTILE,0.4018,NEUTRAL
2026-07-28,MOS,6.0,0.31,0.362,COMPRESSION,31,859.0,0.2,0.234,COMPRESSION,20,282.0,6,39,BEAR_REJECTION_PENDING,SHORT,28.0,MARGINAL,HOSTILE,0.8557,RISING
2026-07-28,BAX,6.0,0.16,0.196,COMPRESSION,17,346.0,0.22,0.27,COMPRESSION,22,324.0,5,59,BEAR_REJECTION_PENDING,SHORT,91.0,CONVICTION,HOSTILE,0.8158,NEUTRAL
2026-07-28,ET,6.0,0.14,0.438,COMPRESSION,14,8.0,0.13,0.407,COMPRESSION,13,190.0,25,42,BEAR_REJECTION_PENDING,SHORT,77.0,CONVICTION,HOSTILE,0.3197,NEUTRAL
2026-07-28,WFC,,0.85,0.393,COMPRESSION,86,877.0,0.51,0.236,COMPRESSION,51,1190.0,20,57,BEAR_REJECTION_PENDING,SHORT,61.3,CONVICTION,HOSTILE,2.1625,NEUTRAL
2026-07-28,ORCL,6.0,2.14,0.32,CONVICTION,215,460.0,3.1,0.463,VACUUM,311,69.0,49,14,BEAR_REJECTION_PENDING,SHORT,56.0,MARGINAL,HOSTILE,6.6971,RISING
2026-07-28,SMR,6.0,0.17,0.277,COMPRESSION,17,560.0,0.235,0.383,COMPRESSION,24,89.0,25,29,BEAR_REJECTION_PENDING,SHORT,61.9,CONVICTION,HOSTILE,0.6132,RISING
2026-07-28,POET,6.0,0.05,0.076,COMPRESSION,6,1063.0,0.26,0.395,COMPRESSION,26,946.0,25,5,BEAR_REJECTION_PENDING,SHORT,52.0,MARGINAL,HOSTILE,0.6586,NEUTRAL
2026-07-28,PCG,6.0,1.28,3.211,CONVICTION,129,181.0,0.05,0.125,COMPRESSION,6,159.0,28,47,BEAR_REJECTION_PENDING,SHORT,86.6,CONVICTION,HOSTILE,0.3986,RISING
2026-07-28,RCAT,6.0,0.085,0.143,COMPRESSION,9,1431.0,0.03,0.051,MINOR,3,183.0,54,4,BEAR_REJECTION_PENDING,SHORT,68.0,CONVICTION,HOSTILE,0.5932,FALLING
2026-07-28,FTNT,6.0,0.4,0.063,MINOR,41,561.0,0.035,0.005,COMPRESSION,4,402.0,31,34,BEAR_REJECTION_PENDING,SHORT,52.0,MARGINAL,HOSTILE,6.3877,NEUTRAL
2026-07-28,KHC,6.0,0.15,0.22,COMPRESSION,15,343.0,0.04,0.059,COMPRESSION,4,953.0,7,68,BEAR_REJECTION_PENDING,SHORT,68.7,CONVICTION,HOSTILE,0.6832,FALLING
2026-07-28,TFC,6.0,0.1,0.083,COMPRESSION,11,150.0,0.27,0.225,COMPRESSION,28,17.0,14,75,BEAR_REJECTION_PENDING,SHORT,52.0,MARGINAL,HOSTILE,1.2018,NEUTRAL
2026-07-28,BAC,,0.005,0.004,MINOR,1,16.0,0.08,0.065,COMPRESSION,9,24.0,3,78,BEAR_REJECTION_PENDING,SHORT,55.8,MARGINAL,HOSTILE,1.237,NEUTRAL
2026-07-28,JPM,,0.13,0.017,MINOR,13,21.0,2.99,0.387,CONVICTION,300,6.0,7,75,CHANNEL_TOP_REJECT,SHORT,54.0,MARGINAL,HOSTILE,7.7183,NEUTRAL
2026-07-28,MSTR,6.0,3.01,0.539,CONVICTION,302,159.0,1.17,0.21,CONVICTION,118,98.0,47,28,BEAR_REJECTION_PENDING,SHORT,76.7,CONVICTION,HOSTILE,5.5818,RISING
2026-07-28,RDW,6.0,0.11,0.158,COMPRESSION,12,35.0,0.05,0.072,COMPRESSION,6,185.0,37,11,BEAR_REJECTION_PENDING,SHORT,38.0,MARGINAL,HOSTILE,0.6966,RISING
2026-07-28,S,6.0,0.01,0.01,COMPRESSION,1,273.0,0.28,0.267,COMPRESSION,29,1153.0,36,40,BEAR_REJECTION_PENDING,SHORT,56.0,MARGINAL,HOSTILE,1.0482,FALLING
2026-07-28,AVTR,6.0,0.3,0.575,COMPRESSION,31,85.0,0.02,0.038,COMPRESSION,3,255.0,8,35,BEAR_REJECTION_PENDING,SHORT,66.6,CONVICTION,HOSTILE,0.5219,NEUTRAL
2026-07-28,CLF,6.0,0.07,0.116,COMPRESSION,8,882.0,0.37,0.614,COMPRESSION,37,660.0,26,42,BEAR_REJECTION_PENDING,SHORT,24.0,MARGINAL,HOSTILE,0.6023,RISING
2026-07-28,JNJ,6.0,,,,,,2.16,0.36,CONVICTION,217,362.0,0,81,,,,NONE,HOSTILE,6.0025,RISING
2026-07-28,EQX,6.0,0.27,0.638,COMPRESSION,27,722.0,0.18,0.426,COMPRESSION,19,94.0,24,43,BEAR_REJECTION_PENDING,SHORT,28.0,MARGINAL,HOSTILE,0.4229,RISING
2026-07-28,TSCO,6.0,0.23,0.21,COMPRESSION,23,520.0,0.67,0.613,COMPRESSION,68,78.0,13,34,BEAR_REJECTION_PENDING,SHORT,62.3,CONVICTION,HOSTILE,1.0935,RISING
2026-07-28,ARI,6.0,0.0094,0.022,COMPRESSION,1,419.0,,,,,,29,0,BEAR_REJECTION_PENDING,SHORT,64.0,CONVICTION,HOSTILE,0.435,FALLING
2026-07-28,OKTA,6.0,1.82,0.22,CONVICTION,182,661.0,2.46,0.298,CONVICTION,246,783.0,73,15,BEAR_REJECTION_PENDING,SHORT,71.2,CONVICTION,HOSTILE,8.2679,FALLING
2026-07-28,VZ,6.0,0.05,0.044,COMPRESSION,5,339.0,2.195,1.916,CONVICTION,220,1155.0,10,44,BEAR_REJECTION_PENDING,SHORT,61.9,CONVICTION,HOSTILE,1.1454,RISING
2026-07-28,NTSK,6.0,0.17,0.162,COMPRESSION,17,1022.0,0.17,0.162,COMPRESSION,18,1240.0,19,38,BEAR_REJECTION_PENDING,SHORT,50.0,MARGINAL,HOSTILE,1.0526,NEUTRAL
2026-07-28,CAG,6.0,0.3,0.521,COMPRESSION,31,902.0,0.08,0.139,COMPRESSION,9,294.0,4,65,BEAR_REJECTION_PENDING,SHORT,53.9,MARGINAL,HOSTILE,0.5763,RISING
2026-07-28,BKD,6.0,0.02,0.029,MINOR,2,36.0,0.05,0.072,COMPRESSION,5,788.0,2,50,BEAR_REJECTION_PENDING,SHORT,57.6,MARGINAL,HOSTILE,0.6979,NEUTRAL
2026-07-28,SOFI,6.0,0.11,0.133,COMPRESSION,11,590.0,0.86,1.039,COMPRESSION,87,173.0,31,18,BEAR_REJECTION_PENDING,SHORT,64.0,CONVICTION,HOSTILE,0.8274,FALLING
2026-07-28,COIN,6.0,6.86,0.774,CONVICTION,686,991.0,1.07,0.121,CONVICTION,107,298.0,64,19,BEAR_REJECTION_PENDING,SHORT,54.8,MARGINAL,HOSTILE,8.8608,RISING
2026-07-28,CVE,6.0,0.64,0.716,COMPRESSION,65,156.0,0.48,0.537,COMPRESSION,49,468.0,33,49,BEAR_REJECTION_PENDING,SHORT,68.0,CONVICTION,HOSTILE,0.8937,RISING
2026-07-28,NOW,6.0,0.17,0.026,COMPRESSION,18,1164.0,1.349,0.21,CONVICTION,135,458.0,27,47,BEAR_REJECTION_PENDING,SHORT,81.8,CONVICTION,HOSTILE,6.4279,FALLING
2026-07-28,NFLX,6.0,0.62,0.241,COMPRESSION,63,1008.0,0.31,0.121,COMPRESSION,32,78.0,10,32,BEAR_REJECTION_PENDING,SHORT,66.7,CONVICTION,HOSTILE,2.5675,RISING
2026-07-28,HTZ,6.0,0.025,0.154,COMPRESSION,3,1200.0,0.005,0.031,MINOR,1,200.0,12,23,BEAR_REJECTION_PENDING,SHORT,52.0,MARGINAL,HOSTILE,0.1621,RISING
2026-07-28,BE,6.0,3.43,0.135,VACUUM,344,8.0,1.75,0.069,VACUUM,175,1154.0,27,12,BEAR_REJECTION_PENDING,SHORT,67.0,CONVICTION,HOSTILE,25.4157,FALLING
2026-07-28,KVUE,6.0,0.05,0.122,COMPRESSION,6,617.0,0.08,0.196,COMPRESSION,8,51.0,8,66,BEAR_REJECTION_PENDING,SHORT,51.0,MARGINAL,HOSTILE,0.4086,NEUTRAL
2026-07-28,HL,6.0,0.05,0.063,COMPRESSION,5,134.0,0.43,0.545,COMPRESSION,44,147.0,80,23,BEAR_REJECTION_PENDING,SHORT,46.0,MARGINAL,HOSTILE,0.7892,FALLING
2026-07-28,XOM,6.0,7.69,2.202,CONVICTION,769,124.0,2.04,0.584,CONVICTION,204,867.0,27,83,BEAR_REJECTION_PENDING,SHORT,69.4,CONVICTION,HOSTILE,3.4918,RISING
2026-07-28,MS,,0.155,0.021,MINOR,16,46.0,1.82,0.242,CONVICTION,182,534.0,26,54,BEAR_REJECTION_PENDING,SHORT,55.9,MARGINAL,HOSTILE,7.5105,NEUTRAL
2026-07-28,DOW,6.0,1.14,0.952,CONVICTION,115,1291.0,0.22,0.184,COMPRESSION,23,490.0,32,37,BEAR_REJECTION_PENDING,SHORT,58.0,MARGINAL,HOSTILE,1.1979,RISING
2026-07-28,LYFT,6.0,0.03,0.041,COMPRESSION,3,253.0,0.23,0.317,COMPRESSION,24,393.0,27,40,BEAR_REJECTION_PENDING,SHORT,54.2,MARGINAL,HOSTILE,0.7265,FALLING
2026-07-28,ARR,,0.21,0.613,COMPRESSION,22,892.0,0.16,0.467,COMPRESSION,17,228.0,61,20,BEAR_REJECTION_PENDING,SHORT,34.0,MARGINAL,HOSTILE,0.3427,FALLING
2026-07-28,RF,6.0,0.13,0.185,COMPRESSION,13,254.0,0.05,0.071,COMPRESSION,6,390.0,22,44,BEAR_REJECTION_PENDING,SHORT,58.4,MARGINAL,HOSTILE,0.7045,NEUTRAL
2026-07-28,IAG,6.0,0.42,0.609,MINOR,42,14.0,0.345,0.5,MINOR,35,214.0,62,35,BEAR_REJECTION_PENDING,SHORT,58.4,MARGINAL,HOSTILE,0.6902,FALLING
2026-07-28,C,,2.97,0.772,CONVICTION,297,338.0,0.91,0.237,COMPRESSION,91,11.0,18,43,BEAR_REJECTION_PENDING,SHORT,92.2,CONVICTION,HOSTILE,3.8467,FALLING
2026-07-28,AXTI,6.0,0.65,0.092,COMPRESSION,66,270.0,1.41,0.2,CONVICTION,141,1309.0,28,9,BEAR_REJECTION_PENDING,SHORT,34.0,MARGINAL,HOSTILE,7.0635,NEUTRAL
2026-07-28,OXY,6.0,1.76,1.068,CONVICTION,176,131.0,1.2,0.728,CONVICTION,121,133.0,52,60,BEAR_REJECTION_PENDING,SHORT,28.2,MARGINAL,HOSTILE,1.6485,RISING
2026-07-28,DKNG,6.0,0.21,0.196,COMPRESSION,22,236.0,0.53,0.495,COMPRESSION,54,232.0,39,49,BEAR_REJECTION_PENDING,SHORT,70.1,CONVICTION,HOSTILE,1.0714,FALLING
2026-07-28,MDT,,0.2,0.094,COMPRESSION,21,116.0,0.3,0.141,COMPRESSION,31,175.0,22,55,BEAR_REJECTION_PENDING,SHORT,44.0,MARGINAL,HOSTILE,2.1266,RISING
2026-07-28,KEY,6.0,0.37,0.736,COMPRESSION,38,195.0,0.03,0.06,COMPRESSION,3,320.0,50,26,BEAR_REJECTION_PENDING,SHORT,64.8,CONVICTION,HOSTILE,0.5025,FALLING
2026-07-28,VST,6.0,3.69,0.524,CONVICTION,369,917.0,4.79,0.68,CONVICTION,479,199.0,39,24,BEAR_REJECTION_PENDING,SHORT,40.0,MARGINAL,HOSTILE,7.0438,RISING
2026-07-28,DVN,6.0,1.2,0.987,CONVICTION,120,148.0,0.89,0.732,COMPRESSION,90,19.0,46,43,BEAR_REJECTION_PENDING,SHORT,85.2,CONVICTION,HOSTILE,1.2161,RISING
2026-07-28,HBM,6.0,0.63,0.509,MINOR,64,147.0,0.08,0.065,COMPRESSION,8,31.0,48,74,BEAR_REJECTION_PENDING,SHORT,36.1,MARGINAL,HOSTILE,1.2379,RISING
2026-07-28,FIS,6.0,1.33,0.875,CONVICTION,133,310.0,0.46,0.303,COMPRESSION,47,229.0,20,67,BEAR_REJECTION_PENDING,SHORT,65.5,CONVICTION,HOSTILE,1.5204,RISING
2026-07-28,CRWV,6.0,1.5,0.245,CONVICTION,150,1390.0,0.005,0.001,MINOR,1,313.0,53,6,BEAR_REJECTION_PENDING,SHORT,39.1,MARGINAL,HOSTILE,6.1263,NEUTRAL
2026-07-28,ASTS,6.0,7.11,1.345,CONVICTION,711,404.0,0.87,0.165,COMPRESSION,87,1220.0,39,14,BEAR_REJECTION_PENDING,SHORT,72.5,CONVICTION,HOSTILE,5.2867,FALLING
2026-07-28,FCX,6.0,0.12,0.042,COMPRESSION,12,48.0,2.07,0.723,CONVICTION,208,194.0,41,40,BEAR_REJECTION_PENDING,SHORT,40.0,MARGINAL,HOSTILE,2.8632,RISING
2026-07-28,AAOI,6.0,0.137,0.011,MINOR,14,487.0,0.08,0.007,MINOR,8,168.0,68,11,BEAR_REJECTION_PENDING,SHORT,46.0,MARGINAL,HOSTILE,12.2333,RISING
2026-07-28,HAL,6.0,0.76,0.662,COMPRESSION,76,149.0,2.4,2.092,CONVICTION,240,37.0,46,7,BEAR_REJECTION_PENDING,SHORT,34.0,MARGINAL,HOSTILE,1.1475,FALLING
2026-07-28,IKT,6.0,,,,,,0.02,0.124,COMPRESSION,3,167.0,0,23,,,,NONE,HOSTILE,0.161,RISING
2026-07-28,DIS,6.0,2.98,1.406,CONVICTION,299,1219.0,0.664,0.313,COMPRESSION,67,142.0,25,47,BEAR_REJECTION_PENDING,SHORT,94.3,CONVICTION,HOSTILE,2.1193,FALLING
2026-07-28,CRNX,6.0,0.05,0.27,COMPRESSION,5,14.0,41.5,223.84,CONVICTION,4150,12.0,13,3,BEAR_REJECTION_PENDING,SHORT,54.8,MARGINAL,HOSTILE,0.1854,NEUTRAL
2026-07-28,PENG,6.0,0.33,0.04,COMPRESSION,33,1360.0,0.75,0.09,COMPRESSION,75,382.0,63,8,BEAR_REJECTION_PENDING,SHORT,52.0,MARGINAL,HOSTILE,8.3523,FALLING
2026-07-28,NEE,6.0,2.245,1.45,CONVICTION,225,243.0,0.66,0.426,COMPRESSION,66,40.0,31,30,BEAR_REJECTION_PENDING,SHORT,64.0,CONVICTION,HOSTILE,1.5487,FALLING
2026-07-28,TSLA,6.0,33.01,2.012,CONVICTION,3301,1163.0,2.5,0.152,CONVICTION,250,178.0,34,9,BEAR_REJECTION_PENDING,SHORT,46.0,MARGINAL,HOSTILE,16.4105,FALLING
2026-07-28,CCJ,6.0,1.59,0.459,CONVICTION,159,617.0,0.91,0.263,COMPRESSION,92,1367.0,49,41,SHORT_UPPER_DIRTY,SHORT,43.5,MARGINAL,HOSTILE,3.4649,FALLING
2026-07-28,CRWD,6.0,0.18,0.017,MINOR,19,1028.0,2.1025,0.202,CONVICTION,211,211.0,26,41,BEAR_REJECTION_PENDING,SHORT,46.0,MARGINAL,HOSTILE,10.4283,FALLING
2026-07-28,NEM,6.0,3.9,1.253,CONVICTION,391,678.0,0.28,0.09,COMPRESSION,29,9.0,34,44,BEAR_REJECTION_PENDING,SHORT,34.0,MARGINAL,HOSTILE,3.1121,FALLING
2026-07-28,MCHP,6.0,0.005,0.001,COMPRESSION,1,1390.0,0.37,0.09,COMPRESSION,38,1363.0,84,13,BEAR_REJECTION_PENDING,SHORT,49.5,MARGINAL,HOSTILE,4.1136,FALLING
2026-07-28,GLW,6.0,0.9,0.074,COMPRESSION,91,420.0,2.03,0.167,CONVICTION,204,134.0,63,9,BEAR_REJECTION_PENDING,SHORT,52.0,MARGINAL,HOSTILE,12.1734,FALLING
2026-07-28,INTU,6.0,71.645,4.962,CONVICTION,7165,341.0,3.74,0.259,CONVICTION,375,772.0,31,69,BEAR_REJECTION_PENDING,SHORT,68.0,CONVICTION,HOSTILE,14.4396,RISING
2026-07-28,EW,6.0,0.87,0.337,COMPRESSION,88,744.0,0.05,0.019,COMPRESSION,5,1006.0,69,30,BEAR_REJECTION_PENDING,SHORT,77.3,CONVICTION,HOSTILE,2.5802,FALLING
2026-07-28,ONDS,6.0,0.205,0.348,MINOR,21,1036.0,0.1,0.17,COMPRESSION,10,1144.0,9,21,BEAR_REJECTION_PENDING,SHORT,40.0,MARGINAL,HOSTILE,0.5893,RISING
2026-07-28,WBD,,0.27,0.441,COMPRESSION,27,75.0,0.38,0.621,MINOR,38,419.0,49,6,BEAR_REJECTION_PENDING,SHORT,47.2,MARGINAL,HOSTILE,0.6121,FALLING
2026-07-28,CVX,6.0,0.47,0.125,COMPRESSION,47,447.0,2.615,0.697,CONVICTION,262,578.0,49,136,BEAR_REJECTION_PENDING,SHORT,81.6,CONVICTION,HOSTILE,3.7497,RISING
2026-07-28,PYPL,6.0,0.13,0.063,COMPRESSION,14,359.0,7.475,3.634,CONVICTION,748,206.0,16,12,BEAR_REJECTION_PENDING,SHORT,73.1,CONVICTION,HOSTILE,2.0568,RISING
2026-07-28,NKE,6.0,0.58,0.434,COMPRESSION,59,546.0,0.44,0.329,COMPRESSION,44,40.0,33,49,BEAR_REJECTION_PENDING,SHORT,79.7,CONVICTION,HOSTILE,1.3354,RISING
2026-07-28,HPE,6.0,0.49,0.177,COMPRESSION,50,1158.0,0.31,0.112,COMPRESSION,32,25.0,36,46,BEAR_REJECTION_PENDING,SHORT,52.0,MARGINAL,HOSTILE,2.7703,NEUTRAL
2026-07-28,CPRT,6.0,0.03,0.033,COMPRESSION,4,86.0,0.415,0.463,COMPRESSION,42,461.0,23,59,BEAR_REJECTION_PENDING,SHORT,66.1,CONVICTION,HOSTILE,0.8957,FALLING
2026-07-28,INIO,6.0,0.34,0.131,MINOR,34,902.0,0.025,0.01,MINOR,3,361.0,39,21,BEAR_REJECTION_PENDING,SHORT,68.0,CONVICTION,HOSTILE,2.6039,FALLING
2026-07-28,MSFT,6.0,2.53,0.222,CONVICTION,254,563.0,7.805,0.685,CONVICTION,781,287.0,33,17,BEAR_REJECTION_PENDING,SHORT,62.4,CONVICTION,HOSTILE,11.3964,FALLING
2026-07-28,USB,6.0,0.51,0.395,MINOR,51,99.0,0.68,0.526,COMPRESSION,68,170.0,25,72,BEAR_REJECTION_PENDING,SHORT,67.2,CONVICTION,HOSTILE,1.2918,RISING
2026-07-28,ACN,6.0,2.68,0.385,CONVICTION,269,813.0,3.21,0.462,CONVICTION,321,310.0,20,85,BEAR_REJECTION_PENDING,SHORT,64.6,CONVICTION,HOSTILE,6.9532,RISING
2026-07-28,CPNG,6.0,0.22,0.344,COMPRESSION,23,295.0,0.07,0.11,COMPRESSION,8,56.0,55,22,BEAR_REJECTION_PENDING,SHORT,82.0,CONVICTION,HOSTILE,0.6389,FALLING
2026-07-28,AAPL,6.0,0.01,0.001,MINOR,1,15.0,1.035,0.13,CONVICTION,104,109.0,3,51,BEAR_REJECTION_PENDING,SHORT,52.0,MARGINAL,HOSTILE,7.9356,NEUTRAL
2026-07-28,GOOGL,6.0,9.78,0.83,CONVICTION,979,1245.0,5.3,0.45,VACUUM,531,29.0,30,21,BEAR_REJECTION_PENDING,SHORT,84.0,CONVICTION,HOSTILE,11.7893,FALLING
2026-07-28,CDE,6.0,0.2,0.229,COMPRESSION,20,27.0,0.64,0.732,COMPRESSION,64,861.0,64,16,SHORT_UPPER_DIRTY,SHORT,46.4,MARGINAL,HOSTILE,0.8743,RISING
2026-07-28,GOOG,6.0,3.855,0.33,CONVICTION,386,1431.0,5.65,0.483,VACUUM,566,37.0,35,36,BEAR_REJECTION_PENDING,SHORT,40.0,MARGINAL,HOSTILE,11.6947,FALLING
2026-07-28,GEHC,6.0,0.18,0.088,COMPRESSION,19,522.0,0.21,0.103,MINOR,22,181.0,36,26,BEAR_REJECTION_PENDING,SHORT,87.1,CONVICTION,HOSTILE,2.036,FALLING
2026-07-28,BMY,,0.0025,0.002,MINOR,1,55.0,0.31,0.205,COMPRESSION,31,61.0,9,69,BEAR_REJECTION_PENDING,SHORT,52.0,MARGINAL,HOSTILE,1.5111,RISING
2026-07-28,DBRG,,0.0001,0.002,MINOR,1,3.0,1.355,25.139,CONVICTION,136,378.0,15,16,BEAR_REJECTION_PENDING,SHORT,53.4,MARGINAL,HOSTILE,0.0539,RISING
2026-07-28,PANW,6.0,0.075,0.005,MINOR,8,28.0,5.63,0.338,CONVICTION,563,226.0,69,14,BEAR_REJECTION_PENDING,SHORT,58.0,MARGINAL,HOSTILE,16.656,FALLING
2026-07-28,ISRG,6.0,28.975,1.643,CONVICTION,2898,57.0,6.5,0.369,CONVICTION,650,523.0,27,103,BEAR_REJECTION_PENDING,SHORT,97.0,CONVICTION,HOSTILE,17.635,FALLING
2026-07-28,IBM,6.0,63.865,4.307,CONVICTION,6387,422.0,2.09,0.141,CONVICTION,210,42.0,17,57,BEAR_REJECTION_PENDING,SHORT,93.0,CONVICTION,HOSTILE,14.8288,FALLING
2026-07-28,MU,6.0,16.1,0.218,CONVICTION,1611,1171.0,69.5,0.943,CONVICTION,6950,443.0,45,22,BEAR_REJECTION_PENDING,SHORT,24.0,MARGINAL,HOSTILE,73.6871,NEUTRAL
2026-07-28,F,6.0,0.14,0.343,COMPRESSION,14,906.0,0.07,0.171,COMPRESSION,8,259.0,5,57,BEAR_REJECTION_PENDING,SHORT,52.3,MARGINAL,HOSTILE,0.4086,RISING
2026-07-28,CSGP,6.0,0.16,0.11,COMPRESSION,17,1269.0,0.39,0.269,COMPRESSION,40,328.0,22,53,BEAR_REJECTION_PENDING,SHORT,74.0,CONVICTION,HOSTILE,1.4514,FALLING
2026-07-28,AGNC,6.0,0.14,0.601,COMPRESSION,15,1077.0,0.01,0.043,COMPRESSION,1,449.0,24,37,BEAR_REJECTION_PENDING,SHORT,60.6,CONVICTION,HOSTILE,0.233,FALLING
2026-07-28,CSX,6.0,0.0409,0.035,MINOR,5,151.0,0.13,0.112,COMPRESSION,14,270.0,10,53,BEAR_REJECTION_PENDING,SHORT,52.0,MARGINAL,HOSTILE,1.1579,NEUTRAL
2026-07-28,RUN,6.0,0.175,0.253,COMPRESSION,18,829.0,0.0098,0.014,MINOR,1,70.0,35,11,BEAR_REJECTION_PENDING,SHORT,58.5,MARGINAL,HOSTILE,0.6921,FALLING
2026-07-28,HCA,6.0,2.59,0.174,CONVICTION,259,436.0,1.44,0.097,CONVICTION,144,90.0,25,24,BEAR_REJECTION_PENDING,SHORT,56.2,MARGINAL,HOSTILE,14.9217,RISING
2026-07-28,APP,6.0,1.7921,0.071,VACUUM,180,187.0,4.64,0.183,CONVICTION,464,521.0,34,24,BEAR_REJECTION_PENDING,SHORT,50.0,MARGINAL,HOSTILE,25.3053,FALLING
2026-07-28,SLS,6.0,0.06,0.042,COMPRESSION,7,514.0,0.0025,0.002,MINOR,1,315.0,34,4,BEAR_REJECTION_PENDING,SHORT,61.3,CONVICTION,HOSTILE,1.4296,NEUTRAL
2026-07-28,BTDR,6.0,0.05,0.042,MINOR,6,841.0,0.085,0.072,COMPRESSION,9,1187.0,55,4,CHANNEL_BREAKDOWN_SHORT,SHORT,38.0,MARGINAL,HOSTILE,1.1807,NEUTRAL
2026-07-28,DAL,6.0,0.2,0.077,COMPRESSION,21,527.0,1.61,0.624,CONVICTION,161,26.0,14,60,BEAR_REJECTION_PENDING,SHORT,28.0,MARGINAL,HOSTILE,2.5808,NEUTRAL
2026-07-28,ERAS,6.0,0.005,0.004,MINOR,1,458.0,0.01,0.007,MINOR,2,47.0,25,16,BEAR_REJECTION_PENDING,SHORT,40.0,MARGINAL,HOSTILE,1.3413,RISING
2026-07-28,CIFR,6.0,0.01,0.004,MINOR,1,1048.0,0.475,0.189,COMPRESSION,48,207.0,46,23,BEAR_REJECTION_PENDING,SHORT,40.0,MARGINAL,HOSTILE,2.512,RISING
2026-07-28,TECK,6.0,1.04,0.435,CONVICTION,104,703.0,1.71,0.716,CONVICTION,172,41.0,42,43,BEAR_REJECTION_PENDING,SHORT,89.8,CONVICTION,HOSTILE,2.3886,RISING
2026-07-28,FRSH,6.0,0.4,0.697,COMPRESSION,41,444.0,0.15,0.261,COMPRESSION,16,1379.0,21,68,BEAR_REJECTION_PENDING,SHORT,40.0,MARGINAL,HOSTILE,0.5741,NEUTRAL
2026-07-28,NCLH,6.0,1.74,2.272,CONVICTION,175,1333.0,0.27,0.353,COMPRESSION,27,486.0,26,50,BEAR_REJECTION_PENDING,SHORT,47.5,MARGINAL,HOSTILE,0.7657,FALLING
2026-07-28,KLAC,6.0,9.97,0.723,CONVICTION,997,1141.0,3.281,0.238,VACUUM,329,571.0,43,26,BEAR_REJECTION_PENDING,SHORT,46.0,MARGINAL,HOSTILE,13.7834,FALLING
2026-07-28,GERN,6.0,0.01,0.13,MINOR,2,333.0,0.01,0.13,COMPRESSION,2,333.0,13,38,BEAR_REJECTION_PENDING,SHORT,55.4,MARGINAL,HOSTILE,0.0771,RISING
2026-07-28,PTEN,6.0,0.092,0.196,COMPRESSION,10,455.0,0.23,0.49,COMPRESSION,24,21.0,34,31,BEAR_REJECTION_PENDING,SHORT,68.0,CONVICTION,HOSTILE,0.4693,RISING
2026-07-28,BMNR,6.0,0.81,0.715,COMPRESSION,81,708.0,0.69,0.609,COMPRESSION,69,310.0,27,20,BEAR_REJECTION_PENDING,SHORT,69.4,CONVICTION,HOSTILE,1.1332,RISING
2026-07-28,RGTI,6.0,0.37,0.354,COMPRESSION,37,547.0,0.75,0.718,COMPRESSION,75,158.0,37,26,BEAR_REJECTION_PENDING,SHORT,52.0,MARGINAL,HOSTILE,1.0445,NEUTRAL
2026-07-28,HPQ,6.0,0.68,0.687,COMPRESSION,68,40.0,0.23,0.232,COMPRESSION,24,198.0,20,89,BEAR_REJECTION_PENDING,SHORT,72.6,CONVICTION,HOSTILE,0.9893,RISING
2026-07-28,PSKY,6.0,0.015,0.038,COMPRESSION,2,205.0,0.02,0.051,MINOR,2,12.0,40,6,BEAR_REJECTION_PENDING,SHORT,64.6,CONVICTION,HOSTILE,0.3929,FALLING
2026-07-28,USAR,6.0,0.02,0.018,COMPRESSION,2,554.0,0.01,0.009,MINOR,2,176.0,40,6,BEAR_REJECTION_PENDING,SHORT,41.7,MARGINAL,HOSTILE,1.1206,FALLING
2026-07-28,AG,6.0,0.605,0.648,MINOR,61,417.0,0.48,0.514,COMPRESSION,49,1218.0,55,5,BEAR_REJECTION_PENDING,SHORT,52.0,MARGINAL,HOSTILE,0.9336,RISING
2026-07-28,OI,,0.0075,0.014,MINOR,1,576.0,0.09,0.167,COMPRESSION,9,1272.0,16,15,BEAR_REJECTION_PENDING,SHORT,48.0,MARGINAL,HOSTILE,0.5382,RISING
2026-07-28,FLNC,6.0,0.16,0.127,COMPRESSION,17,803.0,0.01,0.008,MINOR,1,879.0,49,5,BEAR_REJECTION_PENDING,SHORT,46.0,MARGINAL,HOSTILE,1.2629,FALLING
2026-07-28,IBRX,6.0,0.02,0.042,COMPRESSION,2,959.0,0.93,1.94,COMPRESSION,94,773.0,37,8,BEAR_REJECTION_PENDING,SHORT,62.5,CONVICTION,HOSTILE,0.4794,FALLING
2026-07-28,AMAT,6.0,16.89,0.427,CONVICTION,1689,1263.0,22.99,0.582,CONVICTION,2300,470.0,44,24,BEAR_REJECTION_PENDING,SHORT,50.0,MARGINAL,HOSTILE,39.5321,FALLING
2026-07-28,AI,6.0,0.01,0.023,MINOR,1,294.0,0.13,0.296,COMPRESSION,14,520.0,4,65,BEAR_REJECTION_PENDING,SHORT,48.6,MARGINAL,HOSTILE,0.4393,FALLING
2026-07-28,KGC,6.0,0.07,0.077,COMPRESSION,8,80.0,0.44,0.482,COMPRESSION,45,981.0,50,22,BEAR_REJECTION_PENDING,SHORT,28.0,MARGINAL,HOSTILE,0.9135,RISING
2026-07-28,IREN,6.0,0.565,0.157,COMPRESSION,57,1240.0,0.49,0.137,COMPRESSION,49,1382.0,40,20,BEAR_REJECTION_PENDING,SHORT,57.9,MARGINAL,HOSTILE,3.5882,RISING
2026-07-28,BKNG,6.0,0.3,0.048,COMPRESSION,31,175.0,3.212,0.514,CONVICTION,322,353.0,9,102,BEAR_REJECTION_PENDING,SHORT,71.1,CONVICTION,HOSTILE,6.2479,FALLING
2026-07-28,QCOM,6.0,0.08,0.011,COMPRESSION,9,176.0,7.455,1.02,CONVICTION,746,626.0,53,13,CHANNEL_BREAKDOWN_SHORT,SHORT,38.0,MARGINAL,HOSTILE,7.3069,NEUTRAL
2026-07-28,KR,6.0,0.27,0.159,COMPRESSION,28,91.0,0.88,0.519,COMPRESSION,89,972.0,29,30,BEAR_REJECTION_PENDING,SHORT,97.0,CONVICTION,HOSTILE,1.6964,FALLING
2026-07-28,SOUN,6.0,0.13,0.352,COMPRESSION,13,948.0,0.22,0.595,COMPRESSION,22,744.0,20,21,BEAR_REJECTION_PENDING,SHORT,59.2,MARGINAL,HOSTILE,0.3697,FALLING
2026-07-28,PLTR,6.0,0.44,0.067,MINOR,44,9.0,0.99,0.15,MINOR,99,450.0,27,48,SHORT_UPPER_DIRTY,SHORT,47.7,MARGINAL,HOSTILE,6.6136,FALLING
2026-07-28,CNQ,,1.65,1.47,CONVICTION,165,9.0,0.84,0.748,COMPRESSION,84,469.0,41,77,BEAR_REJECTION_PENDING,SHORT,86.6,CONVICTION,HOSTILE,1.1227,RISING
2026-07-28,QBTS,6.0,0.4,0.3,COMPRESSION,40,261.0,0.86,0.644,COMPRESSION,86,693.0,15,37,BEAR_REJECTION_PENDING,SHORT,64.5,CONVICTION,HOSTILE,1.3354,NEUTRAL
2026-07-28,FNB,,0.005,0.012,MINOR,1,64.0,0.02,0.049,COMPRESSION,2,600.0,11,46,BEAR_REJECTION_PENDING,SHORT,52.0,MARGINAL,HOSTILE,0.405,NEUTRAL
2026-07-28,AUR,6.0,0.0683,0.181,MINOR,7,372.0,0.07,0.186,COMPRESSION,8,16.0,8,19,BEAR_REJECTION_PENDING,SHORT,62.0,CONVICTION,HOSTILE,0.3764,RISING
2026-07-28,TTD,6.0,0.025,0.027,COMPRESSION,3,285.0,0.5,0.548,COMPRESSION,50,144.0,23,32,BEAR_REJECTION_PENDING,SHORT,67.7,CONVICTION,HOSTILE,0.913,FALLING
2026-07-28,LRCX,6.0,2.875,0.129,VACUUM,288,1063.0,6.2,0.278,VACUUM,620,107.0,71,26,BEAR_REJECTION_PENDING,SHORT,40.0,MARGINAL,HOSTILE,22.2641,FALLING
2026-07-28,CTSH,6.0,0.04,0.021,COMPRESSION,4,1003.0,1.04,0.543,CONVICTION,104,188.0,32,78,BEAR_REJECTION_PENDING,SHORT,54.3,MARGINAL,HOSTILE,1.9147,RISING
2026-07-28,HBAN,6.0,0.01,0.023,COMPRESSION,1,99.0,0.05,0.114,COMPRESSION,6,355.0,32,45,BEAR_REJECTION_PENDING,SHORT,73.0,CONVICTION,HOSTILE,0.4367,NEUTRAL
2026-07-28,UAMY,6.0,0.17,0.37,MINOR,17,465.0,0.32,0.697,COMPRESSION,32,446.0,24,14,BEAR_REJECTION_PENDING,SHORT,69.4,CONVICTION,HOSTILE,0.4592,RISING
2026-07-28,CCC,6.0,0.06,0.186,COMPRESSION,6,1273.0,0.54,1.673,COMPRESSION,54,215.0,5,43,BEAR_REJECTION_PENDING,SHORT,52.4,MARGINAL,HOSTILE,0.3228,NEUTRAL
2026-07-28,RIG,6.0,0.17,0.885,COMPRESSION,17,1096.0,0.08,0.416,COMPRESSION,9,643.0,22,24,BEAR_REJECTION_PENDING,SHORT,51.8,MARGINAL,HOSTILE,0.1921,RISING
2026-07-28,JBLU,6.0,0.06,0.186,COMPRESSION,6,459.0,0.16,0.497,COMPRESSION,17,37.0,13,63,BEAR_REJECTION_PENDING,SHORT,72.7,CONVICTION,HOSTILE,0.3218,NEUTRAL
2026-07-28,RKLB,6.0,2.82,0.534,CONVICTION,283,1203.0,0.26,0.049,COMPRESSION,26,579.0,53,20,BEAR_REJECTION_PENDING,SHORT,44.0,MARGINAL,HOSTILE,5.2829,RISING
2026-07-28,RIVN,6.0,0.22,0.206,COMPRESSION,22,329.0,0.135,0.127,COMPRESSION,14,1257.0,44,20,BEAR_REJECTION_PENDING,SHORT,52.0,MARGINAL,HOSTILE,1.0664,NEUTRAL
2026-07-28,AGEN,,0.0146,0.017,MINOR,2,491.0,0.01,0.011,COMPRESSION,1,204.0,30,22,BEAR_REJECTION_PENDING,SHORT,52.0,MARGINAL,HOSTILE,0.881,NEUTRAL
2026-07-28,ATAI,6.0,,,,,,1.315,3.662,CONVICTION,132,187.0,0,3,CHANNEL_TOP_REJECT,SHORT,24.0,MARGINAL,HOSTILE,0.3591,RISING
2026-07-28,CCL,6.0,0.17,0.173,COMPRESSION,18,89.0,0.38,0.386,COMPRESSION,38,535.0,28,50,BEAR_REJECTION_PENDING,SHORT,67.8,CONVICTION,HOSTILE,0.9835,FALLING
2026-07-28,INTR,6.0,0.07,0.324,COMPRESSION,8,1051.0,0.08,0.37,COMPRESSION,8,1286.0,38,26,BEAR_REJECTION_PENDING,SHORT,52.0,MARGINAL,HOSTILE,0.2163,RISING
2026-07-28,RKT,6.0,0.15,0.224,COMPRESSION,16,81.0,0.25,0.373,COMPRESSION,25,69.0,32,13,BEAR_REJECTION_PENDING,SHORT,66.5,CONVICTION,HOSTILE,0.67,FALLING
2026-07-28,AMZN,6.0,8.59,1.282,CONVICTION,860,183.0,12.53,1.87,CONVICTION,1253,1139.0,41,29,BEAR_REJECTION_PENDING,SHORT,96.0,CONVICTION,HOSTILE,6.7015,FALLING
2026-07-28,CMG,6.0,0.295,0.215,COMPRESSION,30,285.0,0.45,0.327,COMPRESSION,45,90.0,27,65,BEAR_REJECTION_PENDING,SHORT,67.4,CONVICTION,HOSTILE,1.3752,FALLING
2026-07-28,ADBE,6.0,2.38,0.22,CONVICTION,238,359.0,3.935,0.364,CONVICTION,394,1404.0,18,62,BEAR_REJECTION_PENDING,SHORT,93.0,CONVICTION,HOSTILE,10.8136,FALLING
2026-07-28,ON,6.0,2.97,0.573,CONVICTION,297,768.0,0.41,0.079,COMPRESSION,41,697.0,54,9,BEAR_REJECTION_PENDING,SHORT,52.0,MARGINAL,HOSTILE,5.1828,NEUTRAL
2026-07-28,WULF,6.0,0.02,0.011,MINOR,2,724.0,0.06,0.034,MINOR,6,1487.0,48,3,BEAR_REJECTION_PENDING,SHORT,52.0,MARGINAL,HOSTILE,1.771,RISING
2026-07-28,KEEL,6.0,0.01,0.023,MINOR,1,1482.0,0.16,0.375,COMPRESSION,17,729.0,30,10,BEAR_REJECTION_PENDING,SHORT,62.0,CONVICTION,HOSTILE,0.4261,NEUTRAL
2026-07-28,OWL,6.0,0.42,1.382,COMPRESSION,42,1157.0,0.08,0.263,COMPRESSION,9,72.0,13,22,BEAR_REJECTION_PENDING,SHORT,59.6,MARGINAL,HOSTILE,0.3039,FALLING
2026-07-28,FCEL,6.0,0.19,0.067,COMPRESSION,19,177.0,0.26,0.092,COMPRESSION,27,378.0,49,9,BEAR_REJECTION_PENDING,SHORT,28.0,MARGINAL,HOSTILE,2.8228,RISING
2026-07-28,CSCO,6.0,0.3,0.083,COMPRESSION,30,791.0,0.57,0.157,COMPRESSION,58,1307.0,42,35,BEAR_REJECTION_PENDING,SHORT,58.0,MARGINAL,HOSTILE,3.6357,RISING
2026-07-28,NB,6.0,0.12,0.405,COMPRESSION,13,656.0,0.02,0.068,MINOR,2,31.0,40,23,BEAR_REJECTION_PENDING,SHORT,55.0,MARGINAL,HOSTILE,0.2962,FALLING
2026-07-28,MARA,6.0,0.005,0.005,MINOR,1,591.0,0.13,0.122,COMPRESSION,14,365.0,51,28,BEAR_REJECTION_PENDING,SHORT,56.3,MARGINAL,HOSTILE,1.0614,RISING
2026-07-28,CRCL,6.0,0.99,0.203,COMPRESSION,99,711.0,0.65,0.133,MINOR,65,136.0,35,16,BEAR_REJECTION_PENDING,SHORT,52.0,MARGINAL,HOSTILE,4.8781,RISING
2026-07-28,OKLO,6.0,0.5,0.165,MINOR,50,706.0,0.0449,0.015,MINOR,5,117.0,44,9,BEAR_REJECTION_PENDING,SHORT,50.0,MARGINAL,HOSTILE,3.0386,RISING
2026-07-28,RIOT,6.0,0.1,0.058,COMPRESSION,10,824.0,0.398,0.233,COMPRESSION,40,555.0,68,43,BEAR_REJECTION_PENDING,SHORT,27.5,MARGINAL,HOSTILE,1.7106,RISING
2026-07-28,PL,6.0,0.75,0.424,COMPRESSION,75,528.0,0.57,0.322,COMPRESSION,58,882.0,40,7,BEAR_REJECTION_PENDING,SHORT,34.0,MARGINAL,HOSTILE,1.7704,FALLING
2026-07-28,BB,6.0,0.11,0.18,COMPRESSION,11,725.0,0.003,0.005,MINOR,1,628.0,42,6,SHORT_UPPER_DIRTY,SHORT,34.2,MARGINAL,HOSTILE,0.6114,NEUTRAL
2026-07-28,BTG,6.0,0.1,0.678,COMPRESSION,10,995.0,0.03,0.203,COMPRESSION,4,916.0,41,19,BEAR_REJECTION_PENDING,SHORT,65.0,CONVICTION,HOSTILE,0.1475,RISING
2026-07-28,IONQ,6.0,0.51,0.203,COMPRESSION,51,482.0,0.37,0.148,COMPRESSION,37,235.0,27,25,BEAR_REJECTION_PENDING,SHORT,49.1,MARGINAL,HOSTILE,2.5067,FALLING
2026-07-28,URG,6.0,0.01,0.138,MINOR,2,569.0,0.03,0.414,COMPRESSION,4,1316.0,20,3,BEAR_REJECTION_PENDING,SHORT,55.6,MARGINAL,HOSTILE,0.0725,FALLING
2026-07-28,LITE,6.0,0.97,0.014,MINOR,98,98.0,33.5,0.479,CONVICTION,3350,561.0,53,5,BEAR_REJECTION_PENDING,SHORT,48.0,MARGINAL,HOSTILE,69.9966,RISING
2026-07-28,LUNR,6.0,0.19,0.182,MINOR,20,440.0,0.08,0.077,COMPRESSION,9,695.0,33,8,BEAR_REJECTION_PENDING,SHORT,47.0,MARGINAL,HOSTILE,1.0457,RISING
2026-07-28,CRML,6.0,0.03,0.054,COMPRESSION,4,605.0,0.01,0.018,MINOR,1,1244.0,37,5,BEAR_REJECTION_PENDING,SHORT,38.0,MARGINAL,HOSTILE,0.5554,NEUTRAL
2026-07-28,STLA,6.0,0.04,0.217,COMPRESSION,5,1033.0,0.15,0.812,COMPRESSION,16,403.0,25,17,BEAR_REJECTION_PENDING,SHORT,59.2,MARGINAL,HOSTILE,0.1847,RISING
2026-07-28,WTI,6.0,0.27,1.135,COMPRESSION,27,271.0,0.03,0.126,COMPRESSION,3,880.0,35,9,BEAR_REJECTION_PENDING,SHORT,52.0,MARGINAL,HOSTILE,0.2379,RISING
2026-07-28,CVNA,6.0,1.08,0.302,VACUUM,108,768.0,2.079,0.582,CONVICTION,208,1283.0,43,56,BEAR_REJECTION_PENDING,SHORT,39.4,MARGINAL,HOSTILE,3.5751,FALLING
2026-07-28,WYFI,6.0,0.01,0.002,MINOR,2,966.0,0.49,0.121,COMPRESSION,50,993.0,25,21,BEAR_REJECTION_PENDING,SHORT,55.2,MARGINAL,HOSTILE,4.0435,NEUTRAL
2026-07-28,SNOW,6.0,0.19,0.015,MINOR,19,11.0,4.86,0.379,CONVICTION,487,39.0,4,39,BEAR_REJECTION_PENDING,SHORT,52.0,MARGINAL,HOSTILE,12.8278,NEUTRAL
2026-07-28,SMCI,6.0,0.01,0.005,MINOR,2,756.0,0.005,0.002,MINOR,1,1162.0,28,7,BEAR_REJECTION_PENDING,SHORT,40.0,MARGINAL,HOSTILE,2.0361,RISING
2026-07-28,AVGO,6.0,1.3,0.083,CONVICTION,131,127.0,6.03,0.385,CONVICTION,603,430.0,43,22,BEAR_REJECTION_PENDING,SHORT,40.0,MARGINAL,HOSTILE,15.6674,RISING
2026-07-28,NVTS,6.0,0.34,0.305,MINOR,34,1149.0,0.19,0.171,COMPRESSION,19,315.0,14,5,BEAR_REJECTION_PENDING,SHORT,52.0,MARGINAL,HOSTILE,1.1132,NEUTRAL
2026-07-28,CBRS,6.0,0.41,0.018,COMPRESSION,41,255.0,3.91,0.17,CONVICTION,391,280.0,25,17,BEAR_REJECTION_PENDING,SHORT,58.0,MARGINAL,HOSTILE,23.0556,RISING
2026-07-28,RXRX,6.0,0.06,0.312,COMPRESSION,7,797.0,0.005,0.026,MINOR,1,615.0,15,9,BEAR_REJECTION_PENDING,SHORT,68.1,CONVICTION,HOSTILE,0.1924,FALLING
2026-07-28,PR,6.0,0.585,1.033,COMPRESSION,59,254.0,0.02,0.035,COMPRESSION,2,10.0,51,47,SHORT_UPPER_DIRTY,SHORT,34.6,MARGINAL,HOSTILE,0.5664,RISING
2026-07-28,BBAI,6.0,0.03,0.183,COMPRESSION,4,1070.0,0.13,0.791,COMPRESSION,14,390.0,31,6,BEAR_REJECTION_PENDING,SHORT,34.0,MARGINAL,HOSTILE,0.1643,FALLING
2026-07-28,NBIS,6.0,0.11,0.005,COMPRESSION,11,290.0,5.895,0.262,CONVICTION,590,1210.0,50,13,BEAR_REJECTION_PENDING,SHORT,51.5,MARGINAL,HOSTILE,22.4835,RISING
2026-07-28,HIMS,6.0,0.4,0.148,COMPRESSION,41,839.0,1.06,0.393,CONVICTION,106,685.0,27,22,BEAR_REJECTION_PENDING,SHORT,53.4,MARGINAL,HOSTILE,2.696,NEUTRAL
2026-07-28,GTM,6.0,0.005,0.026,COMPRESSION,1,1176.0,0.08,0.42,MINOR,9,196.0,23,38,BEAR_REJECTION_PENDING,SHORT,69.0,CONVICTION,HOSTILE,0.1903,RISING
2026-07-28,WDC,6.0,17.22,0.368,VACUUM,1723,1333.0,7.73,0.165,CONVICTION,774,1335.0,42,11,BEAR_REJECTION_PENDING,SHORT,68.0,CONVICTION,HOSTILE,46.825,RISING
2026-07-28,RZLV,6.0,0.04,0.32,COMPRESSION,5,1181.0,0.01,0.08,COMPRESSION,2,1090.0,29,6,BEAR_REJECTION_PENDING,SHORT,60.5,CONVICTION,HOSTILE,0.125,FALLING
2026-07-28,TOST,6.0,0.11,0.09,COMPRESSION,11,792.0,0.37,0.303,COMPRESSION,38,1128.0,5,66,BEAR_REJECTION_PENDING,SHORT,40.7,MARGINAL,HOSTILE,1.2217,FALLING
2026-07-28,VG,6.0,0.45,0.516,COMPRESSION,46,828.0,0.435,0.499,COMPRESSION,44,98.0,39,37,BEAR_REJECTION_PENDING,SHORT,65.1,CONVICTION,HOSTILE,0.8726,RISING
2026-07-28,CCO,6.0,0.005,0.311,MINOR,1,41.0,0.17,10.559,COMPRESSION,17,207.0,4,9,BEAR_REJECTION_PENDING,SHORT,54.4,MARGINAL,HOSTILE,0.0161,NEUTRAL
2026-07-28,HOOD,6.0,1.51,0.233,CONVICTION,152,626.0,0.505,0.078,COMPRESSION,51,153.0,72,12,BEAR_REJECTION_PENDING,SHORT,73.3,CONVICTION,HOSTILE,6.4814,FALLING
2026-07-28,SIDU,6.0,0.04,0.23,MINOR,5,1398.0,0.1313,0.756,MINOR,14,161.0,22,7,BEAR_REJECTION_PENDING,SHORT,34.0,MARGINAL,HOSTILE,0.1737,FALLING
2026-07-28,HUMA,6.0,0.01,0.214,COMPRESSION,2,1087.0,0.023,0.491,MINOR,3,383.0,13,22,BEAR_REJECTION_PENDING,SHORT,42.7,MARGINAL,HOSTILE,0.0468,RISING
2026-07-28,QS,6.0,0.35,0.857,COMPRESSION,36,874.0,0.08,0.196,COMPRESSION,9,1470.0,25,14,BEAR_REJECTION_PENDING,SHORT,58.0,MARGINAL,HOSTILE,0.4082,FALLING
2026-07-28,XP,6.0,0.085,0.149,COMPRESSION,9,996.0,0.42,0.735,COMPRESSION,42,1089.0,46,15,BEAR_REJECTION_PENDING,SHORT,40.0,MARGINAL,HOSTILE,0.5718,RISING
2026-07-28,UWMC,6.0,0.01,0.102,MINOR,1,802.0,0.01,0.102,COMPRESSION,2,160.0,18,23,BEAR_REJECTION_PENDING,SHORT,57.7,MARGINAL,HOSTILE,0.0979,RISING
2026-07-28,INFQ,6.0,0.27,0.329,COMPRESSION,27,313.0,0.19,0.232,COMPRESSION,19,323.0,32,15,BEAR_REJECTION_PENDING,SHORT,38.0,MARGINAL,HOSTILE,0.8207,NEUTRAL
2026-07-28,NVDA,6.0,1.31,0.163,VACUUM,132,677.0,1.53,0.191,CONVICTION,154,178.0,50,25,BEAR_REJECTION_PENDING,SHORT,73.5,CONVICTION,HOSTILE,8.03,RISING
2026-07-28,PATH,6.0,0.08,0.102,MINOR,9,558.0,0.31,0.394,COMPRESSION,32,429.0,17,44,BEAR_REJECTION_PENDING,SHORT,33.7,MARGINAL,HOSTILE,0.7864,NEUTRAL
2026-07-28,ANET,6.0,4.133,0.429,VACUUM,414,72.0,1.05,0.109,CONVICTION,106,1461.0,44,24,BEAR_REJECTION_PENDING,SHORT,79.6,CONVICTION,HOSTILE,9.6429,RISING
2026-07-28,BFLY,6.0,0.07,0.135,COMPRESSION,7,241.0,0.025,0.048,COMPRESSION,3,524.0,28,20,BEAR_REJECTION_PENDING,SHORT,52.8,MARGINAL,HOSTILE,0.5167,NEUTRAL
2026-07-28,AMC,6.0,0.0066,0.029,MINOR,1,169.0,0.04,0.175,COMPRESSION,5,610.0,14,26,BEAR_REJECTION_PENDING,SHORT,52.0,MARGINAL,HOSTILE,0.2289,RISING
2026-07-28,BATL,6.0,0.16,0.567,COMPRESSION,16,278.0,0.02,0.071,COMPRESSION,3,631.0,10,11,BEAR_REJECTION_PENDING,SHORT,44.0,MARGINAL,HOSTILE,0.2821,FALLING
2026-07-28,SRXH,6.0,0.03,0.053,COMPRESSION,4,1344.0,0.3,0.532,COMPRESSION,31,451.0,35,4,BEAR_REJECTION_PENDING,SHORT,62.0,CONVICTION,HOSTILE,0.5636,NEUTRAL
2026-07-28,STM,6.0,10.36,2.5,CONVICTION,1037,555.0,3.27,0.789,CONVICTION,328,662.0,66,13,BEAR_REJECTION_PENDING,SHORT,40.0,MARGINAL,HOSTILE,4.1436,FALLING
2026-07-28,LAC,6.0,0.02,0.126,COMPRESSION,3,1454.0,0.0393,0.247,MINOR,4,875.0,34,4,BEAR_REJECTION_PENDING,SHORT,68.0,CONVICTION,HOSTILE,0.1589,FALLING
2026-07-28,HIVE,6.0,0.005,0.023,COMPRESSION,1,532.0,0.055,0.248,COMPRESSION,6,892.0,32,21,BEAR_REJECTION_PENDING,SHORT,50.0,MARGINAL,HOSTILE,0.2221,NEUTRAL
2026-07-28,MVIS,6.0,0.0011,0.027,MINOR,1,1324.0,0.0074,0.185,MINOR,1,38.0,13,34,BEAR_REJECTION_PENDING,SHORT,68.0,CONVICTION,HOSTILE,0.04,FALLING
2026-07-28,ZETA,6.0,0.27,0.195,COMPRESSION,27,144.0,0.32,0.231,COMPRESSION,33,757.0,18,55,BEAR_REJECTION_PENDING,SHORT,59.8,MARGINAL,HOSTILE,1.3847,FALLING
2026-07-28,TREX,6.0,0.49,0.23,COMPRESSION,50,1261.0,0.25,0.118,COMPRESSION,25,1039.0,17,35,BEAR_REJECTION_PENDING,SHORT,62.5,CONVICTION,HOSTILE,2.1262,FALLING
2026-07-28,SHOP,6.0,1.96,0.304,CONVICTION,197,200.0,4.445,0.689,CONVICTION,445,726.0,6,101,BEAR_REJECTION_PENDING,SHORT,67.1,CONVICTION,HOSTILE,6.4478,FALLING
2026-07-28,META,6.0,18.76,0.712,CONVICTION,1876,195.0,11.94,0.453,CONVICTION,1195,33.0,45,22,BEAR_REJECTION_PENDING,SHORT,100.0,CONVICTION,HOSTILE,26.3369,FALLING
2026-07-28,MRVL,6.0,4.95,0.308,CONVICTION,496,1034.0,4.882,0.303,CONVICTION,489,116.0,65,15,BEAR_REJECTION_PENDING,SHORT,34.0,MARGINAL,HOSTILE,16.0957,NEUTRAL
2026-07-28,DVLT,6.0,0.0003,0.011,MINOR,1,922.0,0.0001,0.004,MINOR,1,836.0,16,5,BEAR_REJECTION_PENDING,SHORT,48.0,MARGINAL,HOSTILE,0.0272,RISING
2026-07-28,SES,6.0,0.0027,0.044,COMPRESSION,1,1437.0,0.0,0.001,MINOR,1,193.0,18,33,BEAR_REJECTION_PENDING,SHORT,68.0,CONVICTION,HOSTILE,0.0608,FALLING
2026-07-28,COHR,6.0,0.27,0.011,COMPRESSION,27,747.0,0.56,0.023,MINOR,57,218.0,60,6,BEAR_REJECTION_PENDING,SHORT,72.0,CONVICTION,HOSTILE,24.0363,RISING
2026-07-28,JLHL,6.0,0.08,0.023,MINOR,9,658.0,0.29,0.085,MINOR,30,138.0,17,13,BEAR_REJECTION_PENDING,SHORT,62.0,CONVICTION,HOSTILE,3.4118,NEUTRAL
2026-07-28,STUB,6.0,0.03,0.039,COMPRESSION,3,860.0,0.01,0.013,MINOR,1,141.0,10,17,BEAR_REJECTION_PENDING,SHORT,64.9,CONVICTION,HOSTILE,0.7597,NEUTRAL
2026-07-28,SLNH,6.0,0.04,0.327,COMPRESSION,5,992.0,0.06,0.49,COMPRESSION,7,165.0,14,10,BEAR_REJECTION_PENDING,SHORT,62.0,CONVICTION,HOSTILE,0.1225,RISING
2026-07-28,OPTU,6.0,0.0044,0.032,COMPRESSION,1,1249.0,0.0196,0.143,COMPRESSION,2,935.0,31,2,BEAR_REJECTION_PENDING,SHORT,64.0,CONVICTION,HOSTILE,0.1371,FALLING
2026-07-28,BURU,6.0,0.0269,1.306,COMPRESSION,3,403.0,0.0004,0.017,MINOR,1,227.0,5,7,BEAR_REJECTION_PENDING,SHORT,58.0,MARGINAL,HOSTILE,0.0206,FALLING
2026-07-28,WEN,6.0,0.005,0.016,MINOR,1,82.0,0.85,2.66,MINOR,86,313.0,23,14,BEAR_REJECTION_PENDING,SHORT,52.0,MARGINAL,HOSTILE,0.3196,NEUTRAL
2026-07-28,FIG,6.0,0.79,0.422,COMPRESSION,79,1009.0,0.77,0.411,COMPRESSION,77,557.0,15,61,BEAR_REJECTION_PENDING,SHORT,68.0,CONVICTION,HOSTILE,1.8713,FALLING
2026-07-28,MAT,6.0,0.01,0.021,COMPRESSION,1,129.0,0.17,0.351,COMPRESSION,17,156.0,19,72,BEAR_REJECTION_PENDING,SHORT,61.3,CONVICTION,HOSTILE,0.4838,RISING
2026-07-28,FHB,6.0,0.72,0.891,COMPRESSION,73,540.0,0.04,0.05,COMPRESSION,4,1234.0,21,24,BEAR_REJECTION_PENDING,SHORT,72.0,CONVICTION,HOSTILE,0.8079,FALLING
2026-07-28,AAL,6.0,0.14,0.186,COMPRESSION,15,1267.0,0.415,0.551,COMPRESSION,42,20.0,33,47,BEAR_REJECTION_PENDING,SHORT,66.2,CONVICTION,HOSTILE,0.7536,NEUTRAL
2026-07-28,FPS,6.0,0.005,0.002,COMPRESSION,1,1017.0,0.56,0.189,COMPRESSION,57,702.0,34,24,BEAR_REJECTION_PENDING,SHORT,50.0,MARGINAL,HOSTILE,2.965,RISING
2026-07-28,CORZ,6.0,0.399,0.237,COMPRESSION,40,876.0,0.235,0.14,COMPRESSION,24,601.0,48,6,BEAR_REJECTION_PENDING,SHORT,28.0,MARGINAL,HOSTILE,1.6839,NEUTRAL
2026-07-28,MRK,6.0,0.06,0.018,COMPRESSION,7,11.0,1.06,0.319,CONVICTION,106,271.0,10,110,BEAR_REJECTION_PENDING,SHORT,61.4,CONVICTION,HOSTILE,3.3207,RISING
2026-07-28,UBER,6.0,0.16,0.067,COMPRESSION,16,269.0,4.07,1.692,CONVICTION,407,846.0,22,36,BEAR_REJECTION_PENDING,SHORT,68.9,CONVICTION,HOSTILE,2.4052,FALLING
2026-07-28,ALC,6.0,0.04,0.028,COMPRESSION,5,871.0,1.29,0.9,CONVICTION,130,468.0,50,48,BEAR_REJECTION_PENDING,SHORT,44.0,MARGINAL,HOSTILE,1.4336,FALLING
2026-07-28,CRM,6.0,1.75,0.217,CONVICTION,175,488.0,0.14,0.017,COMPRESSION,14,420.0,15,77,BEAR_REJECTION_PENDING,SHORT,46.0,MARGINAL,HOSTILE,8.0549,RISING
2026-07-28,TLRY,6.0,0.02,0.111,COMPRESSION,3,1386.0,0.105,0.584,MINOR,11,817.0,25,20,BEAR_REJECTION_PENDING,SHORT,65.1,CONVICTION,HOSTILE,0.1797,FALLING
2026-07-28,MDLN,6.0,0.08,0.046,COMPRESSION,8,1241.0,0.25,0.144,COMPRESSION,25,166.0,28,51,BEAR_REJECTION_PENDING,SHORT,85.9,CONVICTION,HOSTILE,1.7314,RISING
2026-07-28,HAO,6.0,0.0069,0.04,COMPRESSION,1,625.0,0.0002,0.001,MINOR,1,572.0,5,16,BEAR_REJECTION_PENDING,SHORT,68.0,CONVICTION,HOSTILE,0.1706,FALLING
2026-07-28,APLD,6.0,0.39,0.16,MINOR,40,206.0,0.005,0.002,MINOR,1,1312.0,36,14,BEAR_REJECTION_PENDING,SHORT,30.7,MARGINAL,HOSTILE,2.4378,RISING
2026-07-28,GOSS,6.0,0.0248,0.996,COMPRESSION,3,1346.0,0.0005,0.02,MINOR,1,1131.0,4,4,BEAR_REJECTION_PENDING,SHORT,57.5,MARGINAL,HOSTILE,0.0249,RISING
2026-07-28,ASAN,6.0,0.0174,0.03,MINOR,2,859.0,0.24,0.41,COMPRESSION,24,964.0,5,21,BEAR_REJECTION_PENDING,SHORT,46.0,MARGINAL,HOSTILE,0.585,FALLING
2026-07-28,BSX,6.0,0.26,0.186,COMPRESSION,27,560.0,0.35,0.25,COMPRESSION,36,198.0,17,47,BEAR_REJECTION_PENDING,SHORT,63.5,CONVICTION,HOSTILE,1.3986,RISING
2026-07-28,KD,6.0,1.29,1.979,CONVICTION,130,321.0,0.28,0.43,COMPRESSION,28,345.0,7,53,BEAR_REJECTION_PENDING,SHORT,81.9,CONVICTION,HOSTILE,0.6518,RISING
2026-07-28,TEAM,6.0,1.44,0.201,CONVICTION,144,77.0,3.25,0.454,CONVICTION,325,735.0,14,46,BEAR_REJECTION_PENDING,SHORT,86.3,CONVICTION,HOSTILE,7.165,RISING
2026-07-28,SKYQ,6.0,0.045,0.043,COMPRESSION,5,961.0,0.535,0.508,COMPRESSION,54,281.0,18,19,BEAR_REJECTION_PENDING,SHORT,58.0,MARGINAL,HOSTILE,1.0533,NEUTRAL
2026-07-28,WDAY,6.0,13.215,1.503,CONVICTION,1322,38.0,1.07,0.122,CONVICTION,108,509.0,21,80,BEAR_REJECTION_PENDING,SHORT,97.0,CONVICTION,HOSTILE,8.7929,FALLING
2026-07-28,INHD,6.0,0.19,0.06,MINOR,19,31.0,,,,,,2,0,BEAR_REJECTION_PENDING,SHORT,56.0,MARGINAL,HOSTILE,3.1508,RISING
2026-07-28,CRE,6.0,0.1486,0.404,MINOR,15,858.0,0.0791,0.215,COMPRESSION,8,1008.0,16,12,BEAR_REJECTION_PENDING,SHORT,62.0,CONVICTION,HOSTILE,0.3678,NEUTRAL
2026-07-28,CRVO,6.0,0.005,0.018,MINOR,1,1350.0,0.1,0.369,MINOR,11,266.0,30,13,BEAR_REJECTION_PENDING,SHORT,62.0,CONVICTION,HOSTILE,0.271,NEUTRAL
2026-07-28,NMRA,6.0,0.08,0.734,MINOR,9,241.0,0.005,0.046,MINOR,1,271.0,16,24,BEAR_REJECTION_PENDING,SHORT,62.0,CONVICTION,HOSTILE,0.109,NEUTRAL
2026-07-28,AHMA,6.0,0.01,0.063,MINOR,2,700.0,0.39,2.475,COMPRESSION,39,802.0,16,19,BEAR_REJECTION_PENDING,SHORT,62.4,CONVICTION,HOSTILE,0.1576,NEUTRAL
2026-07-28,SHMD,6.0,0.02,0.05,MINOR,3,47.0,0.035,0.088,MINOR,4,326.0,5,16,BEAR_REJECTION_PENDING,SHORT,56.6,MARGINAL,HOSTILE,0.4,FALLING
2026-07-28,OSS,6.0,0.15,0.13,MINOR,16,883.0,1.45,1.256,CONVICTION,145,682.0,51,10,BEAR_REJECTION_PENDING,SHORT,38.9,MARGINAL,HOSTILE,1.1546,NEUTRAL
2026-07-28,LASE,6.0,0.02,0.15,COMPRESSION,3,291.0,0.0081,0.061,COMPRESSION,1,504.0,18,17,BEAR_REJECTION_PENDING,SHORT,62.0,CONVICTION,HOSTILE,0.1332,NEUTRAL
2026-07-28,AMPG,6.0,0.07,0.088,MINOR,7,224.0,0.44,0.55,COMPRESSION,44,996.0,43,4,BEAR_REJECTION_PENDING,SHORT,52.0,MARGINAL,HOSTILE,0.7995,NEUTRAL
2026-07-28,ELF,6.0,3.48,0.841,CONVICTION,349,582.0,1.44,0.348,CONVICTION,144,585.0,15,72,BEAR_REJECTION_PENDING,SHORT,86.3,CONVICTION,HOSTILE,4.1361,RISING
2026-07-28,VUZI,6.0,0.04,0.279,COMPRESSION,5,769.0,0.01,0.07,COMPRESSION,2,1267.0,30,6,BEAR_REJECTION_PENDING,SHORT,42.2,MARGINAL,HOSTILE,0.1436,NEUTRAL
2026-07-28,QMCO,6.0,1.28,1.389,CONVICTION,128,760.0,0.025,0.027,MINOR,3,1276.0,21,22,BEAR_REJECTION_PENDING,SHORT,68.1,CONVICTION,HOSTILE,0.9218,RISING
2026-07-28,SAIL,6.0,2.03,2.071,CONVICTION,204,103.0,0.39,0.398,COMPRESSION,40,1245.0,17,54,BEAR_REJECTION_PENDING,SHORT,97.0,CONVICTION,HOSTILE,0.9803,FALLING
2026-07-28,GRAF,6.0,0.3,6.993,MINOR,31,217.0,0.02,0.466,COMPRESSION,2,46.0,3,32,BEAR_REJECTION_PENDING,SHORT,60.7,CONVICTION,HOSTILE,0.0429,NEUTRAL
2026-07-28,ULCC,6.0,0.21,0.482,COMPRESSION,21,1033.0,0.21,0.482,COMPRESSION,21,131.0,20,36,BEAR_REJECTION_PENDING,SHORT,68.0,CONVICTION,HOSTILE,0.4358,FALLING
2026-07-28,CMND,6.0,0.08,0.524,MINOR,9,1187.0,,,,,,28,0,BEAR_REJECTION_PENDING,SHORT,62.0,CONVICTION,HOSTILE,0.1528,NEUTRAL
2026-07-28,VLN,6.0,0.01,0.081,COMPRESSION,2,486.0,0.03,0.244,COMPRESSION,4,1404.0,31,13,BEAR_REJECTION_PENDING,SHORT,71.9,CONVICTION,HOSTILE,0.1232,NEUTRAL
2026-07-28,TMHC,6.0,0.01,0.068,COMPRESSION,2,1.0,13.03,89.003,CONVICTION,1303,127.0,2,46,BEAR_REJECTION_PENDING,SHORT,71.5,CONVICTION,HOSTILE,0.1464,RISING
2026-07-28,VELO,6.0,0.04,0.033,COMPRESSION,4,243.0,0.02,0.017,MINOR,3,78.0,31,15,BEAR_REJECTION_PENDING,SHORT,46.0,MARGINAL,HOSTILE,1.1996,FALLING
2026-07-28,PSIG,6.0,0.18,2.624,COMPRESSION,18,583.0,0.0288,0.42,MINOR,3,93.0,10,1,BEAR_REJECTION_PENDING,SHORT,65.5,CONVICTION,HOSTILE,0.0686,NEUTRAL
2026-07-28,DGXX,6.0,0.02,0.053,COMPRESSION,3,618.0,0.01,0.027,MINOR,1,914.0,31,11,BEAR_REJECTION_PENDING,SHORT,50.0,MARGINAL,HOSTILE,0.3755,NEUTRAL
2026-07-28,SAFX,6.0,0.0039,0.075,MINOR,1,787.0,0.0001,0.002,MINOR,1,976.0,12,3,BEAR_REJECTION_PENDING,SHORT,58.2,MARGINAL,HOSTILE,0.0521,NEUTRAL
2026-07-28,UPST,6.0,0.005,0.003,COMPRESSION,1,733.0,0.35,0.209,COMPRESSION,36,567.0,72,10,BEAR_REJECTION_PENDING,SHORT,86.0,CONVICTION,HOSTILE,1.6784,FALLING
2026-07-28,UMAC,6.0,0.43,0.222,COMPRESSION,43,697.0,0.49,0.253,COMPRESSION,50,193.0,34,40,BEAR_REJECTION_PENDING,SHORT,44.3,MARGINAL,HOSTILE,1.9361,RISING
2026-07-28,RARE,6.0,0.94,0.633,COMPRESSION,94,893.0,0.27,0.182,COMPRESSION,27,841.0,36,30,BEAR_REJECTION_PENDING,SHORT,64.0,CONVICTION,HOSTILE,1.4854,FALLING
2026-07-28,INGM,6.0,0.05,0.048,COMPRESSION,6,205.0,0.07,0.067,COMPRESSION,8,1382.0,18,39,BEAR_REJECTION_PENDING,SHORT,55.2,MARGINAL,HOSTILE,1.0501,RISING
2026-07-28,PGY,6.0,0.15,0.146,COMPRESSION,16,1278.0,0.23,0.225,COMPRESSION,24,258.0,20,48,BEAR_REJECTION_PENDING,SHORT,68.0,CONVICTION,HOSTILE,1.0241,FALLING
2026-07-28,ZENA,6.0,0.01,0.1,COMPRESSION,2,1111.0,0.02,0.199,COMPRESSION,3,148.0,27,7,BEAR_REJECTION_PENDING,SHORT,62.0,CONVICTION,HOSTILE,0.1004,NEUTRAL
2026-07-28,CHAI,6.0,0.005,0.067,COMPRESSION,1,364.0,,,,,,23,0,BEAR_REJECTION_PENDING,SHORT,62.0,CONVICTION,HOSTILE,0.0744,RISING
2026-07-28,BTQ,6.0,0.0035,0.012,MINOR,1,210.0,0.07,0.25,COMPRESSION,7,25.0,29,12,BEAR_REJECTION_PENDING,SHORT,50.0,MARGINAL,HOSTILE,0.2801,RISING
2026-07-28,OUST,6.0,0.48,0.113,COMPRESSION,48,912.0,0.72,0.17,COMPRESSION,72,736.0,49,13,BEAR_REJECTION_PENDING,SHORT,52.0,MARGINAL,HOSTILE,4.2457,NEUTRAL
2026-07-28,EWTX,6.0,1.735,0.649,VACUUM,174,499.0,0.7,0.262,COMPRESSION,70,983.0,10,42,BEAR_REJECTION_PENDING,SHORT,77.0,CONVICTION,HOSTILE,2.6754,RISING
2026-07-28,PLAY,6.0,0.04,0.057,COMPRESSION,4,753.0,0.31,0.441,MINOR,32,49.0,12,37,BEAR_REJECTION_PENDING,SHORT,52.5,MARGINAL,HOSTILE,0.7032,FALLING
2026-07-28,WOLF,6.0,0.35,0.113,MINOR,36,1228.0,0.4,0.129,MINOR,41,811.0,42,8,BEAR_REJECTION_PENDING,SHORT,63.6,CONVICTION,HOSTILE,3.1071,FALLING
2026-07-28,PTCT,6.0,0.895,0.272,COMPRESSION,90,982.0,7.6,2.309,CONVICTION,760,278.0,39,22,BEAR_REJECTION_PENDING,SHORT,62.0,CONVICTION,HOSTILE,3.2917,NEUTRAL
2026-07-28,MRAM,6.0,0.5214,0.346,COMPRESSION,53,89.0,0.042,0.028,MINOR,5,320.0,39,19,BEAR_REJECTION_PENDING,SHORT,52.0,MARGINAL,HOSTILE,1.5084,NEUTRAL
2026-07-28,ASST,6.0,0.58,0.698,COMPRESSION,59,50.0,0.0018,0.002,MINOR,1,25.0,35,25,BEAR_REJECTION_PENDING,SHORT,68.5,CONVICTION,HOSTILE,0.8307,RISING
2026-07-28,OPTX,6.0,0.4,0.467,MINOR,41,1034.0,0.0144,0.017,MINOR,2,98.0,40,21,BEAR_REJECTION_PENDING,SHORT,46.0,MARGINAL,HOSTILE,0.8569,FALLING
2026-07-28,GCTS,6.0,0.02,0.133,MINOR,3,452.0,0.11,0.733,COMPRESSION,12,854.0,25,9,BEAR_REJECTION_PENDING,SHORT,52.0,MARGINAL,HOSTILE,0.15,NEUTRAL
2026-07-28,CNTX,6.0,0.0124,0.23,MINOR,2,233.0,0.0101,0.187,MINOR,2,449.0,21,4,BEAR_REJECTION_PENDING,SHORT,71.8,CONVICTION,HOSTILE,0.0539,RISING
2026-07-28,NN,6.0,0.32,0.296,MINOR,33,419.0,0.05,0.046,COMPRESSION,5,675.0,40,10,BEAR_REJECTION_PENDING,SHORT,49.6,MARGINAL,HOSTILE,1.08,FALLING
2026-07-28,DXYZ,6.0,0.175,0.098,COMPRESSION,18,287.0,5.78,3.232,CONVICTION,579,360.0,77,7,BEAR_REJECTION_PENDING,SHORT,28.0,MARGINAL,HOSTILE,1.7886,RISING
2026-07-28,NAVN,6.0,0.33,0.187,MINOR,33,174.0,0.59,0.334,COMPRESSION,59,815.0,20,56,BEAR_REJECTION_PENDING,SHORT,65.1,CONVICTION,HOSTILE,1.7646,NEUTRAL
2026-07-28,SERV,6.0,0.14,0.46,MINOR,14,793.0,0.0034,0.011,MINOR,1,219.0,32,5,BEAR_REJECTION_PENDING,SHORT,62.0,CONVICTION,HOSTILE,0.3045,RISING
2026-07-28,PMAX,6.0,0.06,0.374,MINOR,7,68.0,,,,,,47,0,BEAR_REJECTION_PENDING,SHORT,68.3,CONVICTION,HOSTILE,0.1603,RISING
2026-07-28,BAND,6.0,0.36,0.06,COMPRESSION,36,393.0,0.49,0.082,COMPRESSION,50,1259.0,36,16,BEAR_REJECTION_PENDING,SHORT,52.0,MARGINAL,HOSTILE,6.008,NEUTRAL
2026-07-28,XNDU,6.0,0.06,0.095,MINOR,6,1468.0,0.43,0.678,COMPRESSION,43,749.0,32,19,BEAR_REJECTION_PENDING,SHORT,62.0,CONVICTION,HOSTILE,0.6339,RISING
2026-07-28,MNTS,6.0,0.14,0.31,COMPRESSION,14,433.0,0.0001,0.0,MINOR,1,671.0,26,16,BEAR_REJECTION_PENDING,SHORT,50.0,MARGINAL,HOSTILE,0.4521,NEUTRAL
2026-07-28,QUCY,6.0,0.04,0.4,MINOR,5,962.0,0.0206,0.206,MINOR,3,138.0,30,7,BEAR_REJECTION_PENDING,SHORT,62.0,CONVICTION,HOSTILE,0.1001,NEUTRAL
2026-07-28,ALTO,6.0,0.08,0.176,MINOR,9,845.0,0.02,0.044,COMPRESSION,3,1184.0,37,12,BEAR_REJECTION_PENDING,SHORT,68.0,CONVICTION,HOSTILE,0.454,FALLING
2026-07-28,MRLN,6.0,0.01,0.025,MINOR,1,353.0,0.01,0.025,MINOR,1,489.0,8,32,BEAR_REJECTION_PENDING,SHORT,48.0,MARGINAL,HOSTILE,0.4038,RISING
2026-07-28,FLY,6.0,0.19,0.122,COMPRESSION,19,36.0,0.195,0.125,COMPRESSION,20,79.0,51,6,BEAR_REJECTION_PENDING,SHORT,38.0,MARGINAL,HOSTILE,1.5573,RISING
2026-07-28,AEVA,6.0,0.17,0.099,COMPRESSION,18,446.0,0.04,0.023,MINOR,5,728.0,32,15,BEAR_REJECTION_PENDING,SHORT,67.2,CONVICTION,HOSTILE,1.7249,FALLING
2026-07-28,NCRA,6.0,0.01,0.052,MINOR,2,963.0,,,,,,10,0,BEAR_REJECTION_PENDING,SHORT,58.4,MARGINAL,HOSTILE,0.1921,RISING
2026-07-28,RDGT,6.0,0.02,0.101,MINOR,2,1055.0,0.01,0.051,MINOR,2,8.0,28,1,BEAR_REJECTION_PENDING,SHORT,62.0,CONVICTION,HOSTILE,0.1978,NEUTRAL
2026-07-28,HKIT,6.0,0.04,0.086,MINOR,5,291.0,0.01,0.021,COMPRESSION,2,1047.0,21,14,BEAR_REJECTION_PENDING,SHORT,62.0,CONVICTION,HOSTILE,0.4667,NEUTRAL
2026-07-28,WOK,6.0,0.24,1.169,COMPRESSION,25,904.0,0.0205,0.1,MINOR,3,157.0,28,4,BEAR_REJECTION_PENDING,SHORT,68.0,CONVICTION,HOSTILE,0.2053,FALLING
2026-07-28,DOMO,6.0,0.02,0.053,MINOR,3,1155.0,0.005,0.013,MINOR,1,1239.0,21,3,BEAR_REJECTION_PENDING,SHORT,62.0,CONVICTION,HOSTILE,0.3751,RISING
2026-07-28,GDC,6.0,0.02,0.091,MINOR,3,966.0,0.0051,0.023,MINOR,1,1107.0,14,10,BEAR_REJECTION_PENDING,SHORT,62.0,CONVICTION,HOSTILE,0.22,RISING
2026-07-28,CCI,6.0,0.16,0.078,COMPRESSION,17,46.0,0.03,0.015,MINOR,4,32.0,37,8,BEAR_REJECTION_PENDING,SHORT,84.0,CONVICTION,HOSTILE,2.0536,FALLING
2026-07-28,EBC,,0.09,0.16,MINOR,9,13.0,0.49,0.872,COMPRESSION,49,1187.0,19,39,BEAR_REJECTION_PENDING,SHORT,52.0,MARGINAL,HOSTILE,0.5621,NEUTRAL
2026-07-28,AMDL,6.0,0.102,0.011,MINOR,11,1248.0,3.06,0.337,VACUUM,306,865.0,32,9,BEAR_REJECTION_PENDING,SHORT,48.0,MARGINAL,HOSTILE,9.0706,NEUTRAL
2026-07-28,BEX,,0.8,0.112,MINOR,80,66.0,0.085,0.012,COMPRESSION,9,1248.0,27,13,BEAR_REJECTION_PENDING,SHORT,84.8,CONVICTION,HOSTILE,7.1246,FALLING
2026-07-28,ENTX,,0.01,0.034,MINOR,2,392.0,0.003,0.01,COMPRESSION,1,684.0,10,10,BEAR_REJECTION_PENDING,SHORT,58.0,MARGINAL,HOSTILE,0.2902,RISING
2026-07-28,INCY,,0.06,0.019,MINOR,7,32.0,0.98,0.303,MINOR,99,69.0,5,25,BEAR_REJECTION_PENDING,SHORT,68.0,CONVICTION,HOSTILE,3.2323,RISING
2026-07-28,FANG,,7.6,1.283,CONVICTION,760,6.0,2.54,0.429,CONVICTION,255,560.0,50,71,BEAR_REJECTION_PENDING,SHORT,90.8,CONVICTION,HOSTILE,5.9229,RISING
2026-07-28,INLF,6.0,0.0099,0.014,MINOR,1,2.0,0.04,0.058,MINOR,5,594.0,1,3,BEAR_REJECTION_PENDING,SHORT,52.0,MARGINAL,HOSTILE,0.6914,RISING
2026-07-28,JEM,6.0,0.3,0.159,COMPRESSION,31,301.0,0.07,0.037,MINOR,8,51.0,11,6,BEAR_REJECTION_PENDING,SHORT,62.0,CONVICTION,HOSTILE,1.8831,RISING
2026-07-28,GM,6.0,0.01,0.004,MINOR,1,33.0,2.36,0.914,CONVICTION,236,242.0,3,60,BEAR_REJECTION_PENDING,SHORT,52.0,MARGINAL,HOSTILE,2.5832,RISING
2026-07-28,MP,6.0,0.74,0.266,MINOR,75,458.0,0.05,0.018,MINOR,5,310.0,46,2,BEAR_REJECTION_PENDING,SHORT,69.0,CONVICTION,HOSTILE,2.7771,FALLING
2026-07-28,ALT,6.0,0.04,0.284,COMPRESSION,5,379.0,0.12,0.852,COMPRESSION,12,276.0,27,28,BEAR_REJECTION_PENDING,SHORT,62.0,CONVICTION,HOSTILE,0.1409,RISING
2026-07-28,ADI,,10.43,0.758,CONVICTION,1044,425.0,1.66,0.121,CONVICTION,167,1233.0,64,13,BEAR_REJECTION_PENDING,SHORT,40.0,MARGINAL,HOSTILE,13.7603,FALLING
2026-07-28,TXN,,7.68,0.584,CONVICTION,769,543.0,23.905,1.819,CONVICTION,2391,650.0,28,8,SHORT_UPPER_DIRTY,SHORT,41.8,MARGINAL,HOSTILE,13.1428,NEUTRAL
2026-07-28,LBRT,,0.28,0.174,COMPRESSION,29,105.0,0.01,0.006,MINOR,1,812.0,29,4,BEAR_REJECTION_PENDING,SHORT,49.0,MARGINAL,HOSTILE,1.6125,FALLING
2026-07-28,MXL,6.0,0.975,0.09,COMPRESSION,98,1390.0,0.615,0.057,COMPRESSION,62,172.0,36,11,BEAR_REJECTION_PENDING,SHORT,58.0,MARGINAL,HOSTILE,10.7904,NEUTRAL
2026-07-28,BZFD,6.0,0.01,0.113,COMPRESSION,2,1008.0,0.04,0.454,MINOR,5,388.0,27,18,BEAR_REJECTION_PENDING,SHORT,64.1,CONVICTION,HOSTILE,0.0882,NEUTRAL
2026-07-28,CRDO,6.0,0.235,0.011,MINOR,24,660.0,3.31,0.161,CONVICTION,332,1486.0,80,15,BEAR_REJECTION_PENDING,SHORT,52.0,MARGINAL,HOSTILE,20.5589,NEUTRAL
2026-07-28,UPS,,16.39,5.49,CONVICTION,1639,453.0,0.11,0.037,COMPRESSION,11,136.0,49,62,BEAR_REJECTION_PENDING,SHORT,52.0,MARGINAL,HOSTILE,2.9853,NEUTRAL
2026-07-28,MSTZ,,0.23,0.165,COMPRESSION,24,464.0,0.205,0.147,COMPRESSION,21,653.0,18,52,BEAR_REJECTION_PENDING,SHORT,60.8,CONVICTION,HOSTILE,1.3939,NEUTRAL
2026-07-28,SWKS,6.0,1.92,0.744,CONVICTION,193,763.0,0.17,0.066,COMPRESSION,18,503.0,15,42,BEAR_REJECTION_PENDING,SHORT,60.4,CONVICTION,HOSTILE,2.5821,RISING
2026-07-28,CARR,,6.3,3.059,CONVICTION,631,575.0,0.42,0.204,COMPRESSION,43,80.0,27,48,BEAR_REJECTION_PENDING,SHORT,76.9,CONVICTION,HOSTILE,2.0592,FALLING
2026-07-28,SKDD,6.0,0.02,,MINOR,2,438.0,0.54,,MINOR,54,81.0,7,35,BEAR_REJECTION_PENDING,SHORT,56.8,MARGINAL,HOSTILE,,
2026-07-28,DAMD,6.0,0.1,0.457,COMPRESSION,11,1183.0,0.075,0.343,MINOR,8,54.0,7,33,BEAR_REJECTION_PENDING,SHORT,54.0,MARGINAL,HOSTILE,0.2189,RISING
2026-07-28,MUZ,6.0,0.73,0.329,COMPRESSION,73,559.0,0.71,0.32,MINOR,72,27.0,24,38,BEAR_REJECTION_PENDING,SHORT,84.6,CONVICTION,HOSTILE,2.2163,FALLING
2026-07-28,FIRY,,0.07,0.139,MINOR,8,206.0,0.08,0.158,MINOR,9,1053.0,12,28,BEAR_REJECTION_PENDING,SHORT,59.5,MARGINAL,HOSTILE,0.5049,RISING
2026-07-28,MUD,,0.26,0.279,COMPRESSION,26,112.0,0.14,0.15,COMPRESSION,15,1023.0,31,94,BEAR_REJECTION_PENDING,SHORT,75.7,CONVICTION,HOSTILE,0.9334,RISING
2026-07-28,BKYI,,0.094,0.209,MINOR,10,1271.0,0.5518,1.225,COMPRESSION,56,360.0,3,14,BEAR_REJECTION_PENDING,SHORT,44.5,MARGINAL,HOSTILE,0.4503,RISING
2026-07-28,SNDQ,,0.029,0.004,MINOR,3,588.0,0.09,0.012,COMPRESSION,9,645.0,11,30,BEAR_REJECTION_PENDING,SHORT,58.0,MARGINAL,HOSTILE,7.2714,FALLING
2026-07-28,POLA,,0.01,0.115,COMPRESSION,2,243.0,0.07,0.807,MINOR,7,49.0,2,1,BEAR_REJECTION_PENDING,SHORT,61.3,CONVICTION,HOSTILE,0.0867,RISING
2026-07-28,LVWR,,0.14,0.422,MINOR,15,80.0,0.02,0.06,MINOR,3,80.0,11,2,BEAR_REJECTION_PENDING,SHORT,53.7,MARGINAL,HOSTILE,0.332,RISING
2026-07-28,SSPC,,0.02,0.01,MINOR,2,216.0,0.59,0.304,COMPRESSION,59,392.0,18,44,BEAR_REJECTION_PENDING,SHORT,52.0,MARGINAL,HOSTILE,1.9417,RISING
2026-07-28,SOXS,6.0,1.4,0.2,CONVICTION,140,242.0,0.05,0.007,MINOR,5,908.0,5,21,BEAR_REJECTION_PENDING,SHORT,84.0,CONVICTION,HOSTILE,6.9846,RISING
2026-07-28,EHGO,6.0,0.01,0.018,MINOR,1,957.0,0.02,0.036,COMPRESSION,3,826.0,1,11,BEAR_REJECTION_PENDING,SHORT,40.0,MARGINAL,HOSTILE,0.5492,RISING
2026-07-28,VTRS,,,,,,,0.07,0.133,COMPRESSION,8,225.0,0,39,,,,NONE,HOSTILE,0.5256,NEUTRAL
2026-07-28,AXP,,7.51,0.769,CONVICTION,751,828.0,5.33,0.546,CONVICTION,533,160.0,74,86,BEAR_REJECTION_PENDING,SHORT,75.5,CONVICTION,HOSTILE,9.7625,FALLING
