date,ticker,gap_pct,open,prev_close,volume,stop,tgt,shares,outcome,exit,pnl,pct
2026-04-28,ABCL,-3.12,4.03000020980835,4.16,10031598,4.090450212955474,3.909100203514099,1654,STOP,4.090450212955474,-99.98430520534421,-1.4999999999999858
2026-04-02,ABSI,-4.13,3.0199999809265137,3.15,4676300,3.065299980640411,2.9293999814987184,2207,STOP,3.065299980640411,-99.9770993685716,-1.4999999999999907
2026-04-20,ABSI,-3.49,3.490000009536743,3.58,5775000,3.542350009679794,3.3853000092506407,1910,STOP,3.542350009679794,-99.98850027322746,-1.4999999999999964
2026-04-28,ABSI,-3.51,4.679999828338623,4.85,5977792,4.750199825763702,4.539599833488464,1424,STOP,4.750199825763702,-99.96479633331263,-1.4999999999999947
2026-04-06,ADVB,-3.52,4.390100002288818,4.55,3757000,4.45595150232315,4.258397002220153,1518,CLOSE,4.300099849700928,136.62023162841797,2.050070671305169
2026-04-23,AGPU,-22.74,6.730000019073486,8.75,3874200,6.830950019359588,6.528100018501282,990,STOP,6.830950019359588,-99.94050028324088,-1.4999999999999942
2026-04-27,AGPU,-6.33,6.199999809265137,6.64,1027500,6.292999806404113,6.013999814987183,1075,TARGET,6.013999814987183,199.94999384880055,2.9999999999999982
2026-04-08,AIB,-3.05,1.590000033378601,1.64,2806400,1.6138500338792798,1.542300032377243,4192,STOP,1.6138500338792798,-99.97920209884535,-1.4999999999999838
2026-04-09,AIB,-6.52,1.7200000286102295,1.84,1438700,1.7458000290393827,1.6684000277519226,3875,TARGET,1.6684000277519226,199.95000332593904,2.999999999999998
2026-03-31,AIIO,-5.81,0.07729999721050262,1.72,1885765,0.07845949716866016,0.07498099729418754,86244,STOP,0.07845949716866016,-99.99991439133835,-1.499999999999993
2026-04-06,AIIO,-22.86,1.0800000429153442,1.4,1294200,1.0962000435590742,1.047600041627884,6172,STOP,1.0962000435590742,-99.98640397310126,-1.4999999999999802
2026-03-30,AIXI,-8.59,0.11699999868869781,0.128,2214900,0.11875499866902826,0.11348999872803688,56980,TARGET,0.11348999872803688,199.99979775846032,3.0000000000000044
2026-04-02,AIXI,-5.1,0.09000000357627869,0.098,271666800,0.09135000362992286,0.08730000346899032,74074,STOP,0.09135000362992286,-99.99990397363872,-1.4999999999999956
2026-04-08,AIXI,-14.87,1.659999966621399,1.95,156910500,1.6848999661207198,1.610199967622757,4016,TARGET,1.610199967622757,199.99679597854612,2.9999999999999996
2026-04-09,AIXI,-27.97,1.0299999713897705,1.43,81580300,1.0454499709606169,0.9990999722480773,6472,STOP,1.0454499709606169,-99.99239722251765,-1.4999999999999811
2026-04-14,AIXI,-17.69,1.0700000524520874,1.3,27628500,1.0860500532388686,1.0379000508785248,6230,STOP,1.0860500532388686,-99.9915049016469,-1.49999999999999
2026-04-15,AIXI,-12.31,0.9401999711990356,1.08,32952100,0.9543029707670211,0.9119939720630645,7090,STOP,0.9543029707670211,-99.99026693701678,-1.49999999999999
2026-04-16,AIXI,-15.79,0.9638000130653381,1.14,10959500,0.9782570132613181,0.934886012673378,6917,STOP,0.9782570132613181,-99.99907035559333,-1.4999999999999876
2026-04-17,AIXI,-11.58,0.8310999870300293,0.95,19512300,0.8435664868354796,0.8061669874191284,8021,TARGET,0.8061669874191284,199.98758987903608,3.0000000000000018
2026-04-20,AIXI,-3.33,0.84170001745224,0.871,10381700,0.8543255177140235,0.8164490169286728,7920,STOP,0.8543255177140235,-99.99396207332572,-1.4999999999999942
2026-04-21,AIXI,-4.11,0.8159999847412109,0.851,7148600,0.828239984512329,0.7915199851989746,8169,TARGET,0.7915199851989746,199.97711626052867,3.0000000000000018
2026-04-22,AIXI,-5.9,0.7850000262260437,0.83,20223600,0.7967750266194343,0.7614500254392623,8492,STOP,0.7967750266194343,-99.99330334067326,-1.4999999999999971
2026-04-24,AIXI,-29.63,0.7595999836921692,1.08,17150900,0.7709939834475517,0.7368119841814041,8776,TARGET,0.7368119841814041,199.98748370647402,2.999999999999996
2026-04-27,AIXI,-8.42,0.7020999789237976,0.76,12303000,0.7126314786076545,0.6810369795560837,9495,TARGET,0.6810369795560837,199.99317899644387,3.0000000000000018
2026-04-28,AIXI,-4.97,0.6499999761581421,0.684,6624236,0.6597499758005142,0.6304999768733978,10256,STOP,0.6597499758005142,-99.99599633216835,-1.4999999999999967
2026-04-21,ALP,-10.94,0.2849999964237213,0.32,2380900,0.2892749963700771,0.27644999653100966,23391,STOP,0.2892749963700771,-99.99652374520788,-1.4999999999999836
2026-04-23,ALP,-9.57,0.20720000565052032,0.23,16307300,0.2103080057352781,0.2009840054810047,32175,TARGET,0.2009840054810047,199.99980545416517,3.0000000000000067
2026-04-28,ALP,-3.51,0.2199999988079071,0.228,5603589,0.22329999879002568,0.2133999988436699,30303,STOP,0.22329999879002568,-99.9998994581393,-1.4999999999999876
2026-04-28,AMD,-6.8,311.875,334.63,35299684,316.55312499999997,302.51875,21,STOP,316.55312499999997,-98.24062499999928,-1.4999999999999891
2026-04-02,AMPX,-3.35,15.0,15.52,5950100,15.224999999999998,14.549999999999999,444,STOP,15.224999999999998,-99.89999999999905,-1.4999999999999858
2026-04-28,AMPX,-3.13,20.75,21.42,6190550,21.061249999999998,20.127499999999998,321,TARGET,20.127499999999998,199.82250000000073,3.000000000000011
2026-04-28,AMSC,-3.71,47.79999923706055,49.64,1355947,48.51699922561645,46.36599925994873,139,TARGET,46.36599925994873,199.3259968185426,3.0000000000000018
2026-04-02,APLD,-6.98,22.920000076293945,24.49,19745800,23.26380007743835,22.232400074005128,290,STOP,23.26380007743835,-99.70200033187754,-1.4999999999999833
2026-04-09,APLD,-6.26,26.049999237060547,27.79,35842900,26.440749225616454,25.26849925994873,255,STOP,26.440749225616454,-99.64124708175626,-1.4999999999999951
2026-04-28,APLD,-4.97,31.9950008392334,33.67,17412265,32.474925851821894,31.035150814056397,208,STOP,32.474925851821894,-99.82440261840702,-1.4999999999999822
2026-04-10,ARAI,-6.6,0.9699000120162964,1.03,21063700,0.9844485121965407,0.9408030116558075,6873,TARGET,0.9408030116558075,199.98368347764023,3.000000000000001
2026-04-15,ARAI,-38.79,1.0099999904632568,1.65,21454700,1.0251499903202055,0.9796999907493591,6600,STOP,1.0251499903202055,-99.98999905586108,-1.4999999999999798
2026-04-16,ARAI,-5.94,0.9401000142097473,1.01,9901000,0.9542015144228935,0.9118970137834549,7091,TARGET,0.9118970137834549,199.9874760228396,3.0000000000000004
2026-04-17,ARAI,-6.15,0.9599000215530396,1.04,5010900,0.974298521876335,0.9311030209064484,6945,STOP,0.974298521876335,-99.99758474528713,-1.4999999999999885
2026-04-20,ARAI,-4.71,0.8873999714851379,0.934,6646600,0.9007109710574149,0.8607779723405837,7512,TARGET,0.8607779723405837,199.98445757389123,3.000000000000008
2026-04-15,ASBP,-21.76,0.9312000274658203,1.19,5189600,0.9451680278778075,0.9032640266418457,7159,TARGET,0.9032640266418457,199.99382989883435,3.0000000000000018
2026-04-16,ASBP,-5.87,0.5099999904632568,0.545,25317400,0.5176499903202056,0.4946999907493591,13071,TARGET,0.4946999907493591,199.9862962603572,3.0000000000000044
2026-04-17,ASBP,-3.0,0.28999999165534973,0.3,7412400,0.29434999153017993,0.2812999919056892,22988,TARGET,0.2812999919056892,199.9955942451959,3.0000000000000075
2026-04-21,ASBP,-4.96,0.24869999289512634,0.262,207452000,0.25243049278855323,0.24123899310827254,26806,TARGET,0.24123899310827254,199.99956028640298,3.000000000000004
2026-04-23,ASBP,-6.31,0.2085999995470047,0.222,7565500,0.21172899954020974,0.20234199956059457,31959,STOP,0.21172899954020974,-99.99971078283986,-1.4999999999999851
2026-04-24,ASBP,-3.72,0.2070000022649765,0.215,4950600,0.21010500229895113,0.2007900021970272,32206,TARGET,0.2007900021970272,199.99926218837535,3.0000000000000053
2026-04-28,ASBP,-8.24,0.2248000055551529,0.245,14474108,0.22817200563848017,0.21805600538849831,29655,TARGET,0.21805600538849831,199.99332494214153,2.9999999999999964
2026-04-24,AUUD,-60.67,1.9900000095367432,5.06,11945800,2.0198500096797942,1.9303000092506408,3350,TARGET,1.9303000092506408,199.99500095844283,3.000000000000002
2026-04-27,AUUD,-4.92,1.7400000095367432,1.83,1542600,1.766100009679794,1.6878000092506409,3831,STOP,1.766100009679794,-99.98910054802806,-1.4999999999999867
2026-03-31,BATL,-13.14,4.760000228881836,5.48,14690300,4.831400232315063,4.617200222015381,1400,STOP,4.831400232315063,-99.96000480651742,-1.4999999999999827
2026-04-01,BATL,-5.64,3.680000066757202,3.9,8225100,3.73520006775856,3.569600064754486,1811,STOP,3.73520006775856,-99.96720181345898,-1.4999999999999938
2026-04-08,BATL,-23.63,3.200000047683716,4.19,15825900,3.2480000483989713,3.1040000462532045,2083,TARGET,3.1040000462532045,199.96800297975514,2.999999999999996
2026-04-14,BATL,-12.2,3.240000009536743,3.69,4442400,3.288600009679794,3.142800009250641,2057,STOP,3.288600009679794,-99.97020029425566,-1.4999999999999918
2026-04-17,BATL,-9.24,3.240000009536743,3.57,5820900,3.288600009679794,3.142800009250641,2057,TARGET,3.142800009250641,199.94040058851223,2.9999999999999973
2026-04-21,BATL,-3.85,3.25,3.38,37571100,3.2987499999999996,3.1525,2051,STOP,3.2987499999999996,-99.98624999999923,-1.4999999999999885
2026-04-22,BATL,-16.84,3.9000000953674316,4.69,12998800,3.958500096797943,3.7830000925064087,1709,STOP,3.958500096797943,-99.97650244474374,-1.4999999999999947
2026-04-24,BATL,-3.96,3.880000114440918,4.04,7064400,3.9382001161575313,3.7636001110076904,1718,TARGET,3.7636001110076904,199.9752058982849,3.0
2026-04-02,BBAI,-3.36,3.305000066757202,3.42,23149500,3.3545750677585597,3.205850064754486,2017,STOP,3.3545750677585597,-99.99277701973826,-1.4999999999999867
2026-04-09,BBGI,-4.94,5.389999866485596,5.67,14841800,5.470849864482879,5.2282998704910275,1236,TARGET,5.2282998704910275,199.8611950492863,3.0000000000000058
2026-04-10,BBGI,-13.88,9.489999771118164,11.02,4009200,9.632349767684936,9.205299777984619,702,STOP,9.632349767684936,-99.92969758987367,-1.4999999999999911
2026-04-02,BBIO,-3.36,71.94999694824219,74.45,1229900,73.02924690246581,69.79149703979492,92,STOP,73.02924690246581,-99.2909957885737,-1.4999999999999922
2026-04-01,BFRG,-14.29,1.440000057220459,1.68,23190600,1.4616000580787658,1.3968000555038451,4629,TARGET,1.3968000555038451,199.9728079462056,3.0000000000000067
2026-04-02,BFRG,-7.41,1.5,1.62,15548000,1.5225,1.455,4444,TARGET,1.455,199.97999999999968,2.9999999999999956
2026-04-06,BFRG,-5.83,1.1299999952316284,1.2,7080300,1.1469499951601028,1.0960999953746795,5899,STOP,1.1469499951601028,-99.98804957807018,-1.499999999999993
2026-04-07,BFRG,-7.48,0.9900000095367432,1.07,7253800,1.0048500096797943,0.9603000092506409,6734,STOP,1.0048500096797943,-99.99990096330649,-1.5000000000000009
2026-04-24,BFRG,-4.87,0.8009999990463257,0.842,1385100,0.8130149990320205,0.7769699990749359,8322,STOP,0.8130149990320205,-99.98882988095191,-1.499999999999986
2026-04-02,BMNR,-4.24,18.854999542236328,19.69,39700000,19.13782453536987,18.28934955596924,353,STOP,19.13782453536987,-99.8372225761401,-1.4999999999999811
2026-04-20,BMNR,-3.36,22.18000030517578,22.95,37645800,22.512700309753416,21.514600296020507,300,STOP,22.512700309753416,-99.81000137329055,-1.499999999999993
2026-04-02,BTBT,-5.07,1.309999942779541,1.38,16817400,1.329649941921234,1.2706999444961546,5089,STOP,1.329649941921234,-99.9988456320755,-1.4999999999999885
2026-04-28,BTBT,-3.21,1.5099999904632568,1.56,9128134,1.5326499903202055,1.4646999907493592,4415,CLOSE,1.5149999856948853,-22.074978947639465,-0.3311255141196694
2026-04-02,BULL,-3.8,4.559999942779541,4.74,10089100,4.628399941921233,4.4231999444961545,1461,STOP,4.628399941921233,-99.93239874601255,-1.4999999999999836
2026-04-02,BURU,-3.47,0.16670000553131104,0.173,16978700,0.16920050561428068,0.1616990053653717,39992,TARGET,0.1616990053653717,199.9999986362454,2.9999999999999956
2026-04-16,BURU,-4.09,0.21080000698566437,0.22,14617800,0.21396200709044932,0.20447600677609443,31625,TARGET,0.20447600677609443,199.99650662764938,3.000000000000005
2026-04-22,BURU,-6.15,0.24410000443458557,0.26,73861600,0.24776150450110432,0.236777004301548,27311,STOP,0.24776150450110432,-99.9992283166935,-1.4999999999999851
2026-04-27,BURU,-7.01,0.2919999957084656,0.314,31237800,0.2963799956440925,0.2832399958372116,22831,TARGET,0.2832399958372116,199.99955706059953,3.000000000000003
2026-04-28,BURU,-4.39,0.2676999866962433,0.28,30858228,0.2717154864966869,0.25966898709535596,24903,STOP,0.2717154864966869,-99.9979915304478,-1.4999999999999942
2026-04-01,BYND,-9.97,0.6315000057220459,0.702,58566300,0.6409725058078766,0.6125550055503846,10556,STOP,0.6409725058078766,-99.99171090602856,-1.4999999999999971
2026-04-02,BZAI,-4.23,1.8200000524520874,1.89,3952100,1.8473000532388686,1.7654000508785248,3663,STOP,1.8473000532388686,-99.99990288197948,-1.4999999999999931
2026-04-13,BZAI,-4.31,1.9800000190734863,2.09,3902100,2.0097000193595886,1.9206000185012817,3367,STOP,2.0097000193595886,-99.99990096330649,-1.5000000000000009
2026-04-20,BZAI,-5.56,2.384999990463257,2.52,12332200,2.4207749903202056,2.313449990749359,2795,TARGET,2.313449990749359,199.98224920034482,3.0000000000000115
2026-04-23,BZAI,-3.74,2.059999942779541,2.14,6547600,2.0908999419212337,1.9981999444961547,3236,TARGET,1.9981999444961547,199.98479444503818,3.000000000000005
2026-04-02,CETX,-3.85,0.75,0.78,1063600,0.76125,0.7275,8888,STOP,0.76125,-99.98999999999984,-1.4999999999999978
2026-04-06,CETX,-3.45,0.8108000159263611,0.84,1064600,0.8229620161652564,0.7864760154485703,8222,STOP,0.8229620161652564,-99.9959659641976,-1.4999999999999922
2026-04-08,CETX,-11.24,1.1449999809265137,1.29,8611100,1.1621749806404114,1.1106499814987183,5822,STOP,1.1621749806404114,-99.99284833431234,-1.4999999999999984
2026-04-02,CGC,-3.29,0.9399999976158142,0.974,6866600,0.9540999975800514,0.9117999976873398,7092,STOP,0.9540999975800514,-99.99719974636997,-1.4999999999999947
2026-04-08,CHSN,-7.14,2.6500000953674316,2.8,1027500,2.6897500967979426,2.5705000925064088,2515,STOP,2.6897500967979426,-99.97125359773516,-1.4999999999999818
2026-04-27,CHSN,-48.91,0.09200000017881393,0.184,311331800,0.09338000018149613,0.08924000017344952,72463,STOP,0.09338000018149613,-99.99894019435983,-1.4999999999999836
2026-04-28,CHSN,-18.7,0.04390000179409981,0.054,123858205,0.0445585018210113,0.042583001740276814,151860,TARGET,0.042583001740276814,199.99962817355978,2.9999999999999982
2026-04-20,CLF,-10.06,8.9399995803833,9.94,24579000,9.074099574089049,8.671799592971801,745,STOP,9.074099574089049,-99.90449531078217,-1.4999999999999818
2026-04-02,CLS,-4.76,275.0,288.73,1659800,279.125,266.75,24,STOP,279.125,-99.0,-1.5
2026-04-28,CLS,-15.56,356.5050048828125,422.21,4636453,361.8525799560546,345.80985473632813,18,STOP,361.8525799560546,-96.25635131835827,-1.4999999999999827
2026-04-02,CMPX,-3.31,5.25,5.43,3183400,5.328749999999999,5.0925,1269,STOP,5.328749999999999,-99.93374999999928,-1.4999999999999891
2026-04-27,CMPX,-64.81,1.7599999904632568,5.03,158095200,1.7863999903202055,1.7071999907493591,3787,TARGET,1.7071999907493591,199.9535989165306,3.0
2026-04-02,CORZ,-3.86,14.710000038146973,15.3,12024100,14.930650038719175,14.268700037002564,453,STOP,14.930650038719175,-99.95445025920785,-1.4999999999999876
2026-04-28,CORZ,-9.0,19.20199966430664,21.1,10433022,19.49002965927124,18.62593967437744,347,STOP,19.49002965927124,-99.94640825271601,-1.4999999999999993
2026-04-02,CRML,-6.86,7.739999771118164,8.31,7692300,7.856099767684936,7.507799777984619,861,STOP,7.856099767684936,-99.96209704399027,-1.4999999999999876
2026-04-13,CRML,-4.06,8.510000228881836,8.87,6181800,8.637650232315062,8.25470022201538,783,STOP,8.637650232315062,-99.9499526882161,-1.4999999999999842
2026-04-21,CRML,-3.35,11.524999618530273,11.94,25024700,11.697874612808226,11.179249629974365,578,TARGET,11.179249629974365,199.84349338531527,3.000000000000005
2026-04-23,CRML,-3.96,11.449999809265137,11.86,12436000,11.621749806404113,11.106499814987183,582,STOP,11.621749806404113,-99.95849833488403,-1.4999999999999907
2026-04-28,CRML,-11.42,12.800000190734863,14.45,24518206,12.992000193595885,12.416000185012818,520,TARGET,12.416000185012818,199.6800029754636,2.999999999999996
2026-04-02,CRWV,-3.42,75.75,78.44,20958200,76.88624999999999,73.47749999999999,88,STOP,76.88624999999999,-99.9899999999991,-1.4999999999999865
2026-04-28,CRWV,-7.53,103.62000274658203,112.06,22994152,105.17430278778075,100.51140266418457,64,STOP,105.17430278778075,-99.47520263671777,-1.4999999999999851
2026-04-15,CTNT,-26.19,1.2400000095367432,1.68,137727100,1.2586000096797942,1.2028000092506408,5376,TARGET,1.2028000092506408,199.98720153808637,3.0000000000000067
2026-04-17,CTNT,-6.83,0.15029999613761902,0.161,458333600,0.1525544960796833,0.14579099625349046,44355,TARGET,0.14579099625349046,199.99668986052237,2.999999999999994
2026-04-20,CTNT,-14.74,0.07999999821186066,0.095,363355000,0.08119999818503856,0.07759999826550483,83333,TARGET,0.07759999826550483,199.99919552967012,3.000000000000009
2026-04-21,CTNT,-3.64,0.054499998688697815,0.055,434567100,0.05531749866902828,0.05286499872803688,122324,TARGET,0.05286499872803688,199.99973518788855,3.000000000000006
2026-04-22,CTNT,-17.78,0.03620000183582306,0.045,397938600,0.0367430018633604,0.03511400178074837,184162,STOP,0.0367430018633604,-99.99997107133203,-1.49999999999999
2026-04-23,CTNT,-22.5,0.031700000166893005,0.04,329880200,0.032175500169396395,0.030749000161886215,210304,STOP,0.032175500169396395,-99.99955252647295,-1.4999999999999842
2026-04-27,CTNT,-25.58,0.03180000185966492,0.043,280946300,0.032277001887559886,0.030846001803874968,209643,TARGET,0.030846001803874968,199.9994336959723,3.000000000000005
2026-04-15,CUE,-4.11,0.41999998688697815,13.14,2210210,0.4262999866902828,0.4073999872803688,15873,STOP,0.4262999866902828,-99.99989687785464,-1.4999999999999938
2026-03-30,CUPR,-24.56,0.30000001192092896,0.399,1326800,0.30450001209974287,0.2910000115633011,22222,STOP,0.30450001209974287,-99.99900397360275,-1.4999999999999927
2026-04-06,CUPR,-6.49,0.3138999938964844,0.339,48125900,0.3186084938049316,0.30448299407958984,21238,STOP,0.3186084938049316,-99.99912105560246,-1.4999999999999913
2026-04-08,CUPR,-24.25,0.45590001344680786,0.602,1844500,0.46273851364850993,0.4422230130434036,14623,TARGET,0.4422230130434036,199.99877689898034,3.000000000000003
2026-04-09,DEFT,-3.97,0.75,0.781,7070900,0.76125,0.7275,8888,STOP,0.76125,-99.98999999999984,-1.4999999999999978
2026-04-21,DEFT,-3.1,0.7807999849319458,0.806,6300300,0.7925119847059249,0.7573759853839874,8538,STOP,0.7925119847059249,-99.99705407023335,-1.4999999999999858
2026-04-22,DRVN,-9.36,11.774999618530273,13.04,3479900,11.951624612808226,11.421749629974364,566,STOP,11.951624612808226,-99.96974676132126,-1.4999999999999885
2026-04-28,EDSA,-3.67,10.4399995803833,11.17,3605864,10.59659957408905,10.126799592971802,638,TARGET,10.126799592971802,199.82159196853652,3.0000000000000018
2026-04-20,EFOI,-7.55,6.010000228881836,6.49,3911100,6.1001502323150625,5.829700222015381,1109,STOP,6.1001502323150625,-99.97635380744823,-1.4999999999999836
2026-04-02,ELAB,-62.64,5.230000019073486,14.0,26639200,5.308450019359588,5.073100018501282,1274,TARGET,5.073100018501282,199.8906007289889,3.0000000000000036
2026-04-06,ELAB,-14.83,4.872000217437744,5.72,8347200,4.945080220699309,4.725840210914612,1368,STOP,4.945080220699309,-99.97344446182129,-1.4999999999999818
2026-04-07,ELAB,-11.43,3.4010000228881836,3.84,5488000,3.452015023231506,3.298970022201538,1960,STOP,3.452015023231506,-99.9894006729117,-1.4999999999999865
2026-04-14,ELAB,-7.28,4.699999809265137,5.08,1926900,4.770499806404113,4.558999814987183,1418,STOP,4.770499806404113,-99.9689959430688,-1.4999999999999902
2026-04-15,ELAB,-6.05,4.099999904632568,4.38,2256800,4.161499903202056,3.976999907493591,1626,TARGET,3.976999907493591,199.997995347977,3.000000000000005
2026-04-23,ELPW,-6.56,2.390000104904175,2.59,1664700,2.4258501064777374,2.3183001017570497,2789,STOP,2.4258501064777374,-99.98565438866595,-1.499999999999997
2026-04-16,ENVB,-3.45,1.9600000381469727,2.03,11342900,1.989400038719177,1.9012000370025635,3401,STOP,1.989400038719177,-99.98940194606709,-1.4999999999999891
2026-04-17,ENVB,-16.6,1.9299999475479126,2.35,1164800,1.958949946761131,1.8720999491214751,3454,TARGET,1.8720999491214751,199.98659456491495,3.0000000000000036
2026-04-21,ENVB,-6.03,3.430000066757202,3.65,4528900,3.48145006775856,3.327100064754486,1943,STOP,3.48145006775856,-99.96735194563793,-1.4999999999999891
2026-04-27,ENVB,-4.96,4.789999961853027,5.04,4939900,4.861849961280822,4.646299962997436,1391,STOP,4.861849961280822,-99.94334920406287,-1.4999999999999918
2026-04-27,ERAS,-3.68,20.700000762939453,21.49,22147400,21.010500774383544,20.07900074005127,322,STOP,21.010500774383544,-99.98100368499738,-1.4999999999999971
2026-04-28,ERAS,-45.1,10.513999938964844,19.15,43330278,10.671709938049315,10.198579940795899,634,TARGET,10.198579940795899,199.97627883911125,2.9999999999999987
2026-03-30,FCHL,-22.63,1.4700000286102295,1.9,2404200,1.4920500290393828,1.4259000277519225,4535,STOP,1.4920500290393828,-99.99675194621014,-1.4999999999999891
2026-03-31,FCHL,-6.45,1.4500000476837158,1.55,2049500,1.4717500483989714,1.4065000462532042,4597,STOP,1.4717500483989714,-99.98475328802985,-1.4999999999999882
2026-04-17,FCHL,-68.0,0.49639999866485596,1.55,9272000,0.5038459986448287,0.4815079987049103,13430,STOP,0.5038459986448287,-99.99977973103404,-1.499999999999982
2026-04-22,FCHL,-15.14,0.23999999463558197,0.284,24117800,0.2435999945551157,0.2327999947965145,27777,STOP,0.2435999945551157,-99.99719776488813,-1.4999999999999958
2026-04-23,FCHL,-14.58,0.20479999482631683,0.24,17252800,0.20787199474871157,0.19865599498152733,32552,STOP,0.20787199474871157,-99.99974147379343,-1.4999999999999918
2026-04-07,FCUV,-28.05,4.130000114440918,5.74,1044100,4.191950116157531,4.00610011100769,1614,TARGET,4.00610011100769,199.97460554122972,3.0000000000000067
2026-04-02,FPS,-4.74,27.75,29.13,5813500,28.166249999999998,26.9175,240,STOP,28.166249999999998,-99.89999999999952,-1.499999999999993
2026-04-28,FPS,-3.55,35.83000183105469,37.15,3235740,36.3674518585205,34.75510177612305,186,STOP,36.3674518585205,-99.96570510864179,-1.4999999999999882
2026-04-13,FUSE,-3.83,1.8200000524520874,1.83,12857200,1.8473000532388686,1.7654000508785248,3663,TARGET,1.7654000508785248,199.99980576395978,2.9999999999999987
2026-04-13,GAME,-6.22,0.3472999930381775,0.37,7096600,0.3525094929337501,0.33688099324703213,19195,TARGET,0.33688099324703213,199.9927009910351,3.000000000000009
2026-04-16,GAME,-4.7,0.38989999890327454,0.404,7602600,0.3957484988868236,0.3782029989361763,17098,TARGET,0.3782029989361763,199.99530543744538,2.999999999999996
2026-04-20,GAME,-4.56,0.39899998903274536,0.417,6478900,0.40498498886823653,0.38702998936176297,16708,STOP,0.40498498886823653,-99.99737725138642,-1.4999999999999967
2026-04-23,GAME,-5.27,0.5758000016212463,0.607,5916200,0.584437001645565,0.5585260015726089,11578,STOP,0.584437001645565,-99.99918628156149,-1.4999999999999947
2026-03-31,GLND,-10.92,9.600000381469727,11.26,1670000,9.744000387191772,9.312000370025634,694,STOP,9.744000387191772,-99.93600397109935,-1.4999999999999927
2026-04-06,GLND,-4.8,7.739999771118164,8.13,1168200,7.856099767684936,7.507799777984619,861,TARGET,7.507799777984619,199.92419408798204,2.9999999999999982
2026-04-07,GLND,-7.96,7.28000020980835,7.91,1462200,7.389200212955474,7.061600203514099,915,STOP,7.389200212955474,-99.91800287961914,-1.4999999999999931
2026-04-08,GLND,-4.3,6.900000095367432,7.21,1338500,7.003500096797943,6.693000092506408,966,TARGET,6.693000092506408,199.96200276374847,3.000000000000005
2026-04-17,GLND,-10.43,7.130000114440918,7.96,1214100,7.236950116157531,6.91610011100769,935,TARGET,6.91610011100769,199.99650321006789,3.0000000000000018
2026-04-28,GLND,-39.09,3.2950000762939453,5.41,9844636,3.344425077438354,3.1961500740051267,2023,STOP,3.344425077438354,-99.9867773151391,-1.4999999999999898
2026-04-07,GNLN,-5.94,2.609999895095825,2.86,1785400,2.6491498935222624,2.5316998982429504,2554,STOP,2.6491498935222624,-99.98909598112057,-1.4999999999999925
2026-04-08,GPRK,-5.37,8.100000381469727,8.56,1133800,8.221500387191771,7.857000370025634,823,STOP,8.221500387191771,-99.99450470924249,-1.4999999999999807
2026-04-17,GPRK,-5.45,8.850000381469727,9.36,1235700,8.982750387191771,8.584500370025635,753,CLOSE,8.84000015258789,7.530172348022461,0.11299693164730906
2026-04-02,GPUS,-13.33,0.13220000267028809,0.15,101696600,0.1341830027103424,0.12823400259017945,50428,STOP,0.1341830027103424,-99.99872601985852,-1.4999999999999882
2026-04-10,GPUS,-5.26,0.18150000274181366,0.19,50477100,0.18422250278294083,0.17605500265955926,36730,TARGET,0.17605500265955926,199.99485302120422,2.9999999999999964
2026-03-31,GV,-6.61,0.2117999941110611,0.227,206740800,0.214976994022727,0.20544599428772925,31476,TARGET,0.20544599428772925,199.99849843919318,3.000000000000006
2026-04-01,GV,-13.86,0.23000000417232513,0.267,18169100,0.23345000423491,0.22310000404715538,28985,STOP,0.23345000423491,-99.99825181402224,-1.4999999999999938
2026-04-06,GV,-22.3,0.33970001339912415,0.444,18493100,0.34479551360011096,0.3295090129971504,19625,STOP,0.34479551360011096,-99.99919144436622,-1.4999999999999856
2026-04-07,GV,-13.37,0.29789999127388,0.344,7530100,0.3023684911429882,0.28896299153566357,22378,STOP,0.3023684911429882,-99.99609007090305,-1.4999999999999962
2026-04-08,GV,-10.46,0.27399998903274536,0.306,8652700,0.2781099888682365,0.265779989361763,24330,STOP,0.2781099888682365,-99.99629599749971,-1.4999999999999896
2026-04-09,GV,-7.38,0.3009999990463257,0.325,2509000,0.30551499903202056,0.2919699990749359,22148,STOP,0.30551499903202056,-99.99821968317018,-1.4999999999999978
2026-04-13,GV,-6.14,0.25999999046325684,0.277,2881100,0.26389999032020567,0.2521999907493591,25641,TARGET,0.2521999907493591,199.99979266405145,3.000000000000006
2026-04-21,HIMS,-7.82,28.584999084472656,31.01,59038800,29.013774070739743,27.727449111938476,233,STOP,29.013774070739743,-99.90457180023114,-1.4999999999999882
2026-04-02,HOOD,-4.15,67.19999694824219,70.11,23381300,68.20799690246581,65.18399703979492,99,STOP,68.20799690246581,-99.79199546813847,-1.4999999999999822
2026-04-02,HRI,-3.08,91.12999725341797,94.03,1007200,92.49694721221923,88.39609733581543,73,STOP,92.49694721221923,-99.78734699249176,-1.4999999999999862
2026-04-28,HTCO,-18.89,31.0,38.22,2997997,31.464999999999996,30.07,215,STOP,31.464999999999996,-99.9749999999992,-1.4999999999999882
2026-04-02,INDI,-4.22,2.950000047683716,3.08,1556100,2.994250048398971,2.8615000462532043,2259,STOP,2.994250048398971,-99.96075161576175,-1.4999999999999856
2026-04-28,INDI,-6.06,3.7200000286102295,3.96,3148739,3.7758000290393827,3.6084000277519226,1792,STOP,3.7758000290393827,-99.99360076904259,-1.4999999999999942
2026-04-02,INTC,-4.1,46.04499816894531,48.03,117134200,46.73567314147949,44.663648223876955,144,STOP,46.73567314147949,-99.45719604492126,-1.4999999999999907
2026-04-28,INTC,-4.37,81.27999877929688,84.99,107508077,82.49919876098632,78.84159881591796,82,STOP,82.49919876098632,-99.97439849853427,-1.4999999999999867
2026-04-02,IONQ,-3.56,26.799999237060547,27.79,15521800,27.201999225616454,25.99599925994873,248,STOP,27.201999225616454,-99.69599716186502,-1.499999999999997
2026-04-02,IREN,-5.1,32.2400016784668,34.09,30118100,32.723601703643794,31.27280162811279,206,STOP,32.723601703643794,-99.62160518646147,-1.4999999999999858
2026-04-28,IREN,-5.22,45.834999084472656,48.36,30642577,46.52252407073974,44.45994911193848,145,STOP,46.52252407073974,-99.6911230087274,-1.4999999999999907
2026-04-16,ISPC,-4.38,0.10700000077486038,4.472,1296022,0.10860500078648327,0.10379000075161457,62305,STOP,0.10860500078648327,-99.99952572416431,-1.4999999999999876
2026-04-02,JOBY,-3.63,7.96999979019165,8.27,23369500,8.089549787044524,7.7308997964859,836,STOP,8.089549787044524,-99.94379736900206,-1.4999999999999811
2026-04-07,KEEL,-4.63,2.059999942779541,2.16,24556700,2.0908999419212337,1.9981999444961547,3236,STOP,2.0908999419212337,-99.99239722251765,-1.4999999999999811
2026-04-28,KEEL,-4.14,3.009999990463257,3.14,19480702,3.0551499903202055,2.919699990749359,2214,TARGET,2.919699990749359,199.92419936656972,3.000000000000003
2026-04-15,KIDZ,-18.75,1.8200000524520874,2.24,13175300,1.8473000532388686,1.7654000508785248,3663,TARGET,1.7654000508785248,199.99980576395978,2.9999999999999987
2026-04-23,KIDZ,-6.14,1.0700000524520874,1.14,1075600,1.0860500532388686,1.0379000508785248,6230,TARGET,1.0379000508785248,199.9830098032952,3.000000000000001
2026-04-27,KIDZ,-3.06,0.9200000166893005,0.949,7879000,0.93380001693964,0.8924000161886215,7246,STOP,0.93380001693964,-99.99480181395965,-1.4999999999999938
2026-04-02,LAC,-3.54,3.809999942779541,3.95,6069100,3.867149941921234,3.6956999444961545,1749,STOP,3.867149941921234,-99.95534849882077,-1.4999999999999925
2026-04-28,LAC,-3.81,5.050000190734863,5.25,14340494,5.125750193595886,4.898500185012817,1320,TARGET,4.898500185012817,199.9800075531012,3.0000000000000093
2026-04-02,LAES,-5.58,2.3698999881744385,2.51,6487700,2.405448487997055,2.2988029885292054,2813,STOP,2.405448487997055,-99.99793000102034,-1.4999999999999987
2026-04-17,LIMN,-6.09,0.21610000729560852,0.23,3927500,0.21934150740504263,0.20961700707674025,30849,STOP,0.21934150740504263,-99.99703687593282,-1.4999999999999913
2026-04-22,LOCL,-21.31,2.2899999618530273,2.91,2661600,2.3243499612808227,2.2212999629974366,2911,STOP,2.3243499612808227,-99.99284833431234,-1.4999999999999984
2026-04-02,LWLG,-5.99,6.63100004196167,6.84,3763200,6.730465042591094,6.432070040702819,1005,TARGET,6.432070040702819,199.9246512651449,3.000000000000008
2026-04-21,LWLG,-4.23,13.579999923706055,14.18,11589800,13.783699922561643,13.172599925994872,490,STOP,13.783699922561643,-99.8129994392385,-1.499999999999985
2026-04-28,LWLG,-5.62,11.75,12.45,4041312,11.92625,11.397499999999999,567,STOP,11.92625,-99.93374999999976,-1.4999999999999962
2026-04-02,MARA,-3.23,7.7820000648498535,8.04,50528900,7.8987300658226,7.548540062904357,856,STOP,7.8987300658226,-99.92088083267123,-1.4999999999999867
2026-04-28,MARA,-3.31,10.8100004196167,11.18,24782576,10.972150425910948,10.485700407028197,616,STOP,10.972150425910948,-99.88440387725747,-1.4999999999999876
2026-03-30,MGN,-11.24,0.15000000596046448,0.169,8560400,0.15225000604987143,0.14550000578165054,44444,STOP,0.15225000604987143,-99.99900397360275,-1.4999999999999927
2026-04-02,MGN,-8.33,0.16899999976158142,0.156,2704900,0.17153499975800512,0.16392999976873399,39447,STOP,0.17153499975800512,-99.99814485892584,-1.4999999999999896
2026-04-09,MGN,-4.2,0.14259999990463257,0.238,5669800,0.14473899990320205,0.13832199990749358,46750,STOP,0.14473899990320205,-99.99824993312318,-1.4999999999999938
2026-04-13,MGN,-3.28,0.22769999504089355,0.244,5478600,0.23111549496650693,0.22086899518966674,29278,STOP,0.23111549496650693,-99.99900682210854,-1.4999999999999898
2026-04-15,MGN,-4.64,0.23549999296665192,0.237,2918900,0.23903249286115166,0.22843499317765234,28308,STOP,0.23903249286115166,-99.99800701349882,-1.4999999999999865
2026-04-16,MGN,-3.86,0.22920000553131104,0.233,2426500,0.2326380056142807,0.2223240053653717,29086,TARGET,0.2223240053653717,199.9953408265116,3.0000000000000036
2026-04-17,MGN,-4.05,0.2240999937057495,0.222,1053900,0.22746149361133572,0.21737699389457701,29748,STOP,0.22746149361133572,-99.9978991913785,-1.4999999999999842
2026-04-28,MSTR,-3.22,0.21310000121593475,169.2,9205765,0.21629650123417377,0.2067070011794567,31284,STOP,0.21629650123417377,-99.99930657058927,-1.4999999999999958
2026-03-25,MU,-3.17,163.75,395.53,55328700,166.20624999999998,158.8375,40,STOP,166.20624999999998,-98.24999999999932,-1.4999999999999896
2026-04-20,MYSE,-8.92,341.3399963378906,3.81,3174900,346.46009628295894,331.0997964477539,19,STOP,346.46009628295894,-97.28189895629805,-1.499999999999988
2026-04-21,MYSE,-4.69,503.989990234375,3.52,1819100,511.5498400878906,488.87029052734374,13,STOP,511.5498400878906,-98.27804809570245,-1.4999999999999898
2026-03-31,NEXR,-28.25,3.4700000286102295,3.08,1714800,3.5220500290393826,3.3659000277519224,1921,TARGET,3.3659000277519224,199.97610164880786,3.000000000000005
2026-03-25,NONOF,-6.14,3.3550000190734863,36.82,2412400,3.405325019359588,3.2543500185012815,1987,STOP,3.405325019359588,-99.9957755684842,-1.4999999999999842
2026-03-31,NONOF,-3.55,8.579999923706055,35.25,1482400,8.708699922561644,8.322599925994872,777,STOP,8.708699922561644,-99.99989911079302,-1.4999999999999842
2026-04-02,NVTS,-4.92,209.5050048828125,8.54,11407400,212.64757995605467,203.21985473632813,31,STOP,212.64757995605467,-97.41982727050728,-1.4999999999999918
2026-04-28,NVTS,-6.16,8.095000267028809,18.3,30030588,8.21642527103424,7.852150259017944,823,STOP,8.21642527103424,-99.9327782964697,-1.4999999999999858
2026-03-26,OKLO,-3.0,17.172000885009766,55.27,7246300,17.42958089828491,16.65684085845947,388,TARGET,16.65684085845947,199.88209030151415,3.0000000000000075
2026-04-02,OKLO,-4.41,1.6100000143051147,48.07,5533400,1.6341500145196912,1.5617000138759614,4140,STOP,1.6341500145196912,-99.9810008883466,-1.4999999999999845
2026-04-28,OKLO,-5.82,45.95000076293945,75.93,10864893,46.63925077438354,44.57150074005127,145,STOP,46.63925077438354,-99.94125165939273,-1.4999999999999913
2026-04-02,OPEN,-4.16,8.515000343322754,4.57,29245000,8.642725348472595,8.259550333023071,782,STOP,8.642725348472595,-99.8809540271759,-1.5
2026-03-26,ORBS,-4.69,4.375100135803223,1.28,31126200,4.440726637840271,4.243847131729126,1523,STOP,4.440726637840271,-99.94916260242462,-1.5
2026-04-09,ORBS,-3.23,0.8999999761581421,0.93,21607100,0.9134999758005141,0.8729999768733978,7407,TARGET,0.8729999768733978,199.98899470210088,3.0000000000000018
2026-04-16,ORBS,-3.51,0.8600000143051147,1.14,32260600,0.8729000145196913,0.8342000138759613,7751,STOP,0.8729000145196913,-99.98790166318324,-1.499999999999986
2026-04-23,ORCL,-3.79,1.0959999561309814,187.5,37084200,1.112439955472946,1.063119957447052,6082,TARGET,1.063119957447052,199.97615199565882,2.999999999999999
2026-04-28,ORCL,-6.24,180.39999389648438,172.96,27178961,183.10599380493161,174.98799407958984,36,TARGET,174.98799407958984,194.8319934082033,3.0000000000000027
2026-03-26,ORKA,-3.2,162.16000366210938,43.81,1558600,164.592403717041,157.29520355224608,41,STOP,164.592403717041,-99.72840225219699,-1.4999999999999958
2026-04-22,PBM,-15.07,8.0600004196167,9.49,2174900,8.180900425910949,7.818200407028198,827,STOP,8.180900425910949,-99.98430520534421,-1.4999999999999858
2026-04-07,PFSA,-21.62,8.569999694824219,1.85,8751600,8.698549690246582,8.312899703979491,777,STOP,8.698549690246582,-99.88334644317588,-1.4999999999999942
2026-04-09,PFSA,-6.56,1.4550000429153442,1.22,1350800,1.4768250435590742,1.411350041627884,4581,TARGET,1.411350041627884,199.96065589785576,3.0
2026-04-02,POET,-4.64,1.1399999856948853,5.6,9542800,1.1570999854803083,1.1057999861240386,5847,STOP,1.1570999854803083,-99.98369874536883,-1.4999999999999836
2026-04-23,POET,-7.44,5.340000152587891,12.77,45812700,5.4201001548767085,5.179800148010254,1248,STOP,5.4201001548767085,-99.96480285644469,-1.4999999999999907
2026-04-27,POET,-36.62,11.8149995803833,15.1,195479500,11.992224574089049,11.460549592971802,564,STOP,11.992224574089049,-99.95489645004173,-1.4999999999999851
2026-04-28,POET,-5.03,9.58899974822998,7.95,75198452,9.732834744453429,9.301329755783081,695,TARGET,9.301329755783081,199.93064475059484,2.9999999999999964
2026-04-28,PRFX,-4.37,7.550000190734863,2.29,1088767,7.663250193595886,7.323500185012817,883,STOP,7.663250193595886,-99.99975252628276,-1.4999999999999925
2026-04-02,QBTS,-4.38,2.190000057220459,13.7,17185500,2.2228500580787656,2.1243000555038454,3044,TARGET,2.1243000555038454,199.99080522537182,2.9999999999999925
2026-04-20,QBTS,-3.07,21.024999618530273,21.69,39241800,21.340374612808226,20.394249629974365,317,STOP,21.340374612808226,-99.973873186111,-1.4999999999999931
2026-04-28,QBTS,-3.46,13.100000381469727,18.8,12167135,13.296500387191772,12.707000370025634,508,STOP,13.296500387191772,-99.82200290679907,-1.4999999999999962
2026-04-09,QNCX,-31.15,0.125,1.83,16966120,0.126875,0.12125,53333,TARGET,0.12125,199.99875000000017,3.0000000000000027
2026-04-10,QNCX,-7.26,0.11330000311136246,1.24,11736750,0.11499950315803288,0.10990100301802158,58840,STOP,0.11499950315803288,-99.99858274608775,-1.4999999999999887
2026-04-13,QNCX,-5.15,1.2899999618530273,1.36,4342500,1.3093499612808226,1.2512999629974364,5167,TARGET,1.2512999629974364,199.96289408683842,3.0000000000000098
2026-04-14,QNCX,-11.35,1.25,1.41,3030700,1.2687499999999998,1.2125,5333,STOP,1.2687499999999998,-99.99374999999905,-1.4999999999999858
2026-04-15,QNCX,-6.4,1.1799999475479126,1.25,2589400,1.1976999467611311,1.1445999491214751,5649,STOP,1.1976999467611311,-99.98729555547142,-1.4999999999999858
2026-04-16,QNCX,-4.47,1.1749999523162842,1.23,2913300,1.1926249516010283,1.1397499537467957,5673,STOP,1.1926249516010283,-99.98662094235355,-1.4999999999999902
2026-04-20,QNCX,-9.85,1.2400000095367432,1.37,1747300,1.2586000096797942,1.2028000092506408,5376,STOP,1.2586000096797942,-99.99360076904259,-1.4999999999999942
2026-04-28,QNCX,-3.1,1.25,1.29,1267710,1.2687499999999998,1.2125,5333,STOP,1.2687499999999998,-99.99374999999905,-1.4999999999999858
2026-04-02,QS,-4.51,5.920000076293945,6.21,9602000,6.008800077438354,5.742400074005126,1126,STOP,6.008800077438354,-99.98880128860453,-1.499999999999997
2026-04-08,RDGT,-32.44,3.0399999618530273,4.5,3237900,3.0855999612808223,2.9487999629974366,2192,TARGET,2.9487999629974366,199.91039749145483,2.9999999999999964
2026-04-02,RDW,-4.41,8.680000305175781,9.08,28421000,8.810200309753418,8.419600296020507,768,STOP,8.810200309753418,-99.99360351562473,-1.499999999999996
2026-04-23,RDW,-7.21,11.069999694824219,11.93,54697500,11.236049690246581,10.737899703979492,602,TARGET,10.737899703979492,199.92419448852544,3.0000000000000004
2026-04-01,REI,-3.27,1.4800000190734863,1.53,8187400,1.5022000193595886,1.4356000185012816,4504,TARGET,1.4356000185012816,199.97760257721006,3.000000000000009
2026-04-08,REI,-8.92,1.4299999475479126,1.57,7307900,1.451449946761131,1.3870999491214753,4662,TARGET,1.3870999491214753,199.9997926640508,2.9999999999999964
2026-04-17,REI,-3.79,1.2699999809265137,1.32,5852900,1.2890499806404112,1.2318999814987182,5249,TARGET,1.2318999814987182,199.98689699649867,3.0000000000000084
2026-04-02,RENX,-7.66,2.4000000953674316,2.61,1544100,2.436000096797943,2.3280000925064086,2777,TARGET,2.3280000925064086,199.94400794506097,3.0000000000000036
2026-04-07,RENX,-4.15,2.309999942779541,2.41,1316200,2.344649941921234,2.240699944496155,2886,STOP,2.344649941921234,-99.99989752292561,-1.4999999999999891
2026-04-02,RGTI,-4.52,12.890000343322754,13.5,25642900,13.083350348472594,12.503300333023072,517,STOP,13.083350348472594,-99.96195266246741,-1.4999999999999918
2026-04-02,RKLB,-5.03,62.04499816894531,65.52,32670600,62.97567314147948,60.18364822387695,107,STOP,62.97567314147948,-99.58222206115622,-1.499999999999985
2026-03-30,RMSG,-8.73,0.574999988079071,0.63,1196600,0.5836249879002571,0.5577499884366989,11594,STOP,0.5836249879002571,-99.99824792683083,-1.4999999999999938
2026-04-15,RMSG,-23.75,1.802299976348877,2.4,3650500,1.82933447599411,1.7482309770584106,3698,STOP,1.82933447599411,-99.97357968807151,-1.4999999999999898
2026-04-17,RMSG,-5.49,2.4100000858306885,2.55,7991300,2.4461500871181485,2.337700083255768,2766,STOP,2.4461500871181485,-99.99090356111448,-1.4999999999999882
2026-04-20,RMSG,-6.64,2.505000114440918,2.71,8503000,2.5425751161575314,2.42985011100769,2661,STOP,2.5425751161575314,-99.98707956790834,-1.4999999999999867
2026-04-21,RMSG,-4.35,2.859999895095825,2.99,1150900,2.902899893522262,2.7741998982429505,2331,STOP,2.902899893522262,-99.99989633202436,-1.4999999999999827
2026-04-15,ROLR,-7.42,6.860000133514404,7.41,4056300,6.96290013551712,6.654200129508972,971,STOP,6.96290013551712,-99.91590194463657,-1.4999999999999891
2026-04-20,ROLR,-3.43,7.320000171661377,7.58,1201100,7.429800174236297,7.100400166511536,910,STOP,7.429800174236297,-99.91800234317695,-1.4999999999999876
2026-04-02,RUM,-3.79,4.820000171661377,5.01,1550300,4.892300174236297,4.675400166511536,1383,STOP,4.892300174236297,-99.99090356111448,-1.4999999999999882
2026-03-30,RXT,-3.81,1.0099999904632568,1.05,4496900,1.0251499903202055,0.9796999907493591,6600,STOP,1.0251499903202055,-99.98999905586108,-1.4999999999999798
2026-04-02,RXT,-4.84,0.9248999953269958,0.972,2892200,0.9387734952569007,0.897152995467186,7207,STOP,0.9387734952569007,-99.98631399482412,-1.4999999999999885
2026-04-13,RXT,-3.79,1.25,1.32,8582000,1.2687499999999998,1.2125,5333,STOP,1.2687499999999998,-99.99374999999905,-1.4999999999999858
2026-04-20,RXT,-4.76,1.399999976158142,1.47,6615200,1.420999975800514,1.3579999768733977,4761,STOP,1.420999975800514,-99.980998297333,-1.4999999999999891
2026-04-02,RZLV,-4.15,3.0,3.13,25787500,3.045,2.91,2222,STOP,3.045,-99.98999999999984,-1.4999999999999978
2026-04-07,RZLV,-3.38,2.859999895095825,2.96,24662700,2.902899893522262,2.7741998982429505,2331,TARGET,2.7741998982429505,199.9997926640508,2.9999999999999964
2026-04-09,SAFX,-7.91,0.6399999856948853,0.695,16280700,0.6495999854803085,0.6207999861240386,10416,STOP,0.6495999854803085,-99.9935977649686,-1.4999999999999958
2026-04-17,SAFX,-3.45,0.41999998688697815,0.435,14016300,0.4262999866902828,0.4073999872803688,15873,STOP,0.4262999866902828,-99.99989687785464,-1.4999999999999938
2026-04-15,SHLS,-3.05,7.0,7.22,8400000,7.1049999999999995,6.79,952,STOP,7.1049999999999995,-99.95999999999955,-1.4999999999999933
2026-04-01,SIDU,-3.02,2.2200000286102295,2.32,12161200,2.2533000290393828,2.1534000277519225,3003,STOP,2.2533000290393828,-99.99990128874725,-1.499999999999992
2026-04-02,SIDU,-4.29,2.009999990463257,2.1,66716800,2.0401499903202054,1.949699990749359,3316,STOP,2.0401499903202054,-99.97739952564139,-1.4999999999999851
2026-04-07,SIDU,-8.39,3.361999988555908,3.67,50682100,3.4124299883842464,3.261139988899231,1982,STOP,3.4124299883842464,-99.95225965976627,-1.4999999999999867
2026-04-13,SIDU,-7.88,3.9149999618530273,4.25,36404900,3.9737249612808223,3.7975499629974365,1702,TARGET,3.7975499629974365,199.89989805221558,3.0
2026-04-15,SIDU,-3.01,5.139999866485596,5.31,29705900,5.217099864482879,4.985799870491028,1297,STOP,5.217099864482879,-99.99869740247671,-1.4999999999999918
2026-04-16,SIDU,-4.92,4.610000133514404,4.88,41087300,4.67915013551712,4.471700129508972,1446,STOP,4.67915013551712,-99.99090289592706,-1.4999999999999947
2026-04-17,SIDU,-5.21,5.639999866485596,5.95,25038900,5.7245998644828795,5.470799870491028,1182,STOP,5.7245998644828795,-99.99719763278944,-1.4999999999999976
2026-04-20,SIDU,-9.25,4.855000019073486,5.35,45442800,4.927825019359588,4.709350018501282,1373,TARGET,4.709350018501282,199.97745078563656,2.999999999999995
2026-04-28,SIDU,-4.48,3.200000047683716,3.35,8369801,3.2480000483989713,3.1040000462532045,2083,STOP,3.2480000483989713,-99.9840014898771,-1.4999999999999911
2026-04-08,SILO,-9.62,0.47200000286102295,0.53,6395500,0.47908000290393826,0.45784000277519227,14124,TARGET,0.45784000277519227,199.99584121227255,2.9999999999999987
2026-04-09,SILO,-13.57,0.3822000026702881,0.442,1817300,0.38793300271034237,0.3707340025901794,17442,STOP,0.38793300271034237,-99.99498669862678,-1.4999999999999896
2026-04-21,SILO,-8.56,0.6092000007629395,0.666,2637300,0.6183380007743835,0.5909240007400512,10943,STOP,0.6183380007743835,-99.99713412523221,-1.4999999999999927
2026-04-23,SILO,-12.28,0.5,0.57,3288700,0.5075,0.485,13333,TARGET,0.485,199.99500000000018,3.0000000000000027
2026-04-24,SKLZ,-30.92,8.600000381469727,12.45,9394400,8.729000387191771,8.342000370025634,775,STOP,8.729000387191771,-99.97500443458458,-1.4999999999999851
2026-04-06,SKYQ,-7.84,4.699999809265137,5.1,21390600,4.770499806404113,4.558999814987183,1418,TARGET,4.558999814987183,199.93799188613886,2.999999999999999
2026-04-08,SKYQ,-19.81,5.133200168609619,6.36,7632400,5.210198171138763,4.97920416355133,1298,STOP,5.210198171138763,-99.9434072828285,-1.4999999999999882
2026-04-14,SKYQ,-13.34,10.069999694824219,11.62,3779800,10.22104969024658,9.767899703979491,662,TARGET,9.767899703979491,199.99019393920946,3.000000000000007
2026-04-16,SKYQ,-6.04,10.420000076293945,11.09,1332400,10.576300077438354,10.107400074005128,639,STOP,10.576300077438354,-99.87570073127728,-1.4999999999999973
2026-04-17,SKYQ,-11.91,8.649999618530273,9.82,1235400,8.779749612808226,8.390499629974364,770,STOP,8.779749612808226,-99.90749559402362,-1.4999999999999842
2026-04-21,SKYQ,-5.7,8.609999656677246,9.13,2900900,8.739149651527404,8.351699666976929,774,STOP,8.739149651527404,-99.96209601402211,-1.4999999999999891
2026-04-02,SLDP,-4.08,2.819999933242798,2.94,3766000,2.8622999322414397,2.735399935245514,2364,STOP,2.8622999322414397,-99.99719763278944,-1.4999999999999976
2026-04-15,SLNH,-3.81,1.0099999904632568,1.05,5466100,1.0251499903202055,0.9796999907493591,6600,STOP,1.0251499903202055,-99.98999905586108,-1.4999999999999798
2026-04-20,SLNH,-5.31,1.059999942779541,1.13,58363400,1.075899941921234,1.0281999444961547,6289,STOP,1.075899941921234,-99.99509460210756,-1.4999999999999933
2026-04-27,SLNH,-6.67,1.121000051498413,1.2,15789600,1.1378150522708892,1.0873700499534606,5947,TARGET,1.0873700499534606,199.99761918783213,3.000000000000004
2026-04-28,SLNH,-6.19,1.059999942779541,1.13,8247074,1.075899941921234,1.0281999444961547,6289,STOP,1.075899941921234,-99.99509460210756,-1.4999999999999933
2026-04-02,SLS,-3.33,4.070000171661377,4.21,4872600,4.1310501742362975,3.9479001665115354,1638,STOP,4.1310501742362975,-99.99990421771986,-1.4999999999999973
2026-04-24,SLS,-4.31,4.440000057220459,4.64,7225700,4.5066000580787655,4.306800055503845,1501,TARGET,4.306800055503845,199.93320257663754,3.000000000000004
2026-04-23,SMCI,-9.18,26.5,29.18,46874200,26.897499999999997,25.705,251,STOP,26.897499999999997,-99.77249999999933,-1.4999999999999898
2026-04-28,SMCI,-3.16,26.969999313354492,27.85,16471194,27.374549303054806,26.160899333953857,247,STOP,27.374549303054806,-99.92384745597755,-1.4999999999999873
2026-04-02,SMR,-3.31,9.920000076293945,10.26,26380300,10.068800077438354,9.622400074005126,672,STOP,10.068800077438354,-99.99360076904259,-1.4999999999999942
2026-04-28,SMR,-5.45,11.960000038146973,12.65,20089720,12.139400038719176,11.601200037002563,557,STOP,12.139400038719176,-99.92580031871705,-1.4999999999999865
2026-04-06,SMX,-4.49,8.079999923706055,8.46,22044100,8.201199922561644,7.837599925994873,825,STOP,8.201199922561644,-99.98999905586108,-1.4999999999999798
2026-04-07,SMX,-14.46,11.119999885559082,13.0,3173900,11.286799883842468,10.786399888992309,599,TARGET,10.786399888992309,199.82639794349734,3.0000000000000098
2026-04-08,SMX,-3.68,7.849999904632568,8.15,3011200,7.967749903202056,7.614499907493591,849,STOP,7.967749903202056,-99.96974878549483,-1.4999999999999858
2026-04-14,SMX,-4.14,5.789999961853027,6.04,1848900,5.876849961280822,5.616299962997436,1151,TARGET,5.616299962997436,199.92869868278544,3.000000000000006
2026-04-16,SMX,-3.21,5.130000114440918,5.29,1047900,5.206950116157532,4.97610011100769,1299,STOP,5.206950116157532,-99.95805222988106,-1.4999999999999964
2026-04-21,SMX,-3.46,4.75,4.92,1038800,4.821249999999999,4.6075,1403,STOP,4.821249999999999,-99.96374999999881,-1.499999999999982
2026-04-24,SMX,-3.98,3.380000114440918,3.52,8083200,3.4307001161575315,3.2786001110076906,1972,TARGET,3.2786001110076906,199.96080677032447,2.9999999999999964
2026-04-28,SMX,-3.21,1.5099999904632568,1.56,5451367,1.5326499903202055,1.4646999907493592,4415,TARGET,1.4646999907493592,199.9994987368581,2.9999999999999956
2026-04-02,SNAP,-3.27,4.739999771118164,4.9,62470600,4.811099767684936,4.597799777984619,1406,STOP,4.811099767684936,-99.96659517288083,-1.4999999999999811
2026-04-02,SOUN,-4.34,6.39900016784668,6.68,12846900,6.494985170364379,6.207030162811279,1041,STOP,6.494985170364379,-99.92038762092527,-1.4999999999999907
2026-03-30,SST,-4.22,3.180000066757202,3.32,14332000,3.2277000677585597,3.084600064754486,2096,STOP,3.2277000677585597,-99.97920209884535,-1.4999999999999838
2026-04-02,SST,-16.67,4.349999904632568,5.22,2677200,4.4152499032020565,4.219499907493591,1532,STOP,4.4152499032020565,-99.96299780845577,-1.4999999999999902
2026-04-06,SST,-4.76,3.4000000953674316,3.57,1330000,3.4510000967979426,3.298000092506409,1960,STOP,3.4510000967979426,-99.96000280380152,-1.4999999999999853
2026-03-31,TE,-23.13,4.320000171661377,5.62,34692800,4.384800174236297,4.190400166511536,1543,STOP,4.384800174236297,-99.98640397310126,-1.4999999999999802
2026-04-02,TE,-5.58,4.230000019073486,4.48,16574000,4.293450019359589,4.103100018501282,1576,STOP,4.293450019359589,-99.99720045089717,-1.4999999999999991
2026-04-14,TE,-9.98,4.599999904632568,5.11,41330600,4.668999903202057,4.461999907493591,1449,TARGET,4.461999907493591,199.96199585437822,3.0000000000000067
2026-04-06,TMDE,-8.56,1.7100000381469727,1.87,3592800,1.7356500387191771,1.6587000370025635,3898,STOP,1.7356500387191771,-99.98370223045298,-1.4999999999999922
2026-04-07,TMDE,-4.44,1.7200000286102295,1.8,13968100,1.7458000290393827,1.6684000277519226,3875,STOP,1.7458000290393827,-99.97500166296867,-1.499999999999986
2026-04-08,TMDE,-21.98,1.4199999570846558,1.82,2218400,1.4412999564409255,1.3773999583721162,4694,STOP,1.4412999564409255,-99.98219697832994,-1.49999999999999
2026-04-01,TOVX,-5.0,0.19470000267028809,0.2,12531800,0.1976205027103424,0.18885900259017943,34240,STOP,0.1976205027103424,-99.9979213714597,-1.499999999999996
2026-04-02,TOVX,-4.35,0.2223999947309494,0.23,3202200,0.22573599465191363,0.21572799488902092,29976,STOP,0.22573599465191363,-99.99993363082369,-1.499999999999994
2026-04-07,TOVX,-4.0,0.23999999463558197,0.25,4366300,0.2435999945551157,0.2327999947965145,27777,STOP,0.2435999945551157,-99.99719776488813,-1.4999999999999958
2026-04-09,TOVX,-6.67,0.2786000072956085,0.3,5422600,0.28277900740504264,0.27024200707674023,23929,TARGET,0.27024200707674023,199.9985872372993,3.000000000000012
2026-04-10,TOVX,-7.69,0.23810000717639923,0.26,1971500,0.24167150728404518,0.23095700696110724,27999,STOP,0.24167150728404518,-99.99843151397904,-1.4999999999999851
2026-04-21,TOVX,-14.63,0.3488999903202057,0.41,58294400,0.3541334901750087,0.3384329906105995,19107,TARGET,0.3384329906105995,199.99296345144535,3.0000000000000036
2026-04-22,TOVX,-5.88,0.32010000944137573,0.34,22371200,0.32490150958299635,0.31049700915813444,20826,TARGET,0.31049700915813444,199.99208389878314,3.000000000000006
2026-04-27,TOVX,-5.26,0.36480000615119934,0.38,6030800,0.3702720062434673,0.35385600596666333,18274,STOP,0.3702720062434673,-99.99532968610448,-1.4999999999999885
2026-03-30,TPET,-6.1,0.8622999787330627,0.918,13227500,0.8752344784140585,0.8364309793710708,7731,TARGET,0.8364309793710708,199.99323406755968,3.0000000000000067
2026-03-31,TPET,-10.5,0.75,0.838,12444300,0.76125,0.7275,8888,STOP,0.76125,-99.98999999999984,-1.4999999999999978
2026-04-01,TPET,-7.97,0.6348000168800354,0.69,8731900,0.6443220171332359,0.6157560163736343,10501,STOP,0.6443220171332359,-99.99052465885836,-1.4999999999999938
2026-04-06,TPET,-5.41,0.699999988079071,0.74,12042900,0.710499987900257,0.6789999884366988,9523,STOP,0.710499987900257,-99.99149829715418,-1.4999999999999891
2026-04-08,TPET,-29.58,0.5,0.71,21578700,0.5075,0.485,13333,TARGET,0.485,199.99500000000018,3.0000000000000027
2026-04-09,TPET,-10.2,0.5460000038146973,0.608,11427000,0.5541900038719176,0.5296200037002563,12210,TARGET,0.5296200037002563,199.99980139732415,3.000000000000008
2026-04-10,TPET,-5.2,0.5102999806404114,0.538,6319100,0.5179544803500175,0.494990981221199,13064,STOP,0.5179544803500175,-99.99838420629379,-1.4999999999999818
2026-04-14,TPET,-5.84,0.5,0.531,6215900,0.5075,0.485,13333,TARGET,0.485,199.99500000000018,3.0000000000000027
2026-04-17,TPET,-8.25,0.4672999978065491,0.509,6435600,0.4743094977736473,0.4532809978723526,14266,STOP,0.4743094977736473,-99.99752653062306,-1.4999999999999942
2026-04-22,TPET,-9.34,0.5236999988555908,0.578,7171400,0.5315554988384247,0.5079889988899231,12729,STOP,0.5315554988384247,-99.99265928149218,-1.4999999999999991
2026-04-24,TRT,-13.86,11.869999885559082,13.78,7812100,12.048049883842467,11.51389988899231,561,STOP,12.048049883842467,-99.88604903697872,-1.4999999999999858
2026-04-27,TRT,-13.98,14.210000038146973,16.52,2387000,14.423150038719175,13.783700037002562,469,TARGET,13.783700037002562,199.9347005367284,3.0000000000000075
2026-04-02,TSSI,-4.87,13.25,13.95,1516200,13.448749999999999,12.8525,503,STOP,13.448749999999999,-99.97124999999932,-1.4999999999999898
2026-04-23,TSSI,-3.18,16.149999618530273,16.67,1718600,16.392249612808225,15.665499629974365,412,TARGET,15.665499629974365,199.61399528503438,3.000000000000003
2026-04-02,UAMY,-4.7,7.909999847412109,8.3,9596600,8.02864984512329,7.672699851989746,842,STOP,8.02864984512329,-99.90329807281422,-1.4999999999999891
2026-04-28,UAMY,-4.03,10.729999542236328,11.18,15262555,10.890949535369872,10.408099555969239,621,TARGET,10.408099555969239,199.89989147186256,2.999999999999997
2026-03-30,UCAR,-10.34,0.05169999971985817,0.58,1993950,0.052475499715656036,0.05014899972826242,128949,STOP,0.052475499715656036,-99.99994895813911,-1.4999999999999887
2026-03-31,UCAR,-3.7,0.5,0.54,5809970,0.5075,0.485,13333,TARGET,0.485,199.99500000000018,3.0000000000000027
2026-04-02,UCAR,-8.79,0.550000011920929,0.603,6595800,0.5582500120997428,0.5335000115633011,12121,STOP,0.5582500120997428,-99.99825216740246,-1.4999999999999813
2026-04-06,UCAR,-4.85,0.628000020980835,0.66,2160400,0.6374200212955474,0.6091600203514099,10615,TARGET,0.6091600203514099,199.98660668134676,2.999999999999998
2026-04-13,UCAR,-17.6,1.9199999570846558,2.33,5214600,1.9487999564409255,1.862399958372116,3472,STOP,1.9487999564409255,-99.9935977649686,-1.4999999999999958
2026-04-14,UCAR,-12.23,1.649999976158142,1.88,4544500,1.674749975800514,1.6004999768733978,4040,STOP,1.674749975800514,-99.98999855518248,-1.499999999999986
2026-04-16,UCAR,-5.15,1.274999976158142,1.36,1594200,1.294124975800514,1.2367499768733978,5228,TARGET,1.2367499768733978,199.970996260643,3.0
2026-04-20,UCAR,-10.74,1.340000033378601,1.49,3386100,1.36010003387928,1.299800032377243,4975,STOP,1.36010003387928,-99.99750249087722,-1.4999999999999867
2026-04-28,UCAR,-5.52,1.7101000547409058,1.81,2111358,1.735751555562019,1.6587970530986786,3898,STOP,1.735751555562019,-99.9895502006998,-1.4999999999999853
2026-04-02,UEC,-4.24,12.859999656677246,13.43,7167800,13.052899651527403,12.474199666976928,518,STOP,13.052899651527403,-99.92219733238113,-1.499999999999984
2026-04-02,USAR,-4.22,14.175999641418457,14.8,13202100,14.388639636039732,13.750719652175903,470,STOP,14.388639636039732,-99.94079747199942,-1.4999999999999896
2026-04-28,USAR,-4.04,22.559999465942383,23.51,12169388,22.898399457931518,21.883199481964112,295,TARGET,21.883199481964112,199.65599527358975,2.999999999999995
2026-04-08,USEG,-10.23,0.7910000085830688,0.88,4778000,0.8028650087118148,0.7672700083255768,8428,TARGET,0.7672700083255768,199.99644217014304,2.9999999999999987
2026-04-14,USEG,-4.0,0.722000002861023,0.75,1596800,0.7328300029039382,0.7003400027751923,9233,TARGET,0.7003400027751923,199.98678079247475,3.0
2026-04-17,USEG,-6.49,0.7250000238418579,0.77,2412400,0.7358750241994857,0.7032500231266021,9195,TARGET,0.7032500231266021,199.991256576777,3.0000000000000075
2026-04-02,VELO,-5.31,9.100000381469727,9.61,2143800,9.236500387191771,8.827000370025635,732,STOP,9.236500387191771,-99.91800418853687,-1.4999999999999891
2026-04-06,VELO,-10.86,10.59000015258789,11.88,2266100,10.748850154876708,10.272300148010254,629,STOP,10.748850154876708,-99.91665143966608,-1.4999999999999898
2026-04-09,VELO,-3.22,10.220000267028809,10.56,1406700,10.373300271034239,9.913400259017944,652,STOP,10.373300271034239,-99.95160261154064,-1.4999999999999833
2026-04-27,VELO,-12.1,15.260000228881836,17.36,4419300,15.488900232315062,14.802200222015381,436,TARGET,14.802200222015381,199.60080299377427,2.999999999999998
2026-04-23,VERX,-3.05,12.0600004196167,12.44,1608500,12.240900425910949,11.698200407028198,552,TARGET,11.698200407028198,199.71360694885283,3.000000000000004
2026-04-02,VIR,-3.97,8.661999702453613,9.02,1727100,8.791929697990417,8.402139711380004,769,STOP,8.791929697990417,-99.91616656780215,-1.499999999999996
2026-04-13,VIR,-4.05,9.114999771118164,9.5,1651300,9.251724767684935,8.84154977798462,731,STOP,9.251724767684935,-99.94597249030988,-1.4999999999999882
2026-04-01,VRAX,-12.27,0.1899999976158142,0.22,9175600,0.1928499975800514,0.1842999976873398,35087,STOP,0.1928499975800514,-99.99794874519,-1.4999999999999836
2026-04-02,VRAX,-8.59,0.1809999942779541,0.198,2444100,0.1837149941921234,0.17556999444961546,36832,STOP,0.1837149941921234,-99.99887683868334,-1.4999999999999891
2026-04-06,VRAX,-8.05,0.15950000286102295,0.174,1348100,0.16189250290393828,0.15471500277519226,41797,TARGET,0.15471500277519226,199.99864858746523,2.999999999999999
2026-04-07,VRAX,-4.58,0.14630000293254852,0.153,1832300,0.14849450297653674,0.14191100284457206,45568,STOP,0.14849450297653674,-99.99897800445511,-1.4999999999999931
2026-04-09,VRAX,-10.67,0.13439999520778656,0.15,6871600,0.13641599513590336,0.13036799535155297,49603,TARGET,0.13036799535155297,199.9992888687549,2.999999999999997
2026-04-14,VRAX,-12.05,0.1454000025987625,0.166,23659200,0.14758100263774393,0.14103800252079962,45850,STOP,0.14758100263774393,-99.99885178729801,-1.4999999999999862
2026-04-15,VRAX,-6.76,0.14000000059604645,0.148,7850400,0.14210000060498712,0.13580000057816505,47619,STOP,0.14210000060498712,-99.99990042574588,-1.4999999999999827
2026-04-16,VRAX,-7.05,0.14509999752044678,0.156,3352200,0.14727649748325347,0.14074699759483336,45945,STOP,0.14727649748325347,-99.99929079115356,-1.4999999999999947
2026-04-20,VRAX,-5.33,0.1412000060081482,0.15,1906500,0.1433180060982704,0.13696400582790375,47214,STOP,0.1433180060982704,-99.99925625502938,-1.4999999999999811
2026-04-24,VRAX,-4.4,0.15199999511241913,0.159,2871100,0.1542799950391054,0.14743999525904655,43859,STOP,0.1542799950391054,-99.99851678453268,-1.4999999999999825
2026-04-02,VZLA,-6.01,3.130000114440918,3.33,8016900,3.1769501161575313,3.0361001110076904,2129,STOP,3.1769501161575313,-99.9565536546698,-1.4999999999999865
2026-04-28,VZLA,-3.41,3.4000000953674316,3.52,5333643,3.4510000967979426,3.298000092506409,1960,STOP,3.4510000967979426,-99.96000280380152,-1.4999999999999853
2026-04-28,YAAS,-28.88,1.649999976158142,2.32,3468005,1.674749975800514,1.6004999768733978,4040,TARGET,1.6004999768733978,199.97999711036675,2.9999999999999987
2026-04-02,ZETA,-3.24,15.220000267028809,15.73,3908500,15.44830027103424,14.763400259017944,438,STOP,15.44830027103424,-99.99540175437899,-1.4999999999999958
2026-04-23,ZETA,-3.08,17.600000381469727,18.16,8027000,17.86400038719177,17.072000370025634,378,TARGET,17.072000370025634,199.5840043258669,3.0000000000000036
2026-04-07,ZSPC,-7.87,0.08150000125169754,2.225,3454956,0.082722501270473,0.07905500121414662,81799,TARGET,0.07905500121414662,199.998558071628,2.999999999999997
2026-04-08,ZSPC,-15.53,0.08699999749660492,2.575,1745624,0.08830499745905399,0.08438999757170677,76628,STOP,0.08830499745905399,-99.99953712254703,-1.4999999999999911
2026-04-09,ZSPC,-6.59,0.08449999988079071,2.275,1010012,0.08576749987900256,0.08196499988436699,78895,TARGET,0.08196499988436699,199.99882471784917,2.9999999999999956
2026-04-13,ZSPC,-5.41,0.07010000199079514,1.85,1573024,0.07115150202065705,0.06799700193107128,95102,STOP,0.07115150202065705,-99.99975583992787,-1.4999999999999833
2026-04-14,ZSPC,-9.09,0.07000000029802322,1.925,1260640,0.07105000030249356,0.06790000028908252,95238,STOP,0.07105000030249356,-99.99990042574588,-1.4999999999999827
2026-04-15,ZSPC,-8.75,0.0729999989271164,2.0,1015300,0.07409499891102313,0.0708099989593029,91324,STOP,0.07409499891102313,-99.9997785302985,-1.4999999999999825
2026-04-17,ZSPC,-22.99,0.06800000369548798,2.175,5354788,0.0690200037509203,0.06596000358462334,98039,STOP,0.0690200037509203,-99.99978543452907,-1.4999999999999984
2026-04-23,ZSPC,-35.93,0.7559999823570251,1.18,6395600,0.7673399820923804,0.7333199828863144,8818,TARGET,0.7333199828863144,199.99223533272743,3.0
2026-04-27,ZSPC,-14.71,0.36899998784065247,0.442,5132700,0.3745349876582622,0.35792998820543287,18066,TARGET,0.35792998820543287,199.99061340987723,3.000000000000006
