ticker,current_price,phase,consumed_pct,consumed_count,overhead_count,total_in_arc,next_major_top,next_major_bot,next_major_ticks,next_major_tf,next_major_dist_pct,sub_tf_status_str,has_recent_flip,total_bearish_gaps,est_open,stop,target,shares,expected_pct,rr,promoted
AAL,15.61,BASING,0.0,0,11,11,16.95,16.81,15,weekly,7.69,rel-vol 0.4x · regime FAVORABLE,True,14,15.61,15.3758,16.95,427,8.58,5.72,False
AAOI,96.34,BASING,0.0,0,19,19,99.747,99.61,14,45m,3.39,37 bear-built-above · rel-vol 1.2x · regime FAVORABLE,False,19,96.34,94.8949,99.747,69,3.54,2.36,False
AAPL,308.88,BASING,0.0,0,17,17,338.19,333.43,476,daily,7.95,15 bear-built-above · rel-vol 1.5x · regime FAVORABLE,False,18,308.88,304.2468,338.19,21,9.49,6.33,False
ABT,105.77,BASING,0.0,0,20,20,120.73,108.61,1213,daily,2.69,27 bear-built-above · rel-vol 0.6x · regime FAVORABLE,False,21,105.77,104.1834,120.73,63,14.14,9.43,False
ACHC,28.26,BASING,0.0,0,8,8,28.35,28.32,4,10m,0.21,7 bear-built-above · rel-vol 1.1x · regime FAVORABLE,True,9,28.26,27.8361,28.35,235,0.32,0.21,False
ACHR,4.78,BASING,0.0,0,18,18,5.18,5.11,7,daily,6.9,19 bear-built-above · rel-vol 1.0x · regime FAVORABLE,False,18,4.78,4.7083,5.18,1394,8.37,5.58,False
ACN,161.5,BASING,0.0,0,20,20,178.25,176.95,131,weekly,9.57,78 bear-built-above · rel-vol 1.0x · regime FAVORABLE,False,20,161.5,159.0775,178.25,41,10.37,6.91,False
ACRS,5.32,BASING,0.0,0,20,20,5.62,5.51,12,daily,3.57,17 bear-built-above · rel-vol 1.1x · regime FAVORABLE,False,20,5.32,5.2402,5.62,1253,5.64,3.76,False
ADBE,245.04,BASING,0.0,0,20,20,270.0,267.98,202,daily,9.36,66 bear-built-above · rel-vol 1.2x · regime FAVORABLE,False,20,245.04,241.3644,270.0,27,10.19,6.79,False
ADPT,24.3097,BASING,0,0,0,0,,,,,0,rel-vol 1.9x · regime FAVORABLE,True,0,24.3097,23.9451,26.7407,274,10.0,6.67,False
AEG,9.45,BASING,0,0,0,0,,,,,0,rel-vol 1.1x · regime FAVORABLE,True,0,9.45,9.3082,10.395,705,10.0,6.67,False
AEVA,16.85,BASING,0.0,0,20,20,18.675,18.21,47,daily,8.07,23 bear-built-above · rel-vol 1.2x · regime FAVORABLE,False,21,16.85,16.5973,18.675,395,10.83,7.22,False
AG,15.38,BASING,0.0,0,20,20,17.2,16.595,61,daily,7.9,46 bear-built-above · rel-vol 2.0x · regime FAVORABLE,False,20,15.38,15.1493,17.2,433,11.83,7.89,False
AGEN,7.84,BASING,0.0,0,5,5,7.8854,7.87,2,45m,0.38,5 bear-built-above · rel-vol 0.3x · regime FAVORABLE,False,5,7.84,7.7224,7.8854,850,0.58,0.39,False
AGNC,10.8936,BASING,0.0,0,15,15,11.97,11.83,15,daily,8.6,7 bear-built-above · rel-vol 1.2x · regime FAVORABLE,False,18,10.8936,10.7302,11.97,611,9.88,6.59,False
AHMA,1.48,BASING,0.0,0,2,2,1.7,1.62,8,5m,9.46,1 bear-built-above · rel-vol 0.1x · regime FAVORABLE,False,2,1.48,1.4578,1.7,4504,14.86,9.91,False
AI,9.03,BASING,0.0,0,7,7,10.3,10.18,13,weekly,12.74,2 bear-built-above · rel-vol 0.7x · regime FAVORABLE,True,8,9.03,8.8945,10.3,738,14.06,9.38,False
ALC,69.93,BASING,0.0,0,16,16,81.32,80.405,92,daily,14.98,4 bear-built-above · rel-vol 1.1x · regime FAVORABLE,False,16,69.93,68.8811,81.32,95,16.29,10.86,False
ALIT,18.27,BASING,0.0,0,16,16,21.41,20.93,49,daily,14.56,27 bear-built-above · rel-vol 0.7x · regime FAVORABLE,False,16,18.27,17.996,21.41,364,17.19,11.46,False
ALMS,28.65,BASING,0.0,0,16,16,29.72,29.27,45,4h,2.16,5 bear-built-above · rel-vol 0.7x · regime FAVORABLE,False,20,28.65,28.2202,29.72,232,3.73,2.49,False
ALTO,4.665,BASING,0.0,0,19,19,5.05,4.97,9,30m,6.54,33 bear-built-above · rel-vol 0.6x · regime FAVORABLE,False,20,4.665,4.595,5.05,1429,8.25,5.5,False
AMAT,525.57,BASING,0.0,0,16,16,602.5,582.01,2050,weekly,10.74,22 bear-built-above · rel-vol 1.4x · regime FAVORABLE,False,17,525.57,517.6865,602.5,12,14.64,9.76,False
AMC,2.73,BASING,0.0,0,8,8,3.06,3.03,4,4h,10.99,5 bear-built-above · rel-vol 0.6x · regime FAVORABLE,True,10,2.73,2.689,3.06,2442,12.09,8.06,False
AMD,503.6,BASING,0.0,0,20,20,545.5,545.09,41,45m,8.24,20 bear-built-above · rel-vol 1.3x · regime FAVORABLE,False,20,503.6,496.046,545.5,13,8.32,5.55,False
AMKR,51.5,BASING,0.0,0,18,18,60.71,51.8,892,daily,0.58,28 bear-built-above · rel-vol 1.4x · regime FAVORABLE,False,18,51.5,50.7275,60.71,129,17.88,11.92,False
AMPG,4.91,BASING,0.0,0,17,17,5.57,5.5,8,15m,12.02,24 bear-built-above · rel-vol 0.8x · regime FAVORABLE,False,17,4.91,4.8364,5.57,1357,13.44,8.96,False
AMZN,264.0,BASING,0.0,0,11,11,267.94,266.285,166,weekly,0.87,3 bear-built-above · rel-vol 2.5x · regime FAVORABLE,True,14,264.0,260.04,267.94,25,1.49,0.99,False
ANDG,46.23,BASING,0.0,0,4,4,47.04,46.74,30,4h,1.1,4 bear-built-above · rel-vol 0.9x · regime FAVORABLE,True,5,46.23,45.5365,47.04,144,1.75,1.17,False
ANET,172.5,BASING,0.0,0,20,20,175.5,175.21,29,30m,1.57,17 bear-built-above · rel-vol 1.0x · regime FAVORABLE,False,22,172.5,169.9125,175.5,38,1.74,1.16,False
ANRO,28.68,BASING,0,0,0,0,,,,,0,rel-vol 0.6x · regime FAVORABLE,True,0,28.68,28.2498,31.548,232,10.0,6.67,False
APP,406.99,BASING,0.0,0,17,17,414.48,413.535,95,daily,1.61,12 bear-built-above · rel-vol 1.3x · regime FAVORABLE,False,17,406.99,400.8852,414.48,16,1.84,1.23,False
ARBE,0.62,BASING,0.0,0,20,20,0.69,0.6834,1,30m,10.23,17 bear-built-above · rel-vol 0.9x · regime FAVORABLE,False,20,0.62,0.6107,0.69,10752,11.29,7.53,False
AREC,1.8732,BASING,0.0,0,8,8,2.08,2.075,1,weekly,10.77,rel-vol 0.8x · regime FAVORABLE,True,9,1.8732,1.8451,2.08,3558,11.04,7.36,False
ARI,6.5,BASING,0.0,0,20,20,10.54,7.02,352,daily,8.0,20 bear-built-above · rel-vol 0.6x · regime FAVORABLE,False,20,6.5,6.4025,10.54,1025,62.15,41.44,False
ARIS,13.55,BASING,0.0,0,18,18,14.25,13.97,28,45m,3.1,26 bear-built-above · rel-vol 1.8x · regime FAVORABLE,False,18,13.55,13.3468,14.25,492,5.17,3.44,False
ASAN,7.95,BASING,0.0,0,20,20,8.15,8.14,1,daily,2.39,19 bear-built-above · rel-vol 1.4x · regime FAVORABLE,False,22,7.95,7.8308,8.15,838,2.52,1.68,False
ASST,11.9,BASING,0.0,0,18,18,12.67,12.09,59,daily,1.6,21 bear-built-above · rel-vol 1.0x · regime FAVORABLE,False,18,11.9,11.7215,12.67,560,6.47,4.31,False
ASTS,60.36,BASING,0.0,0,12,12,64.8,63.55,125,45m,5.28,9 bear-built-above · rel-vol 0.8x · regime FAVORABLE,False,12,60.36,59.4546,64.8,110,7.36,4.9,False
ATAI,7.18,BASING,0.0,0,1,1,7.195,7.19,1,5m,0.14,1 bear-built-above · rel-vol 0.7x · regime FAVORABLE,True,1,7.18,7.0723,7.195,928,0.21,0.14,False
ATEX,95.45,BASING,0.0,0,20,20,103.99,103.0,99,daily,7.91,20 bear-built-above · rel-vol 0.7x · regime FAVORABLE,False,20,95.45,94.0182,103.99,69,8.95,5.96,False
ATLC,106.05,BASING,0.0,0,7,7,110.41,108.85,157,1h,2.64,rel-vol 0.7x · regime FAVORABLE,True,7,106.05,104.4592,110.41,62,4.11,2.74,False
AUR,6.24,BASING,0.0,0,8,8,6.545,6.54,1,45m,4.81,5 bear-built-above · rel-vol 1.3x · regime FAVORABLE,False,10,6.24,6.1464,6.545,1068,4.89,3.26,False
AVGO,393.7,BASING,0.0,0,12,12,479.23,418.91,6032,daily,6.4,4 bear-built-above · rel-vol 1.1x · regime FAVORABLE,True,15,393.7,387.7945,479.23,16,21.72,14.48,False
AVTR,13.52,BASING,0.0,0,11,11,15.08,14.79,30,4h,9.39,10 bear-built-above · rel-vol 1.4x · regime FAVORABLE,False,13,13.52,13.3172,15.08,493,11.54,7.69,False
AVTX,19.39,BASING,0.0,0,5,5,19.645,19.6,5,1m,1.08,5 bear-built-above · rel-vol 0.9x · regime FAVORABLE,False,6,19.39,19.0992,19.645,343,1.32,0.88,False
AXTI,58.7117,BASING,0.0,0,8,8,70.15,67.155,300,weekly,14.38,3 bear-built-above · rel-vol 2.1x · regime FAVORABLE,True,10,58.7117,57.831,70.15,113,19.48,12.99,False
B,37.45,BASING,0.0,0,17,17,40.34,39.76,59,weekly,6.17,14 bear-built-above · rel-vol 1.2x · regime FAVORABLE,False,17,37.45,36.8882,40.34,178,7.72,5.14,False
BAC,61.87,BASING,0.0,0,15,15,62.58,62.51,8,30m,1.03,15 bear-built-above · rel-vol 0.7x · regime FAVORABLE,True,16,61.87,60.9419,62.58,107,1.15,0.77,False
BAND,38.71,BASING,0.0,0,12,12,41.01,40.5,51,1h,4.62,12 bear-built-above · rel-vol 1.7x · regime FAVORABLE,False,12,38.71,38.1294,41.01,172,5.94,3.96,False
BATL,1.35,BASING,0.0,0,19,19,1.63,1.47,16,weekly,8.89,16 bear-built-above · rel-vol 0.3x · regime FAVORABLE,False,19,1.35,1.3297,1.63,4938,20.74,13.83,False
BAX,26.85,BASING,0.0,0,13,13,28.1711,28.17,1,1h,4.92,13 bear-built-above · rel-vol 3.5x · regime FAVORABLE,False,16,26.85,26.4473,28.1711,248,4.92,3.28,False
BB,8.58,BASING,0.0,0,19,19,8.99,8.88,11,weekly,3.5,28 bear-built-above · rel-vol 0.9x · regime FAVORABLE,False,19,8.58,8.4513,8.99,777,4.78,3.19,False
BCAX,26.7,BASING,0.0,0,20,20,30.4,30.25,15,1h,13.3,8 bear-built-above · rel-vol 1.4x · regime FAVORABLE,False,20,26.7,26.2995,30.4,249,13.86,9.24,False
BE,224.68,BASING,0.0,0,19,19,244.61,231.38,1324,weekly,2.98,rel-vol 2.1x · regime FAVORABLE,False,20,224.68,221.3098,244.61,29,8.87,5.91,False
BFLY,8.2954,BASING,0.0,0,11,11,9.3593,9.355,1,1h,12.77,rel-vol 1.3x · regime FAVORABLE,False,12,8.2954,8.171,9.3593,803,12.83,8.55,False
BHVN,14.2,BASING,0.0,0,20,20,14.51,14.27,25,daily,0.49,25 bear-built-above · rel-vol 0.6x · regime FAVORABLE,False,23,14.2,13.987,14.51,469,2.18,1.46,False
BIYA,4.07,BASING,0.0,0,9,9,4.5,4.47,4,1m,9.83,5 bear-built-above · rel-vol 0.2x · regime FAVORABLE,False,9,4.07,4.009,4.5,1638,10.57,7.04,False
BKD,14.62,BASING,0.0,0,17,17,16.5,15.425,108,daily,5.51,32 bear-built-above · rel-vol 1.1x · regime FAVORABLE,False,17,14.62,14.4007,16.5,455,12.86,8.57,False
BKNG,193.52,BASING,0.0,0,20,20,212.5884,210.501,209,daily,8.77,25 bear-built-above · rel-vol 1.2x · regime FAVORABLE,False,23,193.52,190.6172,212.5884,34,9.85,6.57,False
BLLN,139.65,BASING,0,0,0,0,,,,,0,rel-vol 0.8x · regime FAVORABLE,True,0,139.65,137.5553,153.615,47,10.0,6.67,False
BMNR,17.6378,BASING,0.0,0,8,8,19.27,18.46,81,weekly,4.66,5 bear-built-above · rel-vol 1.0x · regime FAVORABLE,True,8,17.6378,17.3732,19.27,377,9.25,6.17,False
BMY,64.9236,BASING,0.0,0,5,5,65.2901,65.29,1,15m,0.56,5 bear-built-above · rel-vol 1.7x · regime FAVORABLE,False,6,64.9236,63.9497,65.2901,102,0.56,0.38,False
BSX,46.15,BASING,0.0,0,16,16,48.31,48.05,27,weekly,4.12,8 bear-built-above · rel-vol 1.3x · regime FAVORABLE,False,16,46.15,45.4577,48.31,144,4.68,3.12,False
BTDR,11.22,BASING,0.0,0,16,16,13.29,12.83,46,weekly,14.35,22 bear-built-above · rel-vol 1.6x · regime FAVORABLE,False,16,11.22,11.0517,13.29,594,18.45,12.3,False
BTE,4.28,BASING,0.0,0,20,20,4.64,4.39,25,weekly,2.57,14 bear-built-above · rel-vol 0.8x · regime FAVORABLE,False,20,4.28,4.2158,4.64,1557,8.41,5.61,False
BTG,3.85,BASING,0.0,0,20,20,4.3,4.2,10,weekly,9.09,24 bear-built-above · rel-vol 0.8x · regime FAVORABLE,False,20,3.85,3.7923,4.3,1731,11.69,7.79,False
BTQ,3.57,BASING,0.0,0,16,16,4.17,4.06,12,daily,13.73,3 bear-built-above · rel-vol 0.7x · regime FAVORABLE,False,16,3.57,3.5164,4.17,1867,16.81,11.2,False
BULL,7.16,BASING,0.0,0,20,20,7.54,7.36,18,daily,2.79,27 bear-built-above · rel-vol 0.8x · regime FAVORABLE,False,21,7.16,7.0526,7.54,931,5.31,3.54,False
BVS,13.18,BASING,0.0,0,5,5,13.285,13.275,1,1m,0.72,5 bear-built-above · rel-vol 0.8x · regime FAVORABLE,False,5,13.18,12.9823,13.285,505,0.8,0.53,False
C,132.5,BASING,0.0,0,16,16,140.71,137.74,297,daily,3.95,8 bear-built-above · rel-vol 0.8x · regime FAVORABLE,False,17,132.5,130.5125,140.71,50,6.2,4.13,False
CAG,14.96,BASING,0.0,0,20,20,16.98,16.68,31,daily,11.5,46 bear-built-above · rel-vol 1.0x · regime FAVORABLE,False,22,14.96,14.7356,16.98,445,13.5,9.0,False
CBRL,55.5798,BASING,0.0,0,5,5,59.82,58.29,154,daily,4.88,2 bear-built-above · rel-vol 0.7x · regime FAVORABLE,False,6,55.5798,54.7461,59.82,119,7.63,5.09,False
CBRS,208.89,BASING,0.0,0,20,20,219.0,218.2,81,1h,4.46,22 bear-built-above · rel-vol 1.2x · regime FAVORABLE,False,20,208.89,205.7566,219.0,31,4.84,3.23,False
CCC,6.1107,BASING,0.0,0,6,6,6.88,6.82,6,daily,11.61,3 bear-built-above · rel-vol 1.4x · regime FAVORABLE,False,6,6.1107,6.019,6.88,1090,12.59,8.39,False
CCJ,90.0,BASING,0.0,0,16,16,95.99,94.4,159,weekly,4.89,5 bear-built-above · rel-vol 1.1x · regime FAVORABLE,False,17,90.0,88.65,95.99,74,6.66,4.44,False
CCL,28.05,BASING,0.0,0,18,18,30.19,28.72,148,daily,2.39,1 bear-built-above · rel-vol 1.2x · regime FAVORABLE,True,18,28.05,27.6292,30.19,237,7.63,5.09,False
CCO,2.41,BASING,0.0,0,3,3,2.425,2.42,1,30m,0.41,rel-vol 1.0x · regime FAVORABLE,False,3,2.41,2.3739,2.425,2766,0.62,0.41,False
CDE,15.3,BASING,0.0,0,19,19,16.99,16.87,12,daily,10.26,22 bear-built-above · rel-vol 1.1x · regime FAVORABLE,False,19,15.3,15.0705,16.99,435,11.05,7.36,False
CDNA,41.41,BASING,0.0,0,3,3,42.4257,42.25,18,1m,2.03,3 bear-built-above · rel-vol 1.6x · regime FAVORABLE,True,3,41.41,40.7888,42.4257,160,2.45,1.64,False
CERS,2.45,BASING,0.0,0,16,16,2.88,2.78,11,10m,13.47,14 bear-built-above · rel-vol 0.9x · regime FAVORABLE,False,17,2.45,2.4133,2.88,2721,17.55,11.7,False
CGEM,17.52,BASING,0.0,0,11,11,18.6,18.5,11,1h,5.59,9 bear-built-above · rel-vol 0.8x · regime FAVORABLE,False,11,17.52,17.2572,18.6,380,6.16,4.11,False
CHAI,0.4095,BASING,0.0,0,15,15,0.47,0.4468,3,daily,9.11,12 bear-built-above · rel-vol 0.1x · regime FAVORABLE,False,15,0.4095,0.4034,0.47,16280,14.77,9.85,False
CHRN,21.49,BASING,0.0,0,13,13,24.5,23.06,145,30m,7.31,7 bear-built-above · rel-vol 0.4x · regime FAVORABLE,False,13,21.49,21.1676,24.5,310,14.01,9.34,False
CIFR,23.53,BASING,0.0,0,20,20,23.72,23.71,1,45m,0.76,17 bear-built-above · rel-vol 1.3x · regime FAVORABLE,False,22,23.53,23.1771,23.72,283,0.81,0.54,False
CLF,11.63,BASING,0.0,0,15,15,13.27,13.2,8,daily,13.5,11 bear-built-above · rel-vol 1.0x · regime FAVORABLE,True,17,11.63,11.4556,13.27,573,14.1,9.4,False
CLSK,14.7101,BASING,0.0,0,15,15,16.505,16.5,1,45m,12.17,17 bear-built-above · rel-vol 1.3x · regime FAVORABLE,False,15,14.7101,14.4894,16.505,453,12.2,8.13,False
CLYM,12.1,BASING,0.0,0,20,20,14.5255,13.54,99,30m,11.9,28 bear-built-above · rel-vol 1.5x · regime FAVORABLE,False,20,12.1,11.9185,14.5255,550,20.05,13.36,False
CMCSA,23.61,BASING,0.0,0,20,20,27.19,27.0,20,weekly,14.36,45 bear-built-above · rel-vol 0.8x · regime FAVORABLE,False,20,23.61,23.2558,27.19,282,15.16,10.11,False
CMG,38.52,BASING,0.0,0,6,6,43.64,43.55,10,weekly,13.06,4 bear-built-above · rel-vol 2.0x · regime FAVORABLE,True,8,38.52,37.9422,43.64,173,13.29,8.86,False
CMND,1.58,BASING,0.0,0,2,2,1.87,1.79,9,daily,13.29,1 bear-built-above · rel-vol 0.2x · regime FAVORABLE,False,2,1.58,1.5563,1.87,4219,18.35,12.24,False
CNH,10.38,BASING,0.0,0,19,19,11.9,11.72,18,daily,12.91,21 bear-built-above · rel-vol 1.3x · regime FAVORABLE,False,19,10.38,10.2243,11.9,642,14.64,9.76,False
CNQ,47.27,BASING,0.0,0,16,16,48.57,47.69,89,daily,0.89,2 bear-built-above · rel-vol 0.5x · regime FAVORABLE,False,17,47.27,46.561,48.57,141,2.75,1.83,False
CNTX,0.598,BASING,0.0,0,20,20,0.6141,0.6132,1,weekly,2.54,20 bear-built-above · rel-vol 0.4x · regime FAVORABLE,False,20,0.598,0.589,0.6141,11148,2.69,1.79,False
COAG,48.2,BASING,0.0,0,9,9,51.0,49.19,182,1h,2.05,9 bear-built-above · rel-vol 2.0x · regime FAVORABLE,False,9,48.2,47.477,51.0,138,5.81,3.87,False
COHR,263.25,BASING,0.0,0,20,20,282.39,282.12,27,weekly,7.17,29 bear-built-above · rel-vol 1.4x · regime FAVORABLE,False,20,263.25,259.3012,282.39,25,7.27,4.85,False
COIN,156.8,BASING,0.0,0,14,14,186.07,179.21,686,weekly,14.29,9 bear-built-above · rel-vol 1.2x · regime FAVORABLE,False,14,156.8,154.448,186.07,42,18.67,12.44,False
COMP,11.46,BASING,0.0,0,19,19,11.86,11.62,25,daily,1.4,3 bear-built-above · rel-vol 0.5x · regime FAVORABLE,True,19,11.46,11.2881,11.86,581,3.49,2.33,False
CORZ,22.5,BASING,0.0,0,17,17,25.59,24.82,77,daily,10.31,7 bear-built-above · rel-vol 1.8x · regime FAVORABLE,False,17,22.5,22.1625,25.59,296,13.73,9.16,False
COTY,2.61,BASING,0.0,0,14,14,3.15,2.66,49,daily,1.92,28 bear-built-above · rel-vol 0.6x · regime FAVORABLE,False,14,2.61,2.5708,3.15,2554,20.69,13.79,False
COUR,5.27,BASING,0.0,0,20,20,6.0,5.31,70,daily,0.76,22 bear-built-above · rel-vol 3.7x · regime FAVORABLE,False,20,5.27,5.1909,6.0,1265,13.85,9.23,False
CPNG,16.21,BASING,0.0,0,20,20,20.39,18.2,220,daily,12.28,5 bear-built-above · rel-vol 1.2x · regime FAVORABLE,False,20,16.21,15.9669,20.39,411,25.79,17.19,False
CPRT,29.47,BASING,0.0,0,20,20,30.62,30.255,37,daily,2.66,42 bear-built-above · rel-vol 0.8x · regime FAVORABLE,False,21,29.47,29.0279,30.62,226,3.9,2.6,False
CRCL,63.65,BASING,0.0,0,20,20,75.18,72.25,294,daily,13.51,35 bear-built-above · rel-vol 0.7x · regime FAVORABLE,False,20,63.65,62.6952,75.18,104,18.11,12.08,False
CRE,2.45,BASING,0.0,0,10,10,2.56,2.48,9,1h,1.22,10 bear-built-above · rel-vol 0.1x · regime FAVORABLE,False,10,2.45,2.4133,2.56,2721,4.49,2.99,False
CRM,178.64,BASING,0.0,0,20,20,200.84,197.27,357,daily,10.43,47 bear-built-above · rel-vol 1.0x · regime FAVORABLE,False,23,178.64,175.9604,200.84,37,12.43,8.28,False
CRNX,83.66,BASING,0.0,0,16,16,84.01,83.67,35,45m,0.01,12 bear-built-above · rel-vol 0.2x · regime FAVORABLE,False,16,83.66,82.4051,84.01,79,0.42,0.28,False
CRVO,2.51,BASING,0.0,0,20,20,2.7155,2.66,6,1h,5.98,9 bear-built-above · rel-vol 0.4x · regime FAVORABLE,False,20,2.51,2.4723,2.7155,2656,8.19,5.46,False
CRWV,78.0,BASING,0.0,0,20,20,95.18,88.865,632,daily,13.93,25 bear-built-above · rel-vol 1.7x · regime FAVORABLE,False,20,78.0,76.83,95.18,85,22.03,14.68,False
CSGP,29.43,BASING,0.0,0,20,20,32.84,32.68,17,weekly,11.04,35 bear-built-above · rel-vol 1.5x · regime FAVORABLE,False,20,29.43,28.9886,32.84,226,11.59,7.72,False
CSX,50.3092,BASING,0.0,0,16,16,52.83,52.81,2,5m,4.97,16 bear-built-above · rel-vol 1.0x · regime FAVORABLE,True,16,50.3092,49.5546,52.83,132,5.01,3.34,False
CTRN,67.68,BASING,0,0,0,0,,,,,0,rel-vol 0.8x · regime FAVORABLE,True,0,67.68,66.6648,74.448,98,10.0,6.67,False
CTSH,53.0225,BASING,0.0,0,20,20,58.81,56.54,228,daily,6.63,40 bear-built-above · rel-vol 1.3x · regime FAVORABLE,False,20,53.0225,52.2272,58.81,125,10.92,7.28,False
CVE,30.05,BASING,0.0,0,4,4,31.34,31.31,4,45m,4.19,2 bear-built-above · rel-vol 1.1x · regime FAVORABLE,True,4,30.05,29.5993,31.34,221,4.29,2.86,False
CVX,192.96,BASING,0.0,0,20,20,206.9,201.99,491,daily,4.68,23 bear-built-above · rel-vol 0.9x · regime FAVORABLE,False,24,192.96,190.0656,206.9,34,7.22,4.82,False
CYRX,15.33,BASING,0.0,0,20,20,17.0,16.1,90,1h,5.02,18 bear-built-above · rel-vol 0.6x · regime FAVORABLE,True,20,15.33,15.1,17.0,434,10.89,7.26,False
DAL,89.21,BASING,0.0,0,12,12,91.68,91.48,21,daily,2.54,5 bear-built-above · rel-vol 0.8x · regime FAVORABLE,True,12,89.21,87.8718,91.68,74,2.77,1.85,False
DAVE,377.17,BASING,0.0,0,20,20,438.9,430.8,810,daily,14.22,33 bear-built-above · rel-vol 1.3x · regime FAVORABLE,False,20,377.17,371.5125,438.9,17,16.37,10.91,False
DBRG,15.86,BASING,0.0,0,19,19,15.875,15.87,1,1h,0.06,19 bear-built-above · rel-vol 0.6x · regime FAVORABLE,False,19,15.86,15.6221,15.875,420,0.09,0.06,False
DELL,411.49,BASING,0.0,0,20,20,437.5,435.49,201,daily,5.83,42 bear-built-above · rel-vol 0.9x · regime FAVORABLE,False,20,411.49,405.3177,437.5,16,6.32,4.21,False
DFNS,53.0,BASING,0.0,0,2,2,55.3,54.02,128,1m,1.92,1 bear-built-above · rel-vol 1.1x · regime FAVORABLE,False,5,53.0,52.205,55.3,125,4.34,2.89,False
DGXX,3.91,BASING,0.0,0,19,19,4.05,4.04,1,45m,3.32,7 bear-built-above · rel-vol 0.8x · regime FAVORABLE,False,20,3.91,3.8514,4.05,1705,3.58,2.39,False
DIS,96.26,BASING,0.0,0,18,18,111.68,108.7,299,weekly,12.92,35 bear-built-above · rel-vol 2.0x · regime FAVORABLE,False,19,96.26,94.8161,111.68,69,16.02,10.68,False
DKNG,24.1,BASING,0.0,0,19,19,24.94,24.73,22,weekly,2.61,11 bear-built-above · rel-vol 1.0x · regime FAVORABLE,False,19,24.1,23.7385,24.94,276,3.49,2.32,False
DMRA,29.17,BASING,0.0,0,13,13,32.68,32.63,5,daily,11.86,10 bear-built-above · rel-vol 0.7x · regime FAVORABLE,True,13,29.17,28.7325,32.68,228,12.03,8.02,False
DNLI,24.25,BASING,0.0,0,13,13,26.62,26.12,50,45m,7.71,5 bear-built-above · rel-vol 0.6x · regime FAVORABLE,True,15,24.25,23.8863,26.62,274,9.77,6.52,False
DNN,2.95,BASING,0.0,0,19,19,3.22,3.17,6,weekly,7.46,13 bear-built-above · rel-vol 1.2x · regime FAVORABLE,False,20,2.95,2.9058,3.22,2259,9.15,6.1,False
DOMO,3.6616,BASING,0.0,0,15,15,3.84,3.8006,4,4h,3.8,11 bear-built-above · rel-vol 0.3x · regime FAVORABLE,False,15,3.6616,3.6067,3.84,1820,4.87,3.25,False
DOW,30.03,BASING,0.0,0,15,15,33.85,32.71,115,weekly,8.92,9 bear-built-above · rel-vol 0.9x · regime FAVORABLE,False,15,30.03,29.5796,33.85,222,12.72,8.48,False
DRTS,11.95,BASING,0.0,0,20,20,12.21,12.03,19,daily,0.67,13 bear-built-above · rel-vol 0.8x · regime FAVORABLE,False,20,11.95,11.7707,12.21,557,2.18,1.45,False
DVLT,0.3505,BASING,0.0,0,17,17,0.3557,0.355,1,daily,1.28,11 bear-built-above · rel-vol 0.9x · regime FAVORABLE,False,17,0.3505,0.3452,0.3557,19020,1.48,0.99,False
DVN,44.2,BASING,0.0,0,20,20,50.99,47.5,350,daily,7.47,20 bear-built-above · rel-vol 1.0x · regime FAVORABLE,False,21,44.2,43.537,50.99,150,15.36,10.24,False
DX,12.822,BASING,0.0,0,19,19,14.12,14.03,9,weekly,9.42,27 bear-built-above · rel-vol 0.9x · regime FAVORABLE,False,19,12.822,12.6297,14.12,519,10.12,6.75,False
DXC,10.78,BASING,0.0,0,19,19,11.64,11.5,15,45m,6.68,23 bear-built-above · rel-vol 1.3x · regime FAVORABLE,False,19,10.78,10.6183,11.64,618,7.98,5.32,False
DXYZ,23.37,BASING,0.0,0,16,16,25.97,25.81,17,weekly,10.44,52 bear-built-above · rel-vol 1.7x · regime FAVORABLE,False,16,23.37,23.0194,25.97,285,11.13,7.42,False
DYN,25.9,BASING,0.0,0,2,2,29.5,29.3,20,weekly,13.13,rel-vol 0.7x · regime FAVORABLE,False,2,25.9,25.5115,29.5,257,13.9,9.27,False
ELF,82.42,BASING,0.0,0,11,11,115.77,89.44,2633,daily,8.52,5 bear-built-above · rel-vol 0.7x · regime FAVORABLE,True,13,82.42,81.1837,115.77,80,40.46,26.98,False
ELPW,0.192,BASING,0.0,0,5,5,0.2057,0.2042,1,1m,6.35,5 bear-built-above · rel-vol 0.2x · regime FAVORABLE,False,5,0.192,0.1891,0.2057,34722,7.14,4.76,False
ELVN,54.0,BASING,0.0,0,3,3,55.0,54.8,21,1h,1.48,3 bear-built-above · rel-vol 0.8x · regime FAVORABLE,True,3,54.0,53.19,55.0,123,1.85,1.23,False
EOSE,3.72,BASING,0.0,0,17,17,4.4,4.26,15,weekly,14.52,10 bear-built-above · rel-vol 0.9x · regime FAVORABLE,False,17,3.72,3.6642,4.4,1792,18.28,12.19,False
EQX,9.38,BASING,0.0,0,19,19,10.51,10.24,27,weekly,9.17,22 bear-built-above · rel-vol 1.1x · regime FAVORABLE,False,19,9.38,9.2393,10.51,710,12.05,8.03,False
ERAS,18.86,BASING,0.0,0,19,19,19.11,19.03,8,weekly,0.9,3 bear-built-above · rel-vol 0.8x · regime FAVORABLE,False,19,18.86,18.5771,19.11,353,1.33,0.88,False
ET,20.2313,BASING,0.0,0,18,18,20.33,20.24,9,weekly,0.04,15 bear-built-above · rel-vol 0.7x · regime FAVORABLE,False,20,20.2313,19.9278,20.33,329,0.49,0.33,False
ETON,50.96,BASING,0,0,0,0,,,,,0,rel-vol 1.1x · regime FAVORABLE,False,0,50.96,50.1956,56.056,130,10.0,6.67,False
EVER,24.83,BASING,0.0,0,20,20,26.83,26.43,40,daily,6.44,37 bear-built-above · rel-vol 1.3x · regime FAVORABLE,False,21,24.83,24.4575,26.83,268,8.05,5.37,False
EW,86.6,BASING,0.0,0,20,20,90.09,89.22,88,daily,3.03,10 bear-built-above · rel-vol 0.7x · regime FAVORABLE,False,20,86.6,85.301,90.09,76,4.03,2.69,False
EWTX,41.12,BASING,0.0,0,8,8,45.41,43.675,174,daily,6.21,2 bear-built-above · rel-vol 0.8x · regime FAVORABLE,True,8,41.12,40.5032,45.41,162,10.43,6.96,False
EXK,7.8,BASING,0.0,0,17,17,8.34,7.99,35,daily,2.44,39 bear-built-above · rel-vol 1.5x · regime FAVORABLE,False,17,7.8,7.683,8.34,854,6.92,4.62,False
F,14.97,BASING,0.0,0,5,5,16.63,16.57,6,daily,10.69,3 bear-built-above · rel-vol 1.1x · regime FAVORABLE,True,7,14.97,14.7454,16.63,445,11.09,7.39,False
FA,20.05,BASING,0.0,0,20,20,22.3,21.89,42,daily,9.18,36 bear-built-above · rel-vol 1.1x · regime FAVORABLE,False,21,20.05,19.7492,22.3,332,11.22,7.48,False
FAST,47.28,BASING,0.0,0,20,20,49.17,48.74,43,daily,3.09,30 bear-built-above · rel-vol 1.0x · regime FAVORABLE,False,22,47.28,46.5708,49.17,141,4.0,2.66,False
FBIN,49.25,BASING,0.0,0,20,20,62.3,51.32,1098,daily,4.2,44 bear-built-above · rel-vol 0.8x · regime FAVORABLE,False,20,49.25,48.5112,62.3,135,26.5,17.66,False
FBRX,76.56,BASING,0.0,0,3,3,76.9,76.87,4,1m,0.4,3 bear-built-above · rel-vol 1.0x · regime FAVORABLE,True,3,76.56,75.4116,76.9,87,0.44,0.3,False
FCEL,24.6,BASING,0.0,0,3,3,28.79,28.095,70,daily,14.21,rel-vol 1.1x · regime FAVORABLE,True,4,24.6,24.231,28.79,271,17.03,11.36,False
FCX,63.47,BASING,0.0,0,18,18,68.495,65.425,308,daily,3.08,11 bear-built-above · rel-vol 1.0x · regime FAVORABLE,False,18,63.47,62.5179,68.495,105,7.92,5.28,False
FEIM,61.08,BASING,0.0,0,20,20,66.46,63.68,278,daily,4.26,9 bear-built-above · rel-vol 1.0x · regime FAVORABLE,False,20,61.08,60.1638,66.46,109,8.81,5.87,False
FFAI,5.3,BASING,0,0,0,0,,,,,0,rel-vol 5.1x · regime FAVORABLE,False,0,5.3,5.2205,5.83,1257,10.0,6.67,False
FHB,27.92,BASING,0.0,0,17,17,30.01,29.29,73,weekly,4.91,13 bear-built-above · rel-vol 0.5x · regime FAVORABLE,False,18,27.92,27.5012,30.01,238,7.49,4.99,False
FIG,23.6,BASING,0.0,0,20,20,26.31,25.52,79,daily,8.14,22 bear-built-above · rel-vol 0.7x · regime FAVORABLE,False,20,23.6,23.246,26.31,282,11.48,7.66,False
FIS,46.07,BASING,0.0,0,20,20,48.32,48.3,3,daily,4.84,13 bear-built-above · rel-vol 1.5x · regime FAVORABLE,False,20,46.07,45.3789,48.32,144,4.88,3.26,False
FLNC,14.15,BASING,0.0,0,20,20,16.16,15.7,47,weekly,10.95,26 bear-built-above · rel-vol 0.7x · regime FAVORABLE,False,20,14.15,13.9377,16.16,471,14.2,9.47,False
FLY,20.72,BASING,0.0,0,16,16,24.09,23.62,47,weekly,14.0,16 bear-built-above · rel-vol 1.3x · regime FAVORABLE,False,16,20.72,20.4092,24.09,321,16.26,10.84,False
FPS,34.3,BASING,0.0,0,18,18,36.22,35.0,122,daily,2.04,32 bear-built-above · rel-vol 1.1x · regime FAVORABLE,False,18,34.3,33.7855,36.22,194,5.6,3.73,False
FRMI,6.87,BASING,0.0,0,17,17,7.205,6.88,33,daily,0.15,30 bear-built-above · rel-vol 1.0x · regime FAVORABLE,False,17,6.87,6.7669,7.205,970,4.88,3.25,False
FRSH,10.9019,BASING,0.0,0,14,14,12.53,12.49,4,weekly,14.57,9 bear-built-above · rel-vol 0.6x · regime FAVORABLE,False,15,10.9019,10.7384,12.53,611,14.93,9.96,False
FTK,23.42,BASING,0.0,0,20,20,24.36,23.89,47,daily,2.01,24 bear-built-above · rel-vol 0.7x · regime FAVORABLE,False,20,23.42,23.0687,24.36,284,4.01,2.68,False
FTNT,155.0,BASING,0.0,0,20,20,167.28,164.0,329,30m,5.81,17 bear-built-above · rel-vol 2.0x · regime FAVORABLE,False,20,155.0,152.675,167.28,43,7.92,5.28,False
FTRK,0.384,BASING,0.0,0,20,20,0.5295,0.43,10,daily,11.98,17 bear-built-above · rel-vol 0.0x · regime FAVORABLE,False,20,0.384,0.3782,0.5295,17361,37.89,25.26,False
GCTS,1.87,BASING,0.0,0,15,15,2.1,2.08,3,daily,11.23,15 bear-built-above · rel-vol 1.2x · regime FAVORABLE,False,15,1.87,1.8419,2.1,3565,12.3,8.2,False
GDC,1.58,BASING,0.0,0,20,20,1.77,1.75,3,1h,10.76,17 bear-built-above · rel-vol 0.2x · regime FAVORABLE,False,20,1.58,1.5563,1.77,4219,12.03,8.02,False
GEHC,69.64,BASING,0.0,0,18,18,80.16,78.29,187,daily,12.42,27 bear-built-above · rel-vol 1.3x · regime FAVORABLE,False,18,69.64,68.5954,80.16,95,15.11,10.07,False
GERN,1.3501,BASING,0.0,0,12,12,1.39,1.38,2,30m,2.21,10 bear-built-above · rel-vol 2.3x · regime FAVORABLE,False,12,1.3501,1.3298,1.39,4937,2.96,1.97,False
GH,162.46,BASING,0.0,0,10,10,171.985,171.87,12,45m,5.79,3 bear-built-above · rel-vol 1.3x · regime FAVORABLE,True,12,162.46,160.0231,171.985,41,5.86,3.91,False
GIS,36.24,BASING,0.0,0,20,20,40.66,40.16,50,daily,10.82,66 bear-built-above · rel-vol 0.9x · regime FAVORABLE,False,20,36.24,35.6964,40.66,183,12.2,8.13,False
GLOB,36.45,BASING,0.0,0,20,20,42.28,41.48,81,daily,13.8,34 bear-built-above · rel-vol 0.9x · regime FAVORABLE,False,20,36.45,35.9032,42.28,182,15.99,10.66,False
GLW,141.08,BASING,0.0,0,19,19,146.65,145.75,91,weekly,3.31,20 bear-built-above · rel-vol 1.4x · regime FAVORABLE,False,19,141.08,138.9638,146.65,47,3.95,2.63,False
GLXY,21.62,BASING,0.0,0,19,19,22.7,21.63,108,daily,0.05,10 bear-built-above · rel-vol 1.3x · regime FAVORABLE,False,19,21.62,21.2957,22.7,308,5.0,3.33,False
GMEX,1.29,BASING,0.0,0,12,12,1.42,1.4,3,4h,8.53,8 bear-built-above · rel-vol 1.9x · regime FAVORABLE,False,12,1.29,1.2707,1.42,5167,10.08,6.72,False
GOOG,341.96,BASING,0.0,0,18,18,376.43,372.575,386,weekly,8.95,8 bear-built-above · rel-vol 0.9x · regime FAVORABLE,False,19,341.96,336.8306,376.43,19,10.08,6.72,False
GOOGL,341.97,BASING,0.0,0,16,16,380.34,376.52,382,weekly,10.1,15 bear-built-above · rel-vol 1.0x · regime FAVORABLE,False,17,341.97,336.8405,380.34,19,11.22,7.48,False
GOSS,0.1718,BASING,0.0,0,4,4,0.194,0.1937,1,45m,12.75,rel-vol 0.7x · regime FAVORABLE,False,4,0.1718,0.1692,0.194,38804,12.92,8.61,False
GPRE,17.28,BASING,0.0,0,16,16,19.1,19.01,9,30m,10.01,rel-vol 1.2x · regime FAVORABLE,True,16,17.28,17.0208,19.1,385,10.53,7.02,False
GPRO,0.7133,BASING,0.0,0,18,18,0.7595,0.75,1,daily,5.15,2 bear-built-above · rel-vol 0.7x · regime FAVORABLE,False,18,0.7133,0.7026,0.7595,9346,6.48,4.32,False
GPUS,0.1234,BASING,0.0,0,11,11,0.1361,0.1303,1,weekly,5.59,9 bear-built-above · rel-vol 0.6x · regime FAVORABLE,False,11,0.1234,0.1215,0.1361,54024,10.29,6.86,False
GRAF,10.82,BASING,0.0,0,3,3,11.355,11.055,31,45m,2.17,rel-vol 0.0x · regime FAVORABLE,False,3,10.82,10.6577,11.355,616,4.94,3.3,False
GRAL,71.14,BASING,0.0,0,3,3,76.32,75.81,51,15m,6.56,rel-vol 1.1x · regime FAVORABLE,True,3,71.14,70.0729,76.32,93,7.28,4.85,False
GRML,0.1894,BASING,0.0,0,4,4,0.2091,0.2052,1,weekly,8.34,3 bear-built-above · rel-vol 0.3x · regime FAVORABLE,False,4,0.1894,0.1866,0.2091,35198,10.4,6.93,False
GRPN,27.5,BASING,0.0,0,17,17,30.34,30.02,33,daily,9.16,12 bear-built-above · rel-vol 0.8x · regime FAVORABLE,False,18,27.5,27.0875,30.34,242,10.33,6.88,False
GTM,3.34,BASING,0.0,0,20,20,3.7387,3.7011,4,45m,10.81,22 bear-built-above · rel-vol 0.8x · regime FAVORABLE,False,20,3.34,3.2899,3.7387,1996,11.94,7.96,False
HAL,31.6,BASING,0.0,0,15,15,33.36,32.6,76,weekly,3.16,21 bear-built-above · rel-vol 0.7x · regime FAVORABLE,False,15,31.6,31.126,33.36,210,5.57,3.71,False
HAO,0.1561,BASING,0.0,0,2,2,0.169,0.165,1,weekly,5.7,2 bear-built-above · rel-vol 0.1x · regime FAVORABLE,False,4,0.1561,0.1538,0.169,42707,8.26,5.51,False
HBAN,17.0543,BASING,0.0,0,19,19,18.24,17.405,84,daily,2.06,35 bear-built-above · rel-vol 0.9x · regime FAVORABLE,False,19,17.0543,16.7985,18.24,390,6.95,4.63,False
HBM,22.6,BASING,0.0,0,20,20,25.36,24.44,92,daily,8.14,8 bear-built-above · rel-vol 1.8x · regime FAVORABLE,False,20,22.6,22.261,25.36,294,12.21,8.14,False
HCA,397.3,BASING,0.0,0,19,19,472.23,432.46,3978,daily,8.85,43 bear-built-above · rel-vol 0.7x · regime FAVORABLE,False,19,397.3,391.3405,472.23,16,18.86,12.57,False
HELE,27.88,BASING,0.0,0,20,20,32.66,31.92,74,daily,14.49,25 bear-built-above · rel-vol 0.6x · regime FAVORABLE,False,20,27.88,27.4618,32.66,239,17.14,11.43,False
HIMS,27.3422,BASING,0.0,0,20,20,29.32,28.71,61,daily,5.0,24 bear-built-above · rel-vol 1.2x · regime FAVORABLE,False,20,27.3422,26.9321,29.32,243,7.23,4.82,False
HIVE,3.04,BASING,0.0,0,17,17,3.3882,3.3801,1,4h,11.19,15 bear-built-above · rel-vol 1.4x · regime FAVORABLE,False,17,3.04,2.9944,3.3882,2192,11.45,7.64,False
HL,14.69,BASING,0.0,0,19,19,15.19,14.83,36,daily,0.95,68 bear-built-above · rel-vol 0.7x · regime FAVORABLE,False,19,14.69,14.4696,15.19,453,3.4,2.27,False
HOOD,87.7,BASING,0.0,0,20,20,95.65,92.76,290,daily,5.77,29 bear-built-above · rel-vol 1.3x · regime FAVORABLE,False,22,87.7,86.3845,95.65,76,9.06,6.04,False
HPE,48.0,BASING,0.0,0,20,20,56.15,55.15,100,daily,14.9,18 bear-built-above · rel-vol 1.2x · regime FAVORABLE,False,20,48.0,47.28,56.15,138,16.98,11.32,False
HPQ,26.76,BASING,0.0,0,20,20,28.09,27.37,72,daily,2.28,43 bear-built-above · rel-vol 1.2x · regime FAVORABLE,False,25,26.76,26.3586,28.09,249,4.97,3.31,False
HRI,145.92,BASING,0.0,0,20,20,173.12,158.0,1513,weekly,8.28,19 bear-built-above · rel-vol 0.9x · regime FAVORABLE,False,20,145.92,143.7312,173.12,45,18.64,12.43,False
HUMA,0.6722,BASING,0.0,0,12,12,0.7628,0.7528,2,daily,11.99,3 bear-built-above · rel-vol 0.6x · regime FAVORABLE,False,12,0.6722,0.6621,0.7628,9917,13.48,8.99,False
IAUX,1.3152,BASING,0.0,0,18,18,1.55,1.49,7,weekly,13.29,21 bear-built-above · rel-vol 0.5x · regime FAVORABLE,False,18,1.3152,1.2955,1.55,5068,17.85,11.9,False
IBM,221.99,BASING,0.0,0,14,14,290.23,226.365,6387,daily,1.97,19 bear-built-above · rel-vol 0.7x · regime FAVORABLE,False,14,221.99,218.6602,290.23,30,30.74,20.49,False
IBRX,7.52,BASING,0.0,0,17,17,8.22,8.05,17,weekly,7.05,10 bear-built-above · rel-vol 1.1x · regime FAVORABLE,False,18,7.52,7.4072,8.22,886,9.31,6.21,False
IKT,2.32,BASING,0.0,0,3,3,2.335,2.3312,1,45m,0.48,3 bear-built-above · rel-vol 0.4x · regime FAVORABLE,False,4,2.32,2.2852,2.335,2873,0.65,0.43,False
IMNM,23.03,BASING,0.0,0,15,15,26.41,26.16,25,daily,13.59,6 bear-built-above · rel-vol 0.5x · regime FAVORABLE,False,15,23.03,22.6846,26.41,289,14.68,9.78,False
INFQ,10.19,BASING,0.0,0,16,16,11.17,11.08,9,weekly,8.73,9 bear-built-above · rel-vol 0.8x · regime FAVORABLE,False,17,10.19,10.0371,11.17,654,9.62,6.41,False
INGM,30.7,BASING,0.0,0,7,7,31.9,31.49,42,1h,2.57,4 bear-built-above · rel-vol 1.0x · regime FAVORABLE,False,7,30.7,30.2395,31.9,217,3.91,2.61,False
INIO,24.46,BASING,0.0,0,20,20,26.72,26.22,50,daily,7.2,8 bear-built-above · rel-vol 1.8x · regime FAVORABLE,False,20,24.46,24.0931,26.72,272,9.24,6.16,False
INTC,95.67,BASING,0.0,0,12,12,109.84,105.98,386,weekly,10.78,4 bear-built-above · rel-vol 1.2x · regime FAVORABLE,False,12,95.67,94.2349,109.84,69,14.81,9.87,False
INTR,5.5791,BASING,0.0,0,20,20,6.17,6.1,8,weekly,9.34,9 bear-built-above · rel-vol 1.0x · regime FAVORABLE,False,20,5.5791,5.4954,6.17,1194,10.59,7.06,False
INTU,312.51,BASING,0.0,0,20,20,338.7,329.88,882,daily,5.56,55 bear-built-above · rel-vol 1.1x · regime FAVORABLE,False,23,312.51,307.8223,338.7,21,8.38,5.59,False
IOVA,4.59,BASING,0.0,0,20,20,5.17,5.13,5,daily,11.76,18 bear-built-above · rel-vol 0.9x · regime FAVORABLE,False,20,4.59,4.5211,5.17,1452,12.64,8.42,False
IREN,40.49,BASING,0.0,0,12,12,45.7,44.045,166,daily,8.78,4 bear-built-above · rel-vol 1.5x · regime FAVORABLE,False,12,40.49,39.8826,45.7,164,12.87,8.58,False
ISRG,352.3,BASING,0.0,0,18,18,394.0,365.025,2898,daily,3.61,16 bear-built-above · rel-vol 0.7x · regime FAVORABLE,False,18,352.3,347.0155,394.0,18,11.84,7.89,False
ISSC,17.8,BASING,0.0,0,18,18,20.59,19.86,74,daily,11.57,29 bear-built-above · rel-vol 0.7x · regime FAVORABLE,False,18,17.8,17.533,20.59,374,15.67,10.45,False
JBLU,6.0303,BASING,0.0,0,19,19,6.059,6.0313,3,45m,0.02,17 bear-built-above · rel-vol 1.2x · regime FAVORABLE,True,20,6.0303,5.9398,6.059,1105,0.48,0.32,False
JHX,26.48,BASING,0.0,0,7,7,28.9,28.76,14,daily,8.61,5 bear-built-above · rel-vol 0.8x · regime FAVORABLE,True,8,26.48,26.0828,28.9,251,9.14,6.09,False
JLHL,6.8,BASING,0.0,0,20,20,7.76,7.62,14,daily,12.06,8 bear-built-above · rel-vol 0.0x · regime FAVORABLE,False,20,6.8,6.698,7.76,980,14.12,9.41,False
JNJ,255.81,BASING,0.0,0,19,19,265.53,259.03,650,daily,1.26,46 bear-built-above · rel-vol 1.0x · regime FAVORABLE,False,20,255.81,251.9728,265.53,26,3.8,2.53,False
JOBY,7.33,BASING,0.0,0,13,13,7.63,7.54,9,daily,2.86,13 bear-built-above · rel-vol 0.5x · regime FAVORABLE,False,13,7.33,7.22,7.63,909,4.09,2.73,False
JPM,350.8,BASING,0.0,0,20,20,357.3,356.5,81,daily,1.62,26 bear-built-above · rel-vol 0.8x · regime FAVORABLE,True,21,350.8,345.538,357.3,19,1.85,1.24,False
KD,13.55,BASING,0.0,0,20,20,14.01,13.92,9,45m,2.73,20 bear-built-above · rel-vol 1.1x · regime FAVORABLE,False,21,13.55,13.3468,14.01,492,3.39,2.26,False
KDP,31.66,BASING,0.0,0,15,15,34.78,32.45,233,weekly,2.5,rel-vol 1.2x · regime FAVORABLE,False,17,31.66,31.1851,34.78,210,9.85,6.57,False
KEEL,4.29,BASING,0.0,0,17,17,4.9,4.89,2,1h,13.99,11 bear-built-above · rel-vol 2.1x · regime FAVORABLE,False,17,4.29,4.2256,4.9,1554,14.22,9.48,False
KEY,22.61,BASING,0.0,0,20,20,23.32,22.95,38,daily,1.5,27 bear-built-above · rel-vol 0.9x · regime FAVORABLE,False,22,22.61,22.2708,23.32,294,3.14,2.09,False
KGC,23.24,BASING,0.0,0,16,16,26.67,26.1,58,weekly,12.31,30 bear-built-above · rel-vol 1.5x · regime FAVORABLE,False,16,23.24,22.8914,26.67,286,14.76,9.84,False
KHC,26.36,BASING,0.0,0,20,20,28.49,28.055,44,daily,6.43,41 bear-built-above · rel-vol 1.1x · regime FAVORABLE,True,22,26.36,25.9646,28.49,252,8.08,5.39,False
KLAC,187.9,BASING,0.0,0,15,15,203.36,193.265,1010,daily,2.86,10 bear-built-above · rel-vol 1.3x · regime FAVORABLE,True,15,187.9,185.0815,203.36,35,8.23,5.49,False
KO,88.25,BASING,0.0,0,20,20,88.65,88.49,17,daily,0.27,33 bear-built-above · rel-vol 1.0x · regime FAVORABLE,False,20,88.25,86.9262,88.65,75,0.45,0.3,False
KOS,2.51,BASING,0.0,0,20,20,2.87,2.72,15,weekly,8.37,13 bear-built-above · rel-vol 0.9x · regime FAVORABLE,False,22,2.51,2.4723,2.87,2656,14.34,9.56,False
KR,58.0,BASING,0.0,0,20,20,61.82,59.42,240,daily,2.45,22 bear-built-above · rel-vol 0.9x · regime FAVORABLE,False,20,58.0,57.13,61.82,114,6.59,4.39,False
KTOS,47.0,BASING,0.0,0,20,20,51.03,50.85,18,1h,8.19,20 bear-built-above · rel-vol 0.9x · regime FAVORABLE,False,20,47.0,46.295,51.03,141,8.57,5.72,False
KVUE,19.3,BASING,0.0,0,20,20,20.71,20.66,6,weekly,7.05,19 bear-built-above · rel-vol 0.9x · regime FAVORABLE,False,20,19.3,19.0105,20.71,345,7.31,4.87,False
KYMR,107.01,BASING,0.0,0,20,20,110.05,108.775,128,daily,1.65,8 bear-built-above · rel-vol 0.7x · regime FAVORABLE,False,21,107.01,105.4049,110.05,62,2.84,1.89,False
LAC,2.92,BASING,0.0,0,16,16,3.32,3.3,3,weekly,13.01,10 bear-built-above · rel-vol 0.8x · regime FAVORABLE,False,16,2.92,2.8762,3.32,2283,13.7,9.13,False
LAES,2.415,BASING,0.0,0,18,18,2.8,2.75,5,weekly,13.87,13 bear-built-above · rel-vol 1.0x · regime FAVORABLE,False,18,2.415,2.3788,2.8,2760,15.94,10.63,False
LASE,0.99,BASING,0.0,0,15,15,1.06,1.04,3,daily,5.05,14 bear-built-above · rel-vol 0.9x · regime FAVORABLE,False,15,0.99,0.9751,1.06,6734,7.07,4.71,False
LASR,67.0,BASING,0.0,0,17,17,70.82,70.55,27,4h,5.3,13 bear-built-above · rel-vol 0.6x · regime FAVORABLE,False,17,67.0,65.995,70.82,99,5.7,3.8,False
LB,76.5,BASING,0.0,0,14,14,77.67,77.13,55,weekly,0.82,8 bear-built-above · rel-vol 0.8x · regime FAVORABLE,True,14,76.5,75.3525,77.67,87,1.53,1.02,False
LBRX,40.91,BASING,0.0,0,1,1,41.22,41.2,2,1m,0.71,1 bear-built-above · rel-vol 1.6x · regime FAVORABLE,True,1,40.91,40.2963,41.22,162,0.76,0.51,False
LCID,8.17,BASING,0.0,0,3,3,8.58,8.452,13,weekly,3.45,rel-vol 0.5x · regime FAVORABLE,True,3,8.17,8.0474,8.58,815,5.02,3.35,False
LEDS,2.0,BASING,0.0,0,20,20,2.24,2.19,6,4h,9.5,12 bear-built-above · rel-vol 0.1x · regime FAVORABLE,False,20,2.0,1.97,2.24,3333,12.0,8.0,False
LGCL,1.36,BASING,0.0,0,2,2,1.4097,1.37,4,10m,0.74,2 bear-built-above · rel-vol 0.0x · regime FAVORABLE,False,3,1.36,1.3396,1.4097,4901,3.65,2.44,False
LGHL,1.01,BASING,0.0,0,10,10,1.0996,1.095,1,1h,8.42,6 bear-built-above · rel-vol 0.2x · regime FAVORABLE,False,10,1.01,0.9949,1.0996,6600,8.87,5.91,False
LHAI,0.8001,BASING,0.0,0,13,13,0.9038,0.9,1,daily,12.49,7 bear-built-above · rel-vol 0.0x · regime FAVORABLE,False,13,0.8001,0.7881,0.9038,8332,12.96,8.64,False
LIFE,20.45,BASING,0.0,0,5,5,22.47,22.15,33,daily,8.31,1 bear-built-above · rel-vol 1.5x · regime FAVORABLE,True,5,20.45,20.1432,22.47,325,9.88,6.59,False
LILAK,7.99,BASING,0.0,0,20,20,9.3091,8.4,91,daily,5.13,24 bear-built-above · rel-vol 0.7x · regime FAVORABLE,False,22,7.99,7.8701,9.3091,834,16.51,11.01,False
LITE,725.99,BASING,0.0,0,17,17,833.64,810.5,2314,daily,11.64,15 bear-built-above · rel-vol 1.3x · regime FAVORABLE,True,18,725.99,715.1001,833.64,9,14.83,9.89,False
LRCX,310.89,BASING,0.0,0,18,18,350.33,335.0,1533,weekly,7.76,10 bear-built-above · rel-vol 1.8x · regime FAVORABLE,False,18,310.89,306.2267,350.33,21,12.69,8.46,False
LUMN,6.54,BASING,0.0,0,19,19,7.03,7.025,1,1h,7.42,12 bear-built-above · rel-vol 1.2x · regime FAVORABLE,False,19,6.54,6.4419,7.03,1019,7.49,4.99,False
LUNR,12.72,BASING,0.0,0,19,19,14.09,13.7118,38,daily,7.8,31 bear-built-above · rel-vol 0.9x · regime FAVORABLE,False,19,12.72,12.5292,14.09,524,10.77,7.18,False
LXRX,2.3395,BASING,0.0,0,13,13,2.6772,2.65,3,1h,13.27,6 bear-built-above · rel-vol 0.9x · regime FAVORABLE,False,13,2.3395,2.3044,2.6772,2849,14.43,9.62,False
LYFT,15.53,BASING,0.0,0,6,6,15.98,15.75,24,daily,1.42,1 bear-built-above · rel-vol 0.9x · regime FAVORABLE,True,8,15.53,15.297,15.98,429,2.9,1.93,False
MAN,54.3146,BASING,0.0,0,3,3,58.19,57.35,84,daily,5.59,rel-vol 0.7x · regime FAVORABLE,False,3,54.3146,53.4999,58.19,122,7.14,4.76,False
MAT,15.28,BASING,0.0,0,18,18,21.06,15.8,526,daily,3.4,5 bear-built-above · rel-vol 0.7x · regime FAVORABLE,False,18,15.28,15.0508,21.06,436,37.83,25.22,False
MAX,13.54,BASING,0.0,0,18,18,14.58,13.805,78,1h,1.96,18 bear-built-above · rel-vol 1.5x · regime FAVORABLE,False,18,13.54,13.3369,14.58,492,7.68,5.12,False
MBGL,20.41,BASING,0.0,0,20,20,21.47,21.24,24,daily,4.07,36 bear-built-above · rel-vol 0.3x · regime FAVORABLE,False,20,20.41,20.1039,21.47,326,5.19,3.46,False
MBLY,7.91,BASING,0.0,0,19,19,8.99,8.89,10,daily,12.39,29 bear-built-above · rel-vol 0.7x · regime FAVORABLE,False,19,7.91,7.7914,8.99,842,13.65,9.1,False
MBX,66.0,BASING,0,0,0,0,,,,,0,rel-vol 0.7x · regime FAVORABLE,True,0,66.0,65.01,72.6,101,10.0,6.67,False
MCHP,76.0,BASING,0.0,0,19,19,86.26,83.85,242,daily,10.33,31 bear-built-above · rel-vol 1.3x · regime FAVORABLE,False,20,76.0,74.86,86.26,87,13.5,9.0,False
MDLN,39.06,BASING,0.0,0,20,20,44.19,43.05,115,daily,10.22,29 bear-built-above · rel-vol 0.6x · regime FAVORABLE,False,21,39.06,38.4741,44.19,170,13.13,8.76,False
MDT,85.5,BASING,0.0,0,18,18,99.49,96.86,263,weekly,13.29,40 bear-built-above · rel-vol 1.0x · regime FAVORABLE,False,20,85.5,84.2175,99.49,77,16.36,10.91,False
MEI,13.71,BASING,0.0,0,20,20,15.28,14.83,45,daily,8.17,22 bear-built-above · rel-vol 0.9x · regime FAVORABLE,False,21,13.71,13.5044,15.28,486,11.45,7.63,False
META,552.68,BASING,0.0,0,17,17,627.17,608.41,1876,daily,10.08,15 bear-built-above · rel-vol 2.2x · regime FAVORABLE,False,17,552.68,544.3898,627.17,12,13.48,8.99,False
MNPR,114.47,BASING,0.0,0,5,5,115.325,115.09,24,30m,0.54,5 bear-built-above · rel-vol 1.2x · regime FAVORABLE,False,5,114.47,112.7529,115.325,58,0.75,0.5,False
MNTS,4.55,BASING,0.0,0,19,19,4.96,4.82,14,weekly,5.93,47 bear-built-above · rel-vol 1.1x · regime FAVORABLE,False,19,4.55,4.4817,4.96,1465,9.01,6.01,False
MOS,22.45,BASING,0.0,0,18,18,24.57,24.26,31,weekly,8.06,26 bear-built-above · rel-vol 0.8x · regime FAVORABLE,False,20,22.45,22.1133,24.57,296,9.44,6.3,False
MRK,129.44,BASING,0.0,0,19,19,130.36,129.79,58,daily,0.27,19 bear-built-above · rel-vol 0.9x · regime FAVORABLE,False,20,129.44,127.4984,130.36,51,0.71,0.47,False
MRLN,3.76,BASING,0.0,0,5,5,4.3,4.25,5,weekly,13.03,1 bear-built-above · rel-vol 0.6x · regime FAVORABLE,True,5,3.76,3.7036,4.3,1773,14.36,9.57,False
MRVI,6.75,BASING,0.0,0,6,6,7.025,7.01,2,45m,3.85,6 bear-built-above · rel-vol 0.4x · regime FAVORABLE,True,6,6.75,6.6487,7.025,987,4.07,2.72,False
MRVL,199.0,BASING,0.0,0,20,20,235.81,228.775,704,weekly,14.96,42 bear-built-above · rel-vol 1.2x · regime FAVORABLE,False,24,199.0,196.015,235.81,33,18.5,12.33,False
MS,210.48,BASING,0.0,0,18,18,214.56,213.75,82,daily,1.55,20 bear-built-above · rel-vol 1.2x · regime FAVORABLE,False,20,210.48,207.3228,214.56,31,1.94,1.29,False
MSFT,448.72,BASING,0.0,0,17,17,507.49,495.365,1213,daily,10.4,10 bear-built-above · rel-vol 3.1x · regime FAVORABLE,False,26,448.72,441.9892,507.49,14,13.1,8.73,False
MSTR,95.4,BASING,0.0,0,19,19,109.46,106.535,293,daily,11.67,17 bear-built-above · rel-vol 0.8x · regime FAVORABLE,False,19,95.4,93.969,109.46,69,14.74,9.83,False
MU,900.96,BASING,0.0,0,20,20,975.13,959.03,1611,daily,6.45,17 bear-built-above · rel-vol 1.3x · regime FAVORABLE,False,21,900.96,887.4456,975.13,7,8.23,5.49,False
MVIS,0.247,BASING,0.0,0,6,6,0.2669,0.264,1,10m,6.88,6 bear-built-above · rel-vol 0.7x · regime FAVORABLE,False,6,0.247,0.2433,0.2669,26990,8.06,5.37,False
MVST,0.8354,BASING,0.0,0,12,12,0.9214,0.9104,2,45m,8.98,9 bear-built-above · rel-vol 1.4x · regime FAVORABLE,False,12,0.8354,0.8229,0.9214,7980,10.29,6.86,False
NAVN,26.4,BASING,0.0,0,20,20,27.88,27.77,11,45m,5.19,24 bear-built-above · rel-vol 0.6x · regime FAVORABLE,True,20,26.4,26.004,27.88,252,5.61,3.74,False
NB,4.32,BASING,0.0,0,19,19,4.62,4.5,13,weekly,4.17,13 bear-built-above · rel-vol 1.2x · regime FAVORABLE,False,19,4.32,4.2552,4.62,1543,6.94,4.63,False
NBIS,204.5,BASING,0.0,0,12,12,218.44,218.0,44,30m,6.6,10 bear-built-above · rel-vol 2.0x · regime FAVORABLE,False,12,204.5,201.4325,218.44,32,6.82,4.54,False
NCLH,19.01,BASING,0.0,0,16,16,21.75,21.73,2,30m,14.31,20 bear-built-above · rel-vol 2.5x · regime FAVORABLE,False,16,19.01,18.7248,21.75,350,14.41,9.61,False
NCRA,1.9071,BASING,0.0,0,12,12,2.24,2.13,12,4h,11.69,4 bear-built-above · rel-vol 0.5x · regime FAVORABLE,False,12,1.9071,1.8785,2.24,3495,17.46,11.64,False
NEE,87.92,BASING,0.0,0,20,20,93.36,91.115,225,weekly,3.63,13 bear-built-above · rel-vol 1.1x · regime FAVORABLE,False,22,87.92,86.6012,93.36,75,6.19,4.12,False
NEM,95.0,BASING,0.0,0,20,20,103.79,99.89,391,weekly,5.15,18 bear-built-above · rel-vol 1.2x · regime FAVORABLE,False,20,95.0,93.575,103.79,70,9.25,6.17,False
NEO,15.875,BASING,0.0,0,5,5,18.19,17.75,45,daily,11.81,4 bear-built-above · rel-vol 1.7x · regime FAVORABLE,True,5,15.875,15.6369,18.19,419,14.58,9.72,False
NET,283.9309,BASING,0.0,0,5,5,286.39,286.04,35,15m,0.74,3 bear-built-above · rel-vol 1.0x · regime FAVORABLE,False,8,283.9309,279.6719,286.39,23,0.87,0.58,False
NFLX,72.6141,BASING,0.0,0,12,12,82.18,81.66,53,weekly,12.46,6 bear-built-above · rel-vol 1.1x · regime FAVORABLE,False,12,72.6141,71.5249,82.18,91,13.17,8.78,False
NGNE,33.6,BASING,0.0,0,20,20,36.68,36.33,36,daily,8.12,20 bear-built-above · rel-vol 0.3x · regime FAVORABLE,False,20,33.6,33.096,36.68,198,9.17,6.11,False
NKE,42.38,BASING,0.0,0,17,17,51.93,46.555,538,daily,9.85,14 bear-built-above · rel-vol 0.9x · regime FAVORABLE,False,17,42.38,41.7443,51.93,157,22.53,15.02,False
NKTR,71.45,BASING,0.0,0,20,20,81.89,79.65,224,weekly,11.48,10 bear-built-above · rel-vol 0.8x · regime FAVORABLE,False,20,71.45,70.3783,81.89,93,14.61,9.74,False
NMRA,1.6103,BASING,0.0,0,15,15,1.835,1.83,1,15m,13.64,7 bear-built-above · rel-vol 0.6x · regime FAVORABLE,False,15,1.6103,1.5861,1.835,4140,13.95,9.3,False
NOW,108.69,BASING,0.0,0,20,20,119.36,119.19,18,daily,9.66,44 bear-built-above · rel-vol 1.2x · regime FAVORABLE,False,22,108.69,107.0596,119.36,61,9.82,6.54,False
NRIX,23.75,BASING,0.0,0,2,2,26.86,26.5,36,daily,11.58,rel-vol 1.1x · regime FAVORABLE,True,2,23.75,23.3938,26.86,280,13.09,8.73,False
NSP,54.06,BASING,0.0,0,7,7,59.58,55.85,373,daily,3.31,2 bear-built-above · rel-vol 2.1x · regime FAVORABLE,True,9,54.06,53.2491,59.58,123,10.21,6.81,False
NTSK,11.82,BASING,0.0,0,18,18,13.33,13.16,17,daily,11.34,7 bear-built-above · rel-vol 0.7x · regime FAVORABLE,False,18,11.82,11.6427,13.33,564,12.77,8.52,False
NU,14.48,BASING,0.0,0,20,20,16.515,15.92,60,daily,9.94,14 bear-built-above · rel-vol 0.5x · regime FAVORABLE,False,23,14.48,14.2628,16.515,460,14.05,9.37,False
NUAI,5.0,BASING,0.0,0,10,10,5.81,5.59,22,daily,11.8,8 bear-built-above · rel-vol 0.9x · regime FAVORABLE,True,10,5.0,4.925,5.81,1333,16.2,10.8,False
NVCT,23.2,BASING,0,0,0,0,,,,,0,rel-vol 1.0x · regime FAVORABLE,True,0,23.2,22.852,25.52,287,10.0,6.67,False
NVDA,198.6,BASING,0.0,0,17,17,222.82,221.72,110,daily,11.64,15 bear-built-above · rel-vol 1.0x · regime FAVORABLE,False,18,198.6,195.621,222.82,33,12.2,8.13,False
NVEC,116.71,BASING,0.0,0,11,11,134.0,130.5,350,4h,11.82,10 bear-built-above · rel-vol 0.8x · regime FAVORABLE,False,11,116.71,114.9593,134.0,57,14.81,9.88,False
NVRI,22.21,BASING,0.0,0,7,7,22.72,22.645,8,1h,1.96,6 bear-built-above · rel-vol 0.5x · regime FAVORABLE,False,8,22.21,21.8769,22.72,300,2.3,1.53,False
NVTS,11.65,BASING,0.0,0,10,10,13.47,13.01,47,weekly,11.67,1 bear-built-above · rel-vol 1.0x · regime FAVORABLE,False,11,11.65,11.4753,13.47,572,15.62,10.41,False
NXE,9.45,BASING,0.0,0,20,20,9.67,9.54,14,weekly,0.95,13 bear-built-above · rel-vol 1.2x · regime FAVORABLE,False,20,9.45,9.3082,9.67,705,2.33,1.55,False
NXTC,4.6066,BASING,0.0,0,14,14,5.05,5.0,5,4h,8.54,14 bear-built-above · rel-vol 0.1x · regime FAVORABLE,False,14,4.6066,4.5375,5.05,1447,9.63,6.42,False
NXXT,0.2665,BASING,0.0,0,13,13,0.3095,0.2991,2,daily,12.23,6 bear-built-above · rel-vol 0.4x · regime FAVORABLE,False,13,0.2665,0.2625,0.3095,25015,16.14,10.76,False
OCGN,1.2602,BASING,0.0,0,17,17,1.47,1.44,4,weekly,14.27,5 bear-built-above · rel-vol 0.7x · regime FAVORABLE,False,17,1.2602,1.2413,1.47,5290,16.65,11.1,False
OI,7.4179,BASING,0.0,0,20,20,9.06,7.79,128,daily,5.02,28 bear-built-above · rel-vol 1.2x · regime FAVORABLE,False,20,7.4179,7.3066,9.06,898,22.14,14.76,False
OKLO,42.27,BASING,0.0,0,19,19,48.85,47.72,114,weekly,12.89,27 bear-built-above · rel-vol 1.1x · regime FAVORABLE,False,19,42.27,41.636,48.85,157,15.57,10.38,False
OKTA,140.48,BASING,0.0,0,20,20,148.41,146.59,182,daily,4.35,48 bear-built-above · rel-vol 0.9x · regime FAVORABLE,False,20,140.48,138.3728,148.41,47,5.64,3.76,False
OMDA,19.85,BASING,0.0,0,20,20,21.84,21.55,29,daily,8.56,18 bear-built-above · rel-vol 0.9x · regime FAVORABLE,False,23,19.85,19.5523,21.84,335,10.03,6.68,False
OMH,0.12,BASING,0.0,0,9,9,0.1272,0.1203,1,daily,0.25,9 bear-built-above · rel-vol 0.2x · regime FAVORABLE,False,9,0.12,0.1182,0.1272,55555,6.0,4.0,False
ON,86.52,BASING,0.0,0,18,18,118.74,98.29,2045,daily,13.6,45 bear-built-above · rel-vol 1.1x · regime FAVORABLE,False,18,86.52,85.2222,118.74,77,37.24,24.83,False
ONDS,7.72,BASING,0.0,0,11,11,8.89,8.685,21,daily,12.5,9 bear-built-above · rel-vol 0.5x · regime FAVORABLE,False,11,7.72,7.6042,8.89,863,15.16,10.1,False
OPEN,3.9561,BASING,0.0,0,16,16,4.57,4.5,8,daily,13.75,7 bear-built-above · rel-vol 0.5x · regime FAVORABLE,False,16,3.9561,3.8968,4.57,1685,15.52,10.35,False
OPTU,0.7592,BASING,0.0,0,20,20,0.8607,0.8563,1,weekly,12.79,18 bear-built-above · rel-vol 0.4x · regime FAVORABLE,False,20,0.7592,0.7478,0.8607,8781,13.37,8.91,False
OPTX,6.41,BASING,0.0,0,19,19,7.05,6.95,10,daily,8.42,12 bear-built-above · rel-vol 1.0x · regime FAVORABLE,False,19,6.41,6.3139,7.05,1040,9.98,6.66,False
ORBS,0.6169,BASING,0.0,0,17,17,0.6825,0.6761,1,weekly,9.6,11 bear-built-above · rel-vol 1.3x · regime FAVORABLE,False,17,0.6169,0.6076,0.6825,10806,10.63,7.09,False
ORC,6.5877,BASING,0.0,0,15,15,7.3,6.95,35,daily,5.5,17 bear-built-above · rel-vol 1.4x · regime FAVORABLE,False,15,6.5877,6.4889,7.3,1011,10.81,7.21,False
ORCL,131.7,BASING,0.0,0,18,18,140.64,139.03,161,weekly,5.57,rel-vol 1.1x · regime FAVORABLE,True,18,131.7,129.7245,140.64,50,6.79,4.53,False
OSS,12.82,BASING,0.0,0,20,20,14.54,14.41,13,daily,12.4,23 bear-built-above · rel-vol 0.8x · regime FAVORABLE,False,23,12.82,12.6277,14.54,520,13.42,8.94,False
OTLK,1.04,BASING,0.0,0,1,1,1.165,1.16,1,5m,11.54,rel-vol 0.7x · regime FAVORABLE,False,1,1.04,1.0244,1.165,6410,12.02,8.01,False
OUST,36.89,BASING,0.0,0,19,19,43.28,41.8,149,weekly,13.31,17 bear-built-above · rel-vol 0.7x · regime FAVORABLE,False,19,36.89,36.3366,43.28,180,17.32,11.55,False
OWL,10.1891,BASING,0.0,0,4,4,12.24,11.58,67,daily,13.65,rel-vol 2.5x · regime FAVORABLE,False,8,10.1891,10.0363,12.24,654,20.13,13.42,False
OXY,55.46,BASING,0.0,0,17,17,62.94,59.77,317,daily,7.77,38 bear-built-above · rel-vol 0.7x · regime FAVORABLE,False,17,55.46,54.6281,62.94,120,13.49,8.99,False
PACS,47.3,BASING,0.0,0,20,20,47.4,47.355,5,1h,0.12,25 bear-built-above · rel-vol 1.1x · regime FAVORABLE,True,20,47.3,46.5905,47.4,140,0.21,0.14,False
PANW,329.19,BASING,0.0,0,20,20,348.945,348.44,51,45m,5.85,27 bear-built-above · rel-vol 1.0x · regime FAVORABLE,False,20,329.19,324.2521,348.945,20,6.0,4.0,False
PATH,12.34,BASING,0.0,0,20,20,14.11,13.9,21,daily,12.64,20 bear-built-above · rel-vol 0.8x · regime FAVORABLE,False,21,12.34,12.1549,14.11,540,14.34,9.56,False
PCG,17.8,BASING,0.0,0,13,13,19.25,17.97,129,daily,0.96,8 bear-built-above · rel-vol 2.0x · regime FAVORABLE,False,15,17.8,17.533,19.25,374,8.15,5.43,False
PENG,54.04,BASING,0.0,0,19,19,60.41,58.92,149,weekly,9.03,24 bear-built-above · rel-vol 0.6x · regime FAVORABLE,False,20,54.04,53.2294,60.41,123,11.79,7.86,False
PESI,16.51,BASING,0.0,0,13,13,17.88,17.87,1,15m,8.24,1 bear-built-above · rel-vol 0.4x · regime FAVORABLE,True,13,16.51,16.2624,17.88,403,8.3,5.53,False
PFE,24.9,BASING,0.0,0,20,20,25.92,25.581,34,daily,2.73,28 bear-built-above · rel-vol 1.1x · regime FAVORABLE,False,20,24.9,24.5265,25.92,267,4.1,2.73,False
PGY,17.51,BASING,0.0,0,14,14,19.39,19.24,16,weekly,9.88,13 bear-built-above · rel-vol 2.3x · regime FAVORABLE,True,14,17.51,17.2474,19.39,380,10.74,7.16,False
PLAY,10.63,BASING,0.0,0,16,16,11.82,11.6,23,weekly,9.13,rel-vol 0.8x · regime FAVORABLE,True,16,10.63,10.4706,11.82,627,11.19,7.46,False
PLSE,35.0,BASING,0.0,0,16,16,35.5,35.42,8,30m,1.2,16 bear-built-above · rel-vol 0.9x · regime FAVORABLE,False,16,35.0,34.475,35.5,190,1.43,0.95,False
PLUG,2.15,BASING,0.0,0,11,11,2.38,2.355,3,daily,9.53,8 bear-built-above · rel-vol 1.1x · regime FAVORABLE,False,11,2.15,2.1178,2.38,3100,10.7,7.13,False
PMAX,1.88,BASING,0.0,0,2,2,1.93,1.9,4,1m,1.06,2 bear-built-above · rel-vol 0.1x · regime FAVORABLE,True,3,1.88,1.8518,1.93,3546,2.66,1.77,False
PN,18.67,BASING,0.0,0,5,5,20.77,20.22,56,5m,8.3,4 bear-built-above · rel-vol 7.1x · regime FAVORABLE,True,5,18.67,18.39,20.77,357,11.25,7.5,False
POET,7.57,BASING,0.0,0,17,17,7.65,7.6,6,daily,0.4,11 bear-built-above · rel-vol 0.8x · regime FAVORABLE,False,17,7.57,7.4565,7.65,880,1.06,0.7,False
PR,21.01,BASING,0.0,0,20,20,22.37,21.3,108,daily,1.38,13 bear-built-above · rel-vol 0.8x · regime FAVORABLE,False,20,21.01,20.6949,22.37,317,6.47,4.32,False
PSKY,7.85,BASING,0.0,0,20,20,8.21,8.195,2,weekly,4.39,24 bear-built-above · rel-vol 1.3x · regime FAVORABLE,False,20,7.85,7.7322,8.21,849,4.59,3.06,False
PTCT,77.9853,BASING,0.0,0,20,20,84.135,83.24,90,weekly,6.74,4 bear-built-above · rel-vol 0.8x · regime FAVORABLE,False,21,77.9853,76.8155,84.135,85,7.89,5.26,False
PTEN,9.75,BASING,0.0,0,20,20,11.49,10.7,80,weekly,9.74,19 bear-built-above · rel-vol 1.5x · regime FAVORABLE,False,21,9.75,9.6037,11.49,683,17.85,11.9,False
PURR,6.28,BASING,0.0,0,18,18,7.05,6.85,21,daily,9.08,30 bear-built-above · rel-vol 0.6x · regime FAVORABLE,False,18,6.28,6.1858,7.05,1061,12.26,8.17,False
PYPL,57.5,BASING,0.0,0,18,18,65.33,64.11,122,daily,11.5,18 bear-built-above · rel-vol 0.6x · regime FAVORABLE,False,18,57.5,56.6375,65.33,115,13.62,9.08,False
QBTS,18.58,BASING,0.0,0,17,17,20.09,19.69,40,weekly,5.97,9 bear-built-above · rel-vol 1.1x · regime FAVORABLE,False,17,18.58,18.3013,20.09,358,8.13,5.42,False
QCOM,154.7,BASING,0.0,0,18,18,169.77,164.896,488,daily,6.59,22 bear-built-above · rel-vol 1.8x · regime FAVORABLE,False,18,154.7,152.3795,169.77,43,9.74,6.49,False
QLYS,141.71,BASING,0.0,0,20,20,156.37,155.66,72,daily,9.84,13 bear-built-above · rel-vol 1.4x · regime FAVORABLE,False,23,141.71,139.5844,156.37,47,10.35,6.9,False
QMCO,11.24,BASING,0.0,0,7,7,12.93,11.65,128,daily,3.65,6 bear-built-above · rel-vol 1.7x · regime FAVORABLE,False,7,11.24,11.0714,12.93,593,15.04,10.02,False
QS,5.34,BASING,0.0,0,15,15,5.87,5.52,36,daily,3.37,7 bear-built-above · rel-vol 0.9x · regime FAVORABLE,False,15,5.34,5.2599,5.87,1248,9.93,6.62,False
QTEX,0.8425,BASING,0.0,0,20,20,0.9499,0.935,2,4h,10.98,21 bear-built-above · rel-vol 0.5x · regime FAVORABLE,False,20,0.8425,0.8299,0.9499,7912,12.75,8.5,False
QUBT,8.181,BASING,0.0,0,20,20,8.66,8.5,17,weekly,3.9,5 bear-built-above · rel-vol 0.9x · regime FAVORABLE,False,20,8.181,8.0583,8.66,814,5.86,3.9,False
RAPP,44.0,BASING,0,0,0,0,,,,,0,rel-vol 0.6x · regime FAVORABLE,False,3,44.0,43.34,48.4,151,10.0,6.67,False
RARE,26.28,BASING,0.0,0,20,20,30.22,29.28,94,daily,11.42,15 bear-built-above · rel-vol 1.4x · regime FAVORABLE,False,23,26.28,25.8858,30.22,253,14.99,9.99,False
RCAT,7.53,BASING,0.0,0,20,20,7.79,7.565,23,daily,0.46,42 bear-built-above · rel-vol 0.9x · regime FAVORABLE,False,21,7.53,7.4171,7.79,885,3.45,2.3,False
RDGT,0.84,BASING,0.0,0,20,20,1.16,0.898,27,daily,6.9,9 bear-built-above · rel-vol 0.0x · regime FAVORABLE,False,20,0.84,0.8274,1.16,7936,38.1,25.4,False
RDW,8.8,BASING,0.0,0,17,17,10.18,10.03,16,weekly,13.98,14 bear-built-above · rel-vol 1.1x · regime FAVORABLE,False,20,8.8,8.668,10.18,757,15.68,10.45,False
REAL,11.95,BASING,0.0,0,2,2,12.76,12.74,2,45m,6.61,rel-vol 1.0x · regime FAVORABLE,False,2,11.95,11.7707,12.76,557,6.78,4.52,False
REI,1.24,BASING,0.0,0,20,20,1.69,1.36,33,daily,9.68,11 bear-built-above · rel-vol 0.8x · regime FAVORABLE,False,20,1.24,1.2214,1.69,5376,36.29,24.19,False
RF,30.85,BASING,0.0,0,16,16,31.65,31.52,13,daily,2.17,8 bear-built-above · rel-vol 0.6x · regime FAVORABLE,True,18,30.85,30.3873,31.65,216,2.59,1.73,False
RGTI,15.2021,BASING,0.0,0,20,20,16.54,16.17,37,weekly,6.37,19 bear-built-above · rel-vol 1.1x · regime FAVORABLE,False,21,15.2021,14.9741,16.54,438,8.8,5.87,False
RIG,5.07,BASING,0.0,0,20,20,5.34,5.28,6,daily,4.14,14 bear-built-above · rel-vol 1.3x · regime FAVORABLE,False,20,5.07,4.9939,5.34,1314,5.33,3.55,False
RIVN,17.54,BASING,0.0,0,13,13,18.005,18.0,1,4h,2.62,3 bear-built-above · rel-vol 0.7x · regime FAVORABLE,True,15,17.54,17.2769,18.005,380,2.65,1.77,False
RKLB,67.44,BASING,0.0,0,17,17,76.2,73.38,283,daily,8.81,21 bear-built-above · rel-vol 0.9x · regime FAVORABLE,False,19,67.44,66.4284,76.2,98,12.99,8.66,False
RKT,13.45,BASING,0.0,0,6,6,14.9,14.68,23,daily,9.14,3 bear-built-above · rel-vol 1.2x · regime FAVORABLE,False,6,13.45,13.2482,14.9,495,10.78,7.19,False
RLAY,19.45,BASING,0.0,0,20,20,20.7,20.69,1,1h,6.38,17 bear-built-above · rel-vol 0.7x · regime FAVORABLE,False,20,19.45,19.1582,20.7,342,6.43,4.28,False
RR,1.5,BASING,0.0,0,13,13,1.72,1.7,3,weekly,13.33,8 bear-built-above · rel-vol 0.7x · regime FAVORABLE,False,13,1.5,1.4775,1.72,4444,14.67,9.78,False
RUN,9.69,BASING,0.0,0,20,20,10.95,10.775,18,daily,11.2,4 bear-built-above · rel-vol 0.8x · regime FAVORABLE,False,20,9.69,9.5446,10.95,687,13.0,8.67,False
RXRX,3.04,BASING,0.0,0,13,13,3.31,3.25,7,daily,6.91,rel-vol 0.5x · regime FAVORABLE,False,13,3.04,2.9944,3.31,2192,8.88,5.92,False
RZLV,2.4391,BASING,0.0,0,14,14,2.6,2.56,5,weekly,4.96,rel-vol 0.7x · regime FAVORABLE,False,14,2.4391,2.4025,2.6,2733,6.6,4.4,False
S,18.38,BASING,0.0,0,20,20,19.36,19.3,6,daily,5.01,31 bear-built-above · rel-vol 0.6x · regime FAVORABLE,False,20,18.38,18.1043,19.36,362,5.33,3.55,False
SAFX,0.3799,BASING,0.0,0,16,16,0.4138,0.4099,1,weekly,7.9,6 bear-built-above · rel-vol 0.5x · regime FAVORABLE,False,16,0.3799,0.3742,0.4138,17548,8.92,5.95,False
SAIL,16.0,BASING,0.0,0,5,5,18.24,18.21,3,weekly,13.81,1 bear-built-above · rel-vol 1.2x · regime FAVORABLE,False,6,16.0,15.76,18.24,416,14.0,9.33,False
SBET,6.31,BASING,0.0,0,20,20,6.72,6.525,20,weekly,3.41,10 bear-built-above · rel-vol 1.0x · regime FAVORABLE,False,24,6.31,6.2153,6.72,1056,6.5,4.33,False
SERV,4.9,BASING,0.0,0,20,20,5.75,5.61,14,daily,14.49,25 bear-built-above · rel-vol 1.0x · regime FAVORABLE,False,20,4.9,4.8265,5.75,1360,17.35,11.56,False
SES,0.5467,BASING,0.0,0,20,20,0.6261,0.626,1,45m,14.51,14 bear-built-above · rel-vol 1.1x · regime FAVORABLE,False,20,0.5467,0.5385,0.6261,12194,14.52,9.68,False
SEZL,155.0,BASING,0.0,0,20,20,174.24,169.97,428,daily,9.66,20 bear-built-above · rel-vol 0.7x · regime FAVORABLE,True,20,155.0,152.675,174.24,43,12.41,8.28,False
SHMD,4.1,BASING,0.0,0,20,20,4.29,4.24,5,30m,3.41,25 bear-built-above · rel-vol 0.7x · regime FAVORABLE,False,20,4.1,4.0385,4.29,1626,4.63,3.09,False
SHOP,122.97,BASING,0.0,0,19,19,129.045,126.315,273,daily,2.72,38 bear-built-above · rel-vol 1.4x · regime FAVORABLE,False,20,122.97,121.1255,129.045,54,4.94,3.29,False
SHPH,3.01,BASING,0.0,0,17,17,3.55,3.4,15,daily,12.96,12 bear-built-above · rel-vol 0.0x · regime FAVORABLE,False,17,3.01,2.9648,3.55,2214,17.94,11.96,False
SKYQ,4.06,BASING,0.0,0,20,20,4.7,4.19,51,daily,3.2,11 bear-built-above · rel-vol 0.2x · regime FAVORABLE,False,20,4.06,3.9991,4.7,1642,15.76,10.51,False
SLB,48.82,BASING,0.0,0,20,20,55.58,55.37,22,weekly,13.42,29 bear-built-above · rel-vol 0.9x · regime FAVORABLE,False,21,48.82,48.0877,55.58,136,13.85,9.23,False
SLNH,1.33,BASING,0,0,0,0,,,,,0,rel-vol 1.5x · regime FAVORABLE,False,0,1.33,1.3101,1.463,5012,10.0,6.67,False
SLS,10.35,BASING,0.0,0,20,20,11.32,11.26,7,weekly,8.79,14 bear-built-above · rel-vol 0.5x · regime FAVORABLE,False,21,10.35,10.1947,11.32,644,9.37,6.25,False
SMCI,28.66,BASING,0.0,0,18,18,30.62,30.6,2,30m,6.77,24 bear-built-above · rel-vol 0.9x · regime FAVORABLE,False,19,28.66,28.2301,30.62,232,6.84,4.56,False
SMR,8.779,BASING,0.0,0,17,17,9.04,8.87,17,weekly,1.04,7 bear-built-above · rel-vol 1.2x · regime FAVORABLE,False,19,8.779,8.6473,9.04,759,2.97,1.98,False
SNAP,4.73,BASING,0.0,0,5,5,5.16,5.07,9,daily,7.19,rel-vol 0.9x · regime FAVORABLE,True,5,4.73,4.6591,5.16,1409,9.09,6.06,False
SNOW,304.3759,BASING,0.0,0,2,2,306.3,305.7254,58,1m,0.44,2 bear-built-above · rel-vol 1.4x · regime FAVORABLE,True,2,304.3759,299.8103,306.3,21,0.63,0.42,False
SOBR,0.5598,BASING,0.0,0,14,14,0.5871,0.5695,2,daily,1.73,14 bear-built-above · rel-vol 0.0x · regime FAVORABLE,False,14,0.5598,0.5514,0.5871,11909,4.88,3.25,False
SOC,4.3822,BASING,0.0,0,12,12,4.63,4.49,14,daily,2.46,11 bear-built-above · rel-vol 0.7x · regime FAVORABLE,False,12,4.3822,4.3165,4.63,1521,5.65,3.77,False
SOFI,16.57,BASING,0.0,0,16,16,16.88,16.74,15,daily,1.03,9 bear-built-above · rel-vol 0.9x · regime FAVORABLE,False,17,16.57,16.3214,16.88,402,1.87,1.25,False
SOUN,6.21,BASING,0.0,0,12,12,7.12,6.99,13,weekly,12.56,6 bear-built-above · rel-vol 0.8x · regime FAVORABLE,False,12,6.21,6.1168,7.12,1073,14.65,9.77,False
SPCX,114.01,BASING,0.0,0,20,20,131.11,127.43,369,daily,11.77,36 bear-built-above · rel-vol 0.8x · regime FAVORABLE,False,20,114.01,112.2999,131.11,58,15.0,10.0,False
SPRO,1.25,BASING,0.0,0,13,13,1.44,1.43,2,daily,14.4,9 bear-built-above · rel-vol 0.2x · regime FAVORABLE,False,13,1.25,1.2312,1.44,5333,15.2,10.13,False
SRXH,1.55,BASING,0.0,0,14,14,4.41,1.64,278,15m,5.81,2 bear-built-above · rel-vol 0.2x · regime FAVORABLE,False,14,1.55,1.5268,4.41,4301,184.52,123.01,False
STAK,2.16,BASING,0.0,0,4,4,2.4714,2.47,1,1m,14.35,3 bear-built-above · rel-vol 1.5x · regime FAVORABLE,True,4,2.16,2.1276,2.4714,3086,14.42,9.61,False
STLA,5.89,BASING,0.0,0,9,9,6.34,6.3,5,weekly,6.96,rel-vol 2.0x · regime FAVORABLE,False,9,5.89,5.8016,6.34,1131,7.64,5.09,False
STM,54.41,BASING,0.0,0,13,13,67.47,59.7,777,45m,9.72,8 bear-built-above · rel-vol 0.9x · regime FAVORABLE,False,13,54.41,53.5938,67.47,122,24.0,16.0,False
STTK,7.21,BASING,0.0,0,4,4,7.43,7.37,6,weekly,2.22,4 bear-built-above · rel-vol 0.5x · regime FAVORABLE,True,8,7.21,7.1018,7.43,924,3.05,2.03,False
STUB,8.62,BASING,0.0,0,8,8,9.25,9.22,3,weekly,6.96,6 bear-built-above · rel-vol 0.8x · regime FAVORABLE,False,8,8.62,8.4907,9.25,773,7.31,4.87,False
SYRE,102.3,BASING,0.0,0,2,2,102.65,102.63,3,10m,0.32,2 bear-built-above · rel-vol 0.8x · regime FAVORABLE,True,2,102.3,100.7655,102.65,65,0.34,0.23,False
T,23.13,BASING,0.0,0,19,19,23.94,23.41,54,daily,1.21,53 bear-built-above · rel-vol 0.6x · regime FAVORABLE,False,20,23.13,22.783,23.94,288,3.5,2.33,False
TEAM,97.5,BASING,0.0,0,20,20,114.18,109.1,509,daily,11.9,46 bear-built-above · rel-vol 1.0x · regime FAVORABLE,False,23,97.5,96.0375,114.18,68,17.11,11.41,False
TECK,62.89,BASING,0.0,0,16,16,64.36,63.32,104,weekly,0.68,rel-vol 1.3x · regime FAVORABLE,False,20,62.89,61.9466,64.36,106,2.34,1.56,False
TFC,52.01,BASING,0.0,0,15,15,53.65,53.645,1,1h,3.14,12 bear-built-above · rel-vol 1.1x · regime FAVORABLE,True,15,52.01,51.2298,53.65,128,3.15,2.1,False
TGB,7.08,BASING,0.0,0,17,17,7.58,7.37,21,daily,4.1,19 bear-built-above · rel-vol 2.0x · regime FAVORABLE,False,17,7.08,6.9738,7.58,941,7.06,4.71,False
TLRY,4.22,BASING,0.0,0,20,20,4.62,4.6,3,weekly,9.0,11 bear-built-above · rel-vol 1.7x · regime FAVORABLE,False,20,4.22,4.1567,4.62,1579,9.48,6.32,False
TMHC,72.45,BASING,0.0,0,2,2,73.87,73.47,41,daily,1.41,1 bear-built-above · rel-vol 3.1x · regime FAVORABLE,False,6,72.45,71.3633,73.87,92,1.96,1.31,False
TNDM,19.0503,BASING,0.0,0,1,1,22.22,21.35,87,1h,12.07,rel-vol 1.3x · regime FAVORABLE,True,1,19.0503,18.7645,22.22,349,16.64,11.09,False
TOI,5.11,BASING,0.0,0,20,20,5.35,5.27,9,weekly,3.13,21 bear-built-above · rel-vol 0.6x · regime FAVORABLE,False,21,5.11,5.0334,5.35,1304,4.7,3.13,False
TOST,32.5,BASING,0.0,0,3,3,33.5,33.39,11,daily,2.74,rel-vol 0.9x · regime FAVORABLE,True,5,32.5,32.0125,33.5,205,3.08,2.05,False
TREX,43.93,BASING,0.0,0,16,16,50.04,49.55,50,daily,12.79,5 bear-built-above · rel-vol 1.2x · regime FAVORABLE,True,16,43.93,43.2711,50.04,151,13.91,9.27,False
TSCO,30.0387,BASING,0.0,0,19,19,33.83,33.6,23,weekly,11.86,35 bear-built-above · rel-vol 0.8x · regime FAVORABLE,False,19,30.0387,29.5881,33.83,221,12.62,8.41,False
TSEM,219.6052,BASING,0.0,0,20,20,249.87,248.995,88,10m,13.38,17 bear-built-above · rel-vol 0.9x · regime FAVORABLE,False,21,219.6052,216.3111,249.87,30,13.78,9.19,False
TSHA,5.856,BASING,0.0,0,20,20,6.34,6.29,5,weekly,7.41,1 bear-built-above · rel-vol 1.1x · regime FAVORABLE,False,22,5.856,5.7682,6.34,1138,8.27,5.51,False
TSLA,316.7066,BASING,0.0,0,16,16,374.01,341.0,3301,daily,7.67,9 bear-built-above · rel-vol 0.9x · regime FAVORABLE,False,16,316.7066,311.956,374.01,21,18.09,12.06,False
TTD,18.26,BASING,0.0,0,20,20,18.67,18.4,28,daily,0.77,19 bear-built-above · rel-vol 1.4x · regime FAVORABLE,False,20,18.26,17.9861,18.67,365,2.25,1.5,False
TWST,92.13,BASING,0.0,0,7,7,99.24,96.8,244,weekly,5.07,4 bear-built-above · rel-vol 1.2x · regime FAVORABLE,True,7,92.13,90.748,99.24,72,7.72,5.14,False
TXG,48.964,BASING,0.0,0,9,9,49.83,49.81,2,45m,1.73,9 bear-built-above · rel-vol 0.8x · regime FAVORABLE,True,9,48.964,48.2295,49.83,136,1.77,1.18,False
U,33.23,BASING,0.0,0,9,9,38.4,37.9,50,daily,14.05,8 bear-built-above · rel-vol 1.2x · regime FAVORABLE,True,9,33.23,32.7315,38.4,200,15.56,10.37,False
UA,6.7929,BASING,0.0,0,20,20,7.08,6.85,24,daily,0.84,22 bear-built-above · rel-vol 0.9x · regime FAVORABLE,False,21,6.7929,6.691,7.08,981,4.23,2.82,False
UAMY,5.22,BASING,0.0,0,20,20,5.8,5.63,17,daily,7.85,25 bear-built-above · rel-vol 0.9x · regime FAVORABLE,False,20,5.22,5.1417,5.8,1277,11.11,7.41,False
UBER,70.58,BASING,0.0,0,20,20,73.675,73.26,42,daily,3.8,15 bear-built-above · rel-vol 0.9x · regime FAVORABLE,False,20,70.58,69.5213,73.675,94,4.39,2.92,False
ULCC,6.2,BASING,0.0,0,10,10,6.86,6.8141,5,45m,9.9,rel-vol 1.3x · regime FAVORABLE,False,12,6.2,6.107,6.86,1075,10.65,7.1,False
UPST,27.4,BASING,0.0,0,19,19,30.88,29.75,113,daily,8.58,32 bear-built-above · rel-vol 1.1x · regime FAVORABLE,False,19,27.4,26.989,30.88,243,12.7,8.47,False
UPWK,9.42,BASING,0.0,0,20,20,10.585,10.41,18,45m,10.51,28 bear-built-above · rel-vol 1.2x · regime FAVORABLE,False,21,9.42,9.2787,10.585,707,12.37,8.24,False
URG,1.23,BASING,0.0,0,16,16,1.4,1.39,2,daily,13.01,17 bear-built-above · rel-vol 1.2x · regime FAVORABLE,False,16,1.23,1.2115,1.4,5420,13.82,9.21,False
URGN,41.09,BASING,0.0,0,20,20,43.78,43.46,33,30m,5.77,20 bear-built-above · rel-vol 1.0x · regime FAVORABLE,False,20,41.09,40.4737,43.78,162,6.55,4.36,False
USAR,15.0646,BASING,0.0,0,15,15,17.31,16.87,44,daily,11.98,15 bear-built-above · rel-vol 1.1x · regime FAVORABLE,False,15,15.0646,14.8386,17.31,442,14.91,9.94,False
USB,62.84,BASING,0.0,0,20,20,64.5835,64.01,58,1h,1.86,25 bear-built-above · rel-vol 0.9x · regime FAVORABLE,False,20,62.84,61.8974,64.5835,106,2.77,1.85,False
UUUU,11.87,BASING,0.0,0,19,19,13.58,13.5,9,weekly,13.73,17 bear-built-above · rel-vol 0.8x · regime FAVORABLE,False,19,11.87,11.6919,13.58,561,14.41,9.6,False
UWMC,1.8701,BASING,0.0,0,14,14,1.9,1.89,2,30m,1.06,9 bear-built-above · rel-vol 1.1x · regime FAVORABLE,False,14,1.8701,1.842,1.9,3564,1.6,1.07,False
VCYT,53.0,BASING,0.0,0,18,18,60.9744,59.7,128,1h,12.64,10 bear-built-above · rel-vol 1.5x · regime FAVORABLE,False,21,53.0,52.205,60.9744,125,15.05,10.03,False
VEEE,12.6995,BASING,0.0,0,20,20,14.9,13.25,166,daily,4.33,16 bear-built-above · rel-vol 0.0x · regime FAVORABLE,False,20,12.6995,12.509,14.9,524,17.33,11.55,False
VG,13.09,BASING,0.0,0,20,20,15.7,14.44,126,daily,10.31,20 bear-built-above · rel-vol 0.6x · regime FAVORABLE,False,21,13.09,12.8936,15.7,509,19.94,13.29,False
VIVK,1.98,BASING,0.0,0,19,19,2.4,2.07,34,daily,4.55,14 bear-built-above · rel-vol 0.3x · regime FAVORABLE,False,19,1.98,1.9503,2.4,3367,21.21,14.14,False
VLN,1.6,BASING,0.0,0,20,20,1.73,1.72,2,daily,7.5,8 bear-built-above · rel-vol 0.6x · regime FAVORABLE,False,22,1.6,1.576,1.73,4166,8.12,5.42,False
VMAR,0.6932,BASING,0.0,0,16,16,0.7245,0.7099,2,45m,2.41,11 bear-built-above · rel-vol 0.1x · regime FAVORABLE,False,16,0.6932,0.6828,0.7245,9617,4.52,3.01,False
VRNS,39.92,BASING,0.0,0,20,20,44.67,42.68,200,daily,6.91,21 bear-built-above · rel-vol 1.1x · regime FAVORABLE,False,20,39.92,39.3212,44.67,167,11.9,7.93,False
VSAT,79.13,BASING,0.0,0,16,16,83.8,81.51,229,daily,3.01,rel-vol 1.0x · regime FAVORABLE,True,16,79.13,77.943,83.8,84,5.9,3.93,False
VST,152.0,BASING,0.0,0,20,20,173.89,170.2,369,daily,11.97,41 bear-built-above · rel-vol 1.1x · regime FAVORABLE,False,20,152.0,149.72,173.89,43,14.4,9.6,False
VTAK,0.2712,BASING,0.0,0,20,20,0.2828,0.2802,1,daily,3.32,24 bear-built-above · rel-vol 0.0x · regime FAVORABLE,False,20,0.2712,0.2671,0.2828,24582,4.28,2.85,False
VUZI,2.3581,BASING,0.0,0,12,12,2.72,2.68,5,daily,13.65,5 bear-built-above · rel-vol 1.0x · regime FAVORABLE,False,12,2.3581,2.3227,2.72,2827,15.35,10.23,False
VZ,46.01,BASING,0.0,0,20,20,47.22,46.4,83,daily,0.85,22 bear-built-above · rel-vol 0.7x · regime FAVORABLE,False,22,46.01,45.3198,47.22,144,2.63,1.75,False
WAY,20.95,BASING,0.0,0,18,18,23.54,21.47,208,daily,2.48,6 bear-built-above · rel-vol 2.3x · regime FAVORABLE,False,18,20.95,20.6357,23.54,318,12.36,8.24,False
WBD,25.44,BASING,0.0,0,17,17,25.77,25.5,27,weekly,0.24,32 bear-built-above · rel-vol 1.0x · regime FAVORABLE,False,17,25.44,25.0584,25.77,262,1.3,0.86,False
WDAY,153.92,BASING,0.0,0,19,19,173.38,170.065,332,daily,10.49,57 bear-built-above · rel-vol 1.4x · regime FAVORABLE,False,19,153.92,151.6112,173.38,43,12.64,8.43,False
WDC,557.0,BASING,0.0,0,20,20,632.44,604.555,2789,daily,8.54,7 bear-built-above · rel-vol 1.1x · regime FAVORABLE,True,22,557.0,548.645,632.44,11,13.54,9.03,False
WEN,7.48,BASING,0.0,0,14,14,8.6,8.475,13,daily,13.3,6 bear-built-above · rel-vol 0.5x · regime FAVORABLE,False,14,7.48,7.3678,8.6,891,14.97,9.98,False
WFC,85.3672,BASING,0.0,0,18,18,95.81,94.96,86,daily,11.24,9 bear-built-above · rel-vol 0.9x · regime FAVORABLE,True,18,85.3672,84.0867,95.81,78,12.23,8.16,False
WIX,56.0,BASING,0.0,0,20,20,57.28,57.07,22,1h,1.91,29 bear-built-above · rel-vol 1.4x · regime FAVORABLE,False,20,56.0,55.16,57.28,119,2.29,1.52,False
WMT,110.6606,BASING,0.0,0,20,20,130.85,124.408,645,daily,12.42,60 bear-built-above · rel-vol 1.3x · regime FAVORABLE,False,20,110.6606,109.0007,130.85,60,18.24,12.16,False
WNC,12.4,BASING,0.0,0,15,15,14.07,13.65,42,30m,10.08,10 bear-built-above · rel-vol 0.9x · regime FAVORABLE,True,16,12.4,12.214,14.07,537,13.47,8.98,False
WOK,1.96,BASING,0.0,0,8,8,2.29,2.05,25,weekly,4.59,4 bear-built-above · rel-vol 0.1x · regime FAVORABLE,False,8,1.96,1.9306,2.29,3401,16.84,11.22,False
WOLF,25.02,BASING,0.0,0,19,19,29.27,28.4,88,daily,13.51,19 bear-built-above · rel-vol 1.5x · regime FAVORABLE,False,22,25.02,24.6447,29.27,266,16.99,11.32,False
WULF,18.55,BASING,0.0,0,19,19,18.75,18.68,8,30m,0.7,19 bear-built-above · rel-vol 1.1x · regime FAVORABLE,False,19,18.55,18.2718,18.75,359,1.08,0.72,False
WYFI,27.99,BASING,0.0,0,7,7,28.945,28.86,9,4h,3.11,2 bear-built-above · rel-vol 0.8x · regime FAVORABLE,False,10,27.99,27.5701,28.945,238,3.41,2.27,False
XE,17.45,BASING,0.0,0,3,3,19.43,19.41,2,30m,11.23,rel-vol 1.1x · regime FAVORABLE,False,3,17.45,17.1883,19.43,382,11.35,7.56,False
XMTR,85.01,BASING,0.0,0,20,20,98.44,95.644,280,daily,12.51,10 bear-built-above · rel-vol 0.6x · regime FAVORABLE,False,21,85.01,83.7349,98.44,78,15.8,10.53,False
XNCR,21.49,BASING,0.0,0,4,4,23.43,22.83,61,daily,6.24,2 bear-built-above · rel-vol 1.5x · regime FAVORABLE,True,4,21.49,21.1676,23.43,310,9.03,6.02,False
XNDU,11.04,BASING,0.0,0,8,8,11.7,11.64,6,4h,5.43,1 bear-built-above · rel-vol 1.1x · regime FAVORABLE,False,8,11.04,10.8744,11.7,603,5.98,3.99,False
XOM,157.2,BASING,0.0,0,11,11,169.66,165.77,389,daily,5.45,4 bear-built-above · rel-vol 0.9x · regime FAVORABLE,False,13,157.2,154.842,169.66,42,7.93,5.28,False
XP,17.2,BASING,0.0,0,19,19,18.47,18.385,9,daily,6.89,1 bear-built-above · rel-vol 0.7x · regime FAVORABLE,False,19,17.2,16.942,18.47,387,7.38,4.92,False
ZBAO,0.1711,BASING,0.0,0,10,10,0.1937,0.175,2,weekly,2.28,9 bear-built-above · rel-vol 0.1x · regime FAVORABLE,False,10,0.1711,0.1685,0.1937,38963,13.21,8.81,False
ZBIO,32.27,BASING,0.0,0,12,12,33.47,32.9849,49,1h,2.22,12 bear-built-above · rel-vol 0.9x · regime FAVORABLE,False,12,32.27,31.786,33.47,206,3.72,2.48,False
ZCMD,1.16,BASING,0.0,0,2,2,1.21,1.19,3,15m,2.59,2 bear-built-above · rel-vol 0.4x · regime FAVORABLE,False,2,1.16,1.1426,1.21,5747,4.31,2.87,False
ZENA,1.32,BASING,0.0,0,18,18,1.51,1.5,2,daily,13.64,17 bear-built-above · rel-vol 0.7x · regime FAVORABLE,False,18,1.32,1.3002,1.51,5050,14.39,9.6,False
ZETA,21.36,BASING,0.0,0,20,20,25.25,24.545,71,daily,14.91,26 bear-built-above · rel-vol 0.6x · regime FAVORABLE,True,22,21.36,21.0396,25.25,312,18.21,12.14,False
ZGN,14.85,BASING,0.0,0,12,12,14.89,14.87,3,1h,0.13,11 bear-built-above · rel-vol 0.8x · regime FAVORABLE,False,12,14.85,14.6273,14.89,448,0.27,0.18,False
