system,row_dim,row_value,col_dim,col_value,n,wins,stops,closes,wr,total_r,ev_r,ev_dollars,trust
FEM,score-band,80-89,mode,PULLBACK,52,4,30,13,8.5,-24.02,-0.462,-46.2,AVOID
FEM,score-band,70-79,mode,PULLBACK,37,4,14,15,12.1,-11.7,-0.316,-31.6,AVOID
FEM,score-band,90+,mode,PULLBACK,202,193,0,9,95.5,250.1,1.238,123.8,TRUSTED
FEM,score-band,80-89,mode,BREAKOUT,5,0,1,4,0.0,-1.42,-0.284,-28.4,TENTATIVE
FEM,score-band,90+,mode,BREAKOUT,18,17,0,1,94.4,16.49,0.916,91.6,TENTATIVE
FEM,score-band,70-79,mode,BOUNCE,18,1,9,8,5.6,-8.96,-0.498,-49.8,TENTATIVE
FEM,score-band,90+,mode,BOUNCE,222,187,0,35,84.2,268.93,1.211,121.1,TRUSTED
FEM,score-band,60-69,mode,PULLBACK,18,2,10,5,11.8,-5.11,-0.284,-28.4,TENTATIVE
FEM,score-band,60-69,mode,BREAKOUT,4,0,1,3,0.0,-1.66,-0.415,-41.5,TENTATIVE
FEM,score-band,60-69,mode,BOUNCE,24,0,5,18,0.0,-8.87,-0.37,-37.0,AVOID
FEM,score-band,80-89,mode,BOUNCE,39,1,12,23,2.8,-13.96,-0.358,-35.8,AVOID
FEM,score-band,70-79,mode,BREAKOUT,2,0,0,2,0.0,-0.68,-0.34,-34.0,TENTATIVE
FEM,score-band,80-89,tier,T3-LONG_WATCH,29,2,15,10,7.4,-16.6,-0.572,-57.2,AVOID
FEM,score-band,70-79,tier,T3-LONG_WATCH,16,1,7,8,6.2,-8.3,-0.519,-51.9,TENTATIVE
FEM,score-band,90+,tier,T1-STRONG_LONG,282,250,0,32,88.7,380.95,1.351,135.1,TRUSTED
FEM,score-band,80-89,tier,T2-LONG,38,1,19,16,2.8,-16.67,-0.439,-43.9,AVOID
FEM,score-band,70-79,tier,T2-LONG,30,2,12,14,7.1,-12.23,-0.408,-40.8,AVOID
FEM,score-band,90+,tier,T2-LONG,130,118,0,12,90.8,113.74,0.875,87.5,TRUSTED
FEM,score-band,90+,tier,T3-LONG_WATCH,30,29,0,1,96.7,40.83,1.361,136.1,TRUSTED
FEM,score-band,60-69,tier,T2-LONG,31,1,8,21,3.3,-6.8,-0.219,-21.9,AVOID
FEM,score-band,80-89,tier,T1-STRONG_LONG,29,2,9,14,8.0,-6.13,-0.211,-21.1,AVOID
FEM,score-band,70-79,tier,T1-STRONG_LONG,11,2,4,3,22.2,-0.81,-0.074,-7.4,TENTATIVE
FEM,score-band,60-69,tier,T3-LONG_WATCH,12,0,7,4,0.0,-9.37,-0.781,-78.1,TENTATIVE
FEM,score-band,60-69,tier,T1-STRONG_LONG,3,1,1,1,33.3,0.53,0.177,17.7,TENTATIVE
FEM,tier,T3-LONG_WATCH,mode,PULLBACK,70,19,19,18,33.9,-0.12,-0.002,-0.2,NEUTRAL
FEM,tier,T1-STRONG_LONG,mode,PULLBACK,149,127,7,11,87.6,182.7,1.226,122.6,TRUSTED
FEM,tier,T2-LONG,mode,BREAKOUT,16,8,0,7,53.3,4.83,0.302,30.2,TENTATIVE
FEM,tier,T3-LONG_WATCH,mode,BREAKOUT,13,4,4,4,33.3,0.72,0.055,5.5,TENTATIVE
FEM,tier,T2-LONG,mode,PULLBACK,117,57,28,26,51.4,24.16,0.206,20.6,TRUSTED
FEM,tier,T1-STRONG_LONG,mode,BREAKOUT,7,5,0,2,71.4,7.42,1.06,106.0,TENTATIVE
FEM,tier,T3-LONG_WATCH,mode,BOUNCE,38,9,11,14,26.5,-1.04,-0.027,-2.7,NEUTRAL
FEM,tier,T2-LONG,mode,BOUNCE,118,58,11,46,50.4,50.65,0.429,42.9,TRUSTED
FEM,tier,T1-STRONG_LONG,mode,BOUNCE,169,123,7,37,73.7,184.42,1.091,109.1,TRUSTED
FAM,score-band,90+,setup,BULL_BOUNCE_PENDING,572,35,141,337,6.8,-80.35,-0.14,-14.0,AVOID
FAM,score-band,80-89,setup,BULL_BOUNCE_PENDING,1267,94,282,621,9.4,-225.42,-0.178,-17.8,AVOID
FAM,score-band,80-89,setup,DOUBLE_REJECTION_SHORT,17,0,12,5,0.0,-7.14,-0.42,-42.0,TENTATIVE
FAM,score-band,80-89,setup,BEAR_REJECTION_PENDING,621,36,121,244,9.0,-14.75,-0.024,-2.4,NEUTRAL
FAM,score-band,70-79,setup,DOUBLE_REJECTION_SHORT,37,1,33,3,2.7,-29.66,-0.802,-80.2,AVOID
FAM,score-band,70-79,setup,BULL_BOUNCE_PENDING,2493,161,558,1163,8.6,-451.52,-0.181,-18.1,AVOID
FAM,score-band,70-79,setup,BEAR_REJECTION_PENDING,1517,75,300,565,8.0,-87.61,-0.058,-5.8,NEUTRAL
FAM,score-band,70-79,setup,BULL_BOUNCE_CONFIRMED,352,32,80,198,10.3,-36.92,-0.105,-10.5,AVOID
FAM,score-band,70-79,setup,CHANNEL_GAP_BREAKOUT_LONG,14,1,9,4,7.1,-6.54,-0.467,-46.7,TENTATIVE
FAM,score-band,60-69,setup,BULL_BOUNCE_PENDING,3541,319,627,1125,15.4,68.68,0.019,1.9,NEUTRAL
FAM,score-band,60-69,setup,DOUBLE_REJECTION_SHORT,7,0,4,3,0.0,-2.81,-0.401,-40.1,TENTATIVE
FAM,score-band,60-69,setup,BEAR_REJECTION_PENDING,3025,243,808,947,12.2,-151.56,-0.05,-5.0,NEUTRAL
FAM,score-band,60-69,setup,CHANNEL_GAP_BREAKOUT_LONG,24,3,15,6,12.5,-11.18,-0.466,-46.6,AVOID
FAM,score-band,60-69,setup,BULL_BOUNCE,551,93,43,297,21.5,72.64,0.132,13.2,TRUSTED
FAM,score-band,90+,setup,DOUBLE_REJECTION_SHORT,3,0,2,1,0.0,-1.53,-0.51,-51.0,TENTATIVE
FAM,score-band,80-89,setup,CHANNEL_GAP_BREAKOUT_LONG,30,2,21,5,7.1,-17.73,-0.591,-59.1,AVOID
FAM,score-band,60-69,setup,CHANNEL_RECLAIM_LONG,106,16,26,61,15.5,0.11,0.001,0.1,NEUTRAL
FAM,score-band,80-89,setup,BULL_BOUNCE_CONFIRMED,130,14,12,87,12.4,7.1,0.055,5.5,NEUTRAL
FAM,score-band,70-79,setup,BULL_BOUNCE,428,68,37,248,19.3,65.43,0.153,15.3,TRUSTED
FAM,score-band,90+,setup,CHANNEL_GAP_BREAKOUT_LONG,1,1,0,0,100.0,1.5,1.5,150.0,TENTATIVE
FAM,score-band,80-89,setup,BULL_BOUNCE,48,1,0,41,2.4,1.44,0.03,3.0,NEUTRAL
FAM,score-band,60-69,setup,BULL_BOUNCE_CONFIRMED,312,24,73,172,8.9,-43.86,-0.141,-14.1,AVOID
FAM,score-band,60-69,setup,CHANNEL_GAP_BREAKDOWN_SHORT,2,0,2,0,0.0,-2.0,-1.0,-100.0,TENTATIVE
FAM,score-band,90+,setup,BULL_BOUNCE_CONFIRMED,21,1,4,7,8.3,-3.17,-0.151,-15.1,AVOID
FAM,score-band,70-79,setup,CHANNEL_BREAKOUT,4,0,3,1,0.0,-2.81,-0.703,-70.3,TENTATIVE
FAM,score-band,60-69,setup,SHORT_UPPER_DIRTY,32,7,15,6,25.0,-3.68,-0.115,-11.5,AVOID
FAM,score-band,60-69,setup,BUY_LOWER_DIRTY,29,9,11,7,33.3,2.97,0.102,10.2,TRUSTED
FAM,score-band,80-89,setup,DOUBLE_REJECTION_LONG,3,0,2,1,0.0,-2.11,-0.703,-70.3,TENTATIVE
FAM,score-band,70-79,setup,DOUBLE_REJECTION_LONG,7,0,4,1,0.0,-4.0,-0.571,-57.1,TENTATIVE
FAM,score-band,60-69,setup,CHANNEL_BREAKOUT,25,2,18,1,9.5,-14.22,-0.569,-56.9,AVOID
FAM,score-band,60-69,setup,DCB_BREAKOUT,5,0,4,1,0.0,-3.83,-0.766,-76.6,TENTATIVE
FAM,score-band,90+,setup,BEAR_REJECTION_PENDING,258,7,34,139,3.9,-1.76,-0.007,-0.7,NEUTRAL
FAM,score-band,60-69,setup,DOUBLE_REJECTION_LONG,6,0,3,0,0.0,-3.0,-0.5,-50.0,TENTATIVE
FAM,score-band,60-69,setup,CHANNEL_TOP_REJECT,8,4,0,0,100.0,6.0,0.75,75.0,TENTATIVE
FAM,score-band,70-79,setup,CHANNEL_GAP_BREAKDOWN_SHORT,4,0,2,1,0.0,-2.23,-0.557,-55.7,TENTATIVE
FAM,score-band,60-69,setup,CHANNEL_BREAKDOWN_SHORT,2,0,1,0,0.0,-1.0,-0.5,-50.0,TENTATIVE
